-454,-34,mbg4mmWmTEOvAcH4JY2OXSE49fc=,ep5uPt/OEBAZyJJjeAfx5HygwQ4=
-453,-34,mbg4mmWmTEOvAcH4JY2OXSE49fc=,ep5uPt/OEBAZyJJjeAfx5HygwQ4=
-453,-35,mbg4mmWmTEOvAcH4JY2OXSE49fc=,ep5uPt/OEBAZyJJjeAfx5HygwQ4=
-455,-34,mbg4mmWmTEOvAcH4JY2OXSE49fc=,ep5uPt/OEBAZyJJjeAfx5HygwQ4=
-454,-35,mbg4mmWmTEOvAcH4JY2OXSE49fc=,ep5uPt/OEBAZyJJjeAfx5HygwQ4=
-455,-35,mbg4mmWmTEOvAcH4JY2OXSE49fc=,ep5uPt/OEBAZyJJjeAfx5HygwQ4=
-455,-36,mbg4mmWmTEOvAcH4JY2OXSE49fc=,ep5uPt/OEBAZyJJjeAfx5HygwQ4=
-454,-36,mbg4mmWmTEOvAcH4JY2OXSE49fc=,ep5uPt/OEBAZyJJjeAfx5HygwQ4=
-454,-38,mbg4mmWmTEOvAcH4JY2OXSE49fc=,ep5uPt/OEBAZyJJjeAfx5HygwQ4=
-455,-39,mbg4mmWmTEOvAcH4JY2OXSE49fc=,ep5uPt/OEBAZyJJjeAfx5HygwQ4=
-454,-39,mbg4mmWmTEOvAcH4JY2OXSE49fc=,ep5uPt/OEBAZyJJjeAfx5HygwQ4=
-455,-37,mbg4mmWmTEOvAcH4JY2OXSE49fc=,ep5uPt/OEBAZyJJjeAfx5HygwQ4=
-454,-37,mbg4mmWmTEOvAcH4JY2OXSE49fc=,ep5uPt/OEBAZyJJjeAfx5HygwQ4=
-455,-38,mbg4mmWmTEOvAcH4JY2OXSE49fc=,ep5uPt/OEBAZyJJjeAfx5HygwQ4=
-454,-42,POFlVvpNjf8PRvjkv5CR/s9sGBM=,ep5uPt/OEBAZyJJjeAfx5HygwQ4=
-455,-43,POFlVvpNjf8PRvjkv5CR/s9sGBM=,ep5uPt/OEBAZyJJjeAfx5HygwQ4=
-455,-40,POFlVvpNjf8PRvjkv5CR/s9sGBM=,ep5uPt/OEBAZyJJjeAfx5HygwQ4=
-455,-42,POFlVvpNjf8PRvjkv5CR/s9sGBM=,ep5uPt/OEBAZyJJjeAfx5HygwQ4=
-454,-41,POFlVvpNjf8PRvjkv5CR/s9sGBM=,ep5uPt/OEBAZyJJjeAfx5HygwQ4=
-455,-41,POFlVvpNjf8PRvjkv5CR/s9sGBM=,ep5uPt/OEBAZyJJjeAfx5HygwQ4=
-454,-40,POFlVvpNjf8PRvjkv5CR/s9sGBM=,ep5uPt/OEBAZyJJjeAfx5HygwQ4=
-454,-43,POFlVvpNjf8PRvjkv5CR/s9sGBM=,ep5uPt/OEBAZyJJjeAfx5HygwQ4=
-463,-39,POFlVvpNjf8PRvjkv5CR/s9sGBM=,ep5uPt/OEBAZyJJjeAfx5HygwQ4=
-462,-39,POFlVvpNjf8PRvjkv5CR/s9sGBM=,ep5uPt/OEBAZyJJjeAfx5HygwQ4=
-463,-38,POFlVvpNjf8PRvjkv5CR/s9sGBM=,ep5uPt/OEBAZyJJjeAfx5HygwQ4=
-462,-38,POFlVvpNjf8PRvjkv5CR/s9sGBM=,ep5uPt/OEBAZyJJjeAfx5HygwQ4=
-463,-42,POFlVvpNjf8PRvjkv5CR/s9sGBM=,ep5uPt/OEBAZyJJjeAfx5HygwQ4=
-462,-42,POFlVvpNjf8PRvjkv5CR/s9sGBM=,ep5uPt/OEBAZyJJjeAfx5HygwQ4=
-463,-41,POFlVvpNjf8PRvjkv5CR/s9sGBM=,ep5uPt/OEBAZyJJjeAfx5HygwQ4=
-462,-41,POFlVvpNjf8PRvjkv5CR/s9sGBM=,ep5uPt/OEBAZyJJjeAfx5HygwQ4=
-463,-40,POFlVvpNjf8PRvjkv5CR/s9sGBM=,ep5uPt/OEBAZyJJjeAfx5HygwQ4=
-462,-40,POFlVvpNjf8PRvjkv5CR/s9sGBM=,ep5uPt/OEBAZyJJjeAfx5HygwQ4=
-463,-43,POFlVvpNjf8PRvjkv5CR/s9sGBM=,ep5uPt/OEBAZyJJjeAfx5HygwQ4=
-462,-43,POFlVvpNjf8PRvjkv5CR/s9sGBM=,ep5uPt/OEBAZyJJjeAfx5HygwQ4=
-463,-44,POFlVvpNjf8PRvjkv5CR/s9sGBM=,ep5uPt/OEBAZyJJjeAfx5HygwQ4=
-462,-44,POFlVvpNjf8PRvjkv5CR/s9sGBM=,ep5uPt/OEBAZyJJjeAfx5HygwQ4=
-463,-37,POFlVvpNjf8PRvjkv5CR/s9sGBM=,ep5uPt/OEBAZyJJjeAfx5HygwQ4=
-462,-37,POFlVvpNjf8PRvjkv5CR/s9sGBM=,ep5uPt/OEBAZyJJjeAfx5HygwQ4=
-463,-36,POFlVvpNjf8PRvjkv5CR/s9sGBM=,ep5uPt/OEBAZyJJjeAfx5HygwQ4=
-462,-36,POFlVvpNjf8PRvjkv5CR/s9sGBM=,ep5uPt/OEBAZyJJjeAfx5HygwQ4=
-464,-35,POFlVvpNjf8PRvjkv5CR/s9sGBM=,ep5uPt/OEBAZyJJjeAfx5HygwQ4=
-463,-35,POFlVvpNjf8PRvjkv5CR/s9sGBM=,ep5uPt/OEBAZyJJjeAfx5HygwQ4=
-462,-35,POFlVvpNjf8PRvjkv5CR/s9sGBM=,ep5uPt/OEBAZyJJjeAfx5HygwQ4=
-461,-35,POFlVvpNjf8PRvjkv5CR/s9sGBM=,ep5uPt/OEBAZyJJjeAfx5HygwQ4=
-464,-34,POFlVvpNjf8PRvjkv5CR/s9sGBM=,ep5uPt/OEBAZyJJjeAfx5HygwQ4=
-463,-34,POFlVvpNjf8PRvjkv5CR/s9sGBM=,ep5uPt/OEBAZyJJjeAfx5HygwQ4=
-462,-34,POFlVvpNjf8PRvjkv5CR/s9sGBM=,ep5uPt/OEBAZyJJjeAfx5HygwQ4=
-461,-34,POFlVvpNjf8PRvjkv5CR/s9sGBM=,ep5uPt/OEBAZyJJjeAfx5HygwQ4=
-463,-33,POFlVvpNjf8PRvjkv5CR/s9sGBM=,ep5uPt/OEBAZyJJjeAfx5HygwQ4=
-462,-33,POFlVvpNjf8PRvjkv5CR/s9sGBM=,ep5uPt/OEBAZyJJjeAfx5HygwQ4=
-455,-44,POFlVvpNjf8PRvjkv5CR/s9sGBM=,ep5uPt/OEBAZyJJjeAfx5HygwQ4=
-454,-44,POFlVvpNjf8PRvjkv5CR/s9sGBM=,ep5uPt/OEBAZyJJjeAfx5HygwQ4=
-455,-33,POFlVvpNjf8PRvjkv5CR/s9sGBM=,ep5uPt/OEBAZyJJjeAfx5HygwQ4=
-454,-33,POFlVvpNjf8PRvjkv5CR/s9sGBM=,ep5uPt/OEBAZyJJjeAfx5HygwQ4=
-453,-33,POFlVvpNjf8PRvjkv5CR/s9sGBM=,ep5uPt/OEBAZyJJjeAfx5HygwQ4=
-464,-42,POFlVvpNjf8PRvjkv5CR/s9sGBM=,ep5uPt/OEBAZyJJjeAfx5HygwQ4=
-464,-43,POFlVvpNjf8PRvjkv5CR/s9sGBM=,ep5uPt/OEBAZyJJjeAfx5HygwQ4=
-464,-37,POFlVvpNjf8PRvjkv5CR/s9sGBM=,ep5uPt/OEBAZyJJjeAfx5HygwQ4=
-464,-36,POFlVvpNjf8PRvjkv5CR/s9sGBM=,ep5uPt/OEBAZyJJjeAfx5HygwQ4=
-464,-41,POFlVvpNjf8PRvjkv5CR/s9sGBM=,ep5uPt/OEBAZyJJjeAfx5HygwQ4=
-464,-40,POFlVvpNjf8PRvjkv5CR/s9sGBM=,ep5uPt/OEBAZyJJjeAfx5HygwQ4=
-464,-39,POFlVvpNjf8PRvjkv5CR/s9sGBM=,ep5uPt/OEBAZyJJjeAfx5HygwQ4=
-464,-38,POFlVvpNjf8PRvjkv5CR/s9sGBM=,ep5uPt/OEBAZyJJjeAfx5HygwQ4=
-464,-33,POFlVvpNjf8PRvjkv5CR/s9sGBM=,ep5uPt/OEBAZyJJjeAfx5HygwQ4=
-453,-42,POFlVvpNjf8PRvjkv5CR/s9sGBM=,ep5uPt/OEBAZyJJjeAfx5HygwQ4=
-453,-43,POFlVvpNjf8PRvjkv5CR/s9sGBM=,ep5uPt/OEBAZyJJjeAfx5HygwQ4=
-453,-44,POFlVvpNjf8PRvjkv5CR/s9sGBM=,ep5uPt/OEBAZyJJjeAfx5HygwQ4=
-453,-40,POFlVvpNjf8PRvjkv5CR/s9sGBM=,ep5uPt/OEBAZyJJjeAfx5HygwQ4=
-453,-41,POFlVvpNjf8PRvjkv5CR/s9sGBM=,ep5uPt/OEBAZyJJjeAfx5HygwQ4=
-453,-36,POFlVvpNjf8PRvjkv5CR/s9sGBM=,ep5uPt/OEBAZyJJjeAfx5HygwQ4=
-453,-38,POFlVvpNjf8PRvjkv5CR/s9sGBM=,ep5uPt/OEBAZyJJjeAfx5HygwQ4=
-453,-39,POFlVvpNjf8PRvjkv5CR/s9sGBM=,ep5uPt/OEBAZyJJjeAfx5HygwQ4=
-453,-37,POFlVvpNjf8PRvjkv5CR/s9sGBM=,ep5uPt/OEBAZyJJjeAfx5HygwQ4=
-464,-44,POFlVvpNjf8PRvjkv5CR/s9sGBM=,ep5uPt/OEBAZyJJjeAfx5HygwQ4=
-461,-38,POFlVvpNjf8PRvjkv5CR/s9sGBM=,ep5uPt/OEBAZyJJjeAfx5HygwQ4=
-461,-39,POFlVvpNjf8PRvjkv5CR/s9sGBM=,ep5uPt/OEBAZyJJjeAfx5HygwQ4=
-461,-36,POFlVvpNjf8PRvjkv5CR/s9sGBM=,ep5uPt/OEBAZyJJjeAfx5HygwQ4=
-460,-35,POFlVvpNjf8PRvjkv5CR/s9sGBM=,ep5uPt/OEBAZyJJjeAfx5HygwQ4=
-461,-37,POFlVvpNjf8PRvjkv5CR/s9sGBM=,ep5uPt/OEBAZyJJjeAfx5HygwQ4=
-460,-36,POFlVvpNjf8PRvjkv5CR/s9sGBM=,ep5uPt/OEBAZyJJjeAfx5HygwQ4=
-461,-33,POFlVvpNjf8PRvjkv5CR/s9sGBM=,ep5uPt/OEBAZyJJjeAfx5HygwQ4=
-460,-37,POFlVvpNjf8PRvjkv5CR/s9sGBM=,ep5uPt/OEBAZyJJjeAfx5HygwQ4=
-456,-36,lpykoMSiXP7WOVzAVanCR1oa+y4=,ep5uPt/OEBAZyJJjeAfx5HygwQ4=
-460,-38,lpykoMSiXP7WOVzAVanCR1oa+y4=,ep5uPt/OEBAZyJJjeAfx5HygwQ4=
-456,-34,lpykoMSiXP7WOVzAVanCR1oa+y4=,ep5uPt/OEBAZyJJjeAfx5HygwQ4=
-457,-36,lpykoMSiXP7WOVzAVanCR1oa+y4=,ep5uPt/OEBAZyJJjeAfx5HygwQ4=
-456,-37,lpykoMSiXP7WOVzAVanCR1oa+y4=,ep5uPt/OEBAZyJJjeAfx5HygwQ4=
-456,-38,lpykoMSiXP7WOVzAVanCR1oa+y4=,ep5uPt/OEBAZyJJjeAfx5HygwQ4=
-457,-38,lpykoMSiXP7WOVzAVanCR1oa+y4=,ep5uPt/OEBAZyJJjeAfx5HygwQ4=
-459,-38,lpykoMSiXP7WOVzAVanCR1oa+y4=,ep5uPt/OEBAZyJJjeAfx5HygwQ4=
-456,-35,XBFUDV6uPghg6nK0TV6YCAmw3Gk=,ep5uPt/OEBAZyJJjeAfx5HygwQ4=
-458,-38,XBFUDV6uPghg6nK0TV6YCAmw3Gk=,ep5uPt/OEBAZyJJjeAfx5HygwQ4=
-458,-35,XBFUDV6uPghg6nK0TV6YCAmw3Gk=,ep5uPt/OEBAZyJJjeAfx5HygwQ4=
-459,-36,XBFUDV6uPghg6nK0TV6YCAmw3Gk=,ep5uPt/OEBAZyJJjeAfx5HygwQ4=
-459,-35,XBFUDV6uPghg6nK0TV6YCAmw3Gk=,ep5uPt/OEBAZyJJjeAfx5HygwQ4=
-457,-37,XBFUDV6uPghg6nK0TV6YCAmw3Gk=,ep5uPt/OEBAZyJJjeAfx5HygwQ4=
-458,-36,XBFUDV6uPghg6nK0TV6YCAmw3Gk=,ep5uPt/OEBAZyJJjeAfx5HygwQ4=
-458,-34,XBFUDV6uPghg6nK0TV6YCAmw3Gk=,ep5uPt/OEBAZyJJjeAfx5HygwQ4=
-457,-35,XBFUDV6uPghg6nK0TV6YCAmw3Gk=,ep5uPt/OEBAZyJJjeAfx5HygwQ4=
-460,-33,XBFUDV6uPghg6nK0TV6YCAmw3Gk=,ep5uPt/OEBAZyJJjeAfx5HygwQ4=
-459,-33,XBFUDV6uPghg6nK0TV6YCAmw3Gk=,ep5uPt/OEBAZyJJjeAfx5HygwQ4=
-461,-44,XBFUDV6uPghg6nK0TV6YCAmw3Gk=,ep5uPt/OEBAZyJJjeAfx5HygwQ4=
-461,-43,XBFUDV6uPghg6nK0TV6YCAmw3Gk=,ep5uPt/OEBAZyJJjeAfx5HygwQ4=
-461,-40,XBFUDV6uPghg6nK0TV6YCAmw3Gk=,ep5uPt/OEBAZyJJjeAfx5HygwQ4=
-460,-43,XBFUDV6uPghg6nK0TV6YCAmw3Gk=,ep5uPt/OEBAZyJJjeAfx5HygwQ4=
-457,-44,XBFUDV6uPghg6nK0TV6YCAmw3Gk=,ep5uPt/OEBAZyJJjeAfx5HygwQ4=
-458,-44,XBFUDV6uPghg6nK0TV6YCAmw3Gk=,ep5uPt/OEBAZyJJjeAfx5HygwQ4=
-461,-41,XBFUDV6uPghg6nK0TV6YCAmw3Gk=,ep5uPt/OEBAZyJJjeAfx5HygwQ4=
-459,-44,XBFUDV6uPghg6nK0TV6YCAmw3Gk=,ep5uPt/OEBAZyJJjeAfx5HygwQ4=
-460,-44,XBFUDV6uPghg6nK0TV6YCAmw3Gk=,ep5uPt/OEBAZyJJjeAfx5HygwQ4=
-461,-42,XBFUDV6uPghg6nK0TV6YCAmw3Gk=,ep5uPt/OEBAZyJJjeAfx5HygwQ4=
-456,-44,XBFUDV6uPghg6nK0TV6YCAmw3Gk=,ep5uPt/OEBAZyJJjeAfx5HygwQ4=
-458,-37,XBFUDV6uPghg6nK0TV6YCAmw3Gk=,ep5uPt/OEBAZyJJjeAfx5HygwQ4=
-460,-34,XBFUDV6uPghg6nK0TV6YCAmw3Gk=,ep5uPt/OEBAZyJJjeAfx5HygwQ4=
-459,-37,XBFUDV6uPghg6nK0TV6YCAmw3Gk=,ep5uPt/OEBAZyJJjeAfx5HygwQ4=
-456,-43,XBFUDV6uPghg6nK0TV6YCAmw3Gk=,ep5uPt/OEBAZyJJjeAfx5HygwQ4=
-456,-42,XBFUDV6uPghg6nK0TV6YCAmw3Gk=,ep5uPt/OEBAZyJJjeAfx5HygwQ4=
-457,-33,XBFUDV6uPghg6nK0TV6YCAmw3Gk=,ep5uPt/OEBAZyJJjeAfx5HygwQ4=
-460,-39,XBFUDV6uPghg6nK0TV6YCAmw3Gk=,ep5uPt/OEBAZyJJjeAfx5HygwQ4=
-457,-34,XBFUDV6uPghg6nK0TV6YCAmw3Gk=,ep5uPt/OEBAZyJJjeAfx5HygwQ4=
-460,-40,eyOKxmTozIw6M+dRUC/EfVmjL6U=,ep5uPt/OEBAZyJJjeAfx5HygwQ4=
-460,-41,eyOKxmTozIw6M+dRUC/EfVmjL6U=,ep5uPt/OEBAZyJJjeAfx5HygwQ4=
-456,-40,eyOKxmTozIw6M+dRUC/EfVmjL6U=,ep5uPt/OEBAZyJJjeAfx5HygwQ4=
-456,-41,eyOKxmTozIw6M+dRUC/EfVmjL6U=,ep5uPt/OEBAZyJJjeAfx5HygwQ4=
-456,-33,eyOKxmTozIw6M+dRUC/EfVmjL6U=,ep5uPt/OEBAZyJJjeAfx5HygwQ4=
-458,-39,eyOKxmTozIw6M+dRUC/EfVmjL6U=,ep5uPt/OEBAZyJJjeAfx5HygwQ4=
-457,-41,eyOKxmTozIw6M+dRUC/EfVmjL6U=,ep5uPt/OEBAZyJJjeAfx5HygwQ4=
-456,-39,eyOKxmTozIw6M+dRUC/EfVmjL6U=,ep5uPt/OEBAZyJJjeAfx5HygwQ4=
-459,-34,eyOKxmTozIw6M+dRUC/EfVmjL6U=,ep5uPt/OEBAZyJJjeAfx5HygwQ4=
-459,-43,eyOKxmTozIw6M+dRUC/EfVmjL6U=,ep5uPt/OEBAZyJJjeAfx5HygwQ4=
-457,-42,eyOKxmTozIw6M+dRUC/EfVmjL6U=,ep5uPt/OEBAZyJJjeAfx5HygwQ4=
-458,-33,eyOKxmTozIw6M+dRUC/EfVmjL6U=,ep5uPt/OEBAZyJJjeAfx5HygwQ4=
-459,-40,eyOKxmTozIw6M+dRUC/EfVmjL6U=,ep5uPt/OEBAZyJJjeAfx5HygwQ4=
-460,-42,eyOKxmTozIw6M+dRUC/EfVmjL6U=,ep5uPt/OEBAZyJJjeAfx5HygwQ4=
-457,-40,eyOKxmTozIw6M+dRUC/EfVmjL6U=,ep5uPt/OEBAZyJJjeAfx5HygwQ4=
-457,-39,eyOKxmTozIw6M+dRUC/EfVmjL6U=,ep5uPt/OEBAZyJJjeAfx5HygwQ4=
-459,-41,eyOKxmTozIw6M+dRUC/EfVmjL6U=,ep5uPt/OEBAZyJJjeAfx5HygwQ4=
-458,-40,eyOKxmTozIw6M+dRUC/EfVmjL6U=,ep5uPt/OEBAZyJJjeAfx5HygwQ4=
-458,-41,eyOKxmTozIw6M+dRUC/EfVmjL6U=,ep5uPt/OEBAZyJJjeAfx5HygwQ4=
-457,-43,eyOKxmTozIw6M+dRUC/EfVmjL6U=,ep5uPt/OEBAZyJJjeAfx5HygwQ4=
-459,-39,eyOKxmTozIw6M+dRUC/EfVmjL6U=,ep5uPt/OEBAZyJJjeAfx5HygwQ4=
-458,-43,eyOKxmTozIw6M+dRUC/EfVmjL6U=,ep5uPt/OEBAZyJJjeAfx5HygwQ4=
-458,-42,eyOKxmTozIw6M+dRUC/EfVmjL6U=,ep5uPt/OEBAZyJJjeAfx5HygwQ4=
-459,-42,eyOKxmTozIw6M+dRUC/EfVmjL6U=,ep5uPt/OEBAZyJJjeAfx5HygwQ4=
