-12,-11,3/yhDLDWAvIYdO6vH1L6o5jJ74k=,ECn5NaTKbLblwZWer/0aTVf+NL0=
-13,-11,3/yhDLDWAvIYdO6vH1L6o5jJ74k=,ECn5NaTKbLblwZWer/0aTVf+NL0=
-14,-11,3/yhDLDWAvIYdO6vH1L6o5jJ74k=,ECn5NaTKbLblwZWer/0aTVf+NL0=
-15,-11,3/yhDLDWAvIYdO6vH1L6o5jJ74k=,ECn5NaTKbLblwZWer/0aTVf+NL0=
-10,-12,3/yhDLDWAvIYdO6vH1L6o5jJ74k=,ECn5NaTKbLblwZWer/0aTVf+NL0=
-11,-12,3/yhDLDWAvIYdO6vH1L6o5jJ74k=,ECn5NaTKbLblwZWer/0aTVf+NL0=
-12,-12,3/yhDLDWAvIYdO6vH1L6o5jJ74k=,ECn5NaTKbLblwZWer/0aTVf+NL0=
-13,-12,3/yhDLDWAvIYdO6vH1L6o5jJ74k=,ECn5NaTKbLblwZWer/0aTVf+NL0=
-14,-12,3/yhDLDWAvIYdO6vH1L6o5jJ74k=,ECn5NaTKbLblwZWer/0aTVf+NL0=
-15,-12,3/yhDLDWAvIYdO6vH1L6o5jJ74k=,ECn5NaTKbLblwZWer/0aTVf+NL0=
-10,-13,3/yhDLDWAvIYdO6vH1L6o5jJ74k=,ECn5NaTKbLblwZWer/0aTVf+NL0=
-11,-13,3/yhDLDWAvIYdO6vH1L6o5jJ74k=,ECn5NaTKbLblwZWer/0aTVf+NL0=
-4,-13,3/yhDLDWAvIYdO6vH1L6o5jJ74k=,ECn5NaTKbLblwZWer/0aTVf+NL0=
-9,-11,3/yhDLDWAvIYdO6vH1L6o5jJ74k=,ECn5NaTKbLblwZWer/0aTVf+NL0=
-3,-13,3/yhDLDWAvIYdO6vH1L6o5jJ74k=,ECn5NaTKbLblwZWer/0aTVf+NL0=
-2,-13,3/yhDLDWAvIYdO6vH1L6o5jJ74k=,ECn5NaTKbLblwZWer/0aTVf+NL0=
-9,-10,3/yhDLDWAvIYdO6vH1L6o5jJ74k=,ECn5NaTKbLblwZWer/0aTVf+NL0=
-8,-15,3/yhDLDWAvIYdO6vH1L6o5jJ74k=,ECn5NaTKbLblwZWer/0aTVf+NL0=
-7,-15,3/yhDLDWAvIYdO6vH1L6o5jJ74k=,ECn5NaTKbLblwZWer/0aTVf+NL0=
-6,-15,3/yhDLDWAvIYdO6vH1L6o5jJ74k=,ECn5NaTKbLblwZWer/0aTVf+NL0=
-5,-15,3/yhDLDWAvIYdO6vH1L6o5jJ74k=,ECn5NaTKbLblwZWer/0aTVf+NL0=
-4,-15,3/yhDLDWAvIYdO6vH1L6o5jJ74k=,ECn5NaTKbLblwZWer/0aTVf+NL0=
-3,-15,3/yhDLDWAvIYdO6vH1L6o5jJ74k=,ECn5NaTKbLblwZWer/0aTVf+NL0=
-8,-12,3/yhDLDWAvIYdO6vH1L6o5jJ74k=,ECn5NaTKbLblwZWer/0aTVf+NL0=
-2,-15,3/yhDLDWAvIYdO6vH1L6o5jJ74k=,ECn5NaTKbLblwZWer/0aTVf+NL0=
-8,-14,3/yhDLDWAvIYdO6vH1L6o5jJ74k=,ECn5NaTKbLblwZWer/0aTVf+NL0=
-6,-12,3/yhDLDWAvIYdO6vH1L6o5jJ74k=,ECn5NaTKbLblwZWer/0aTVf+NL0=
-7,-12,3/yhDLDWAvIYdO6vH1L6o5jJ74k=,ECn5NaTKbLblwZWer/0aTVf+NL0=
-5,-12,3/yhDLDWAvIYdO6vH1L6o5jJ74k=,ECn5NaTKbLblwZWer/0aTVf+NL0=
-7,-14,3/yhDLDWAvIYdO6vH1L6o5jJ74k=,ECn5NaTKbLblwZWer/0aTVf+NL0=
-4,-12,3/yhDLDWAvIYdO6vH1L6o5jJ74k=,ECn5NaTKbLblwZWer/0aTVf+NL0=
-3,-12,3/yhDLDWAvIYdO6vH1L6o5jJ74k=,ECn5NaTKbLblwZWer/0aTVf+NL0=
-2,-12,3/yhDLDWAvIYdO6vH1L6o5jJ74k=,ECn5NaTKbLblwZWer/0aTVf+NL0=
-8,-11,3/yhDLDWAvIYdO6vH1L6o5jJ74k=,ECn5NaTKbLblwZWer/0aTVf+NL0=
-9,-15,3/yhDLDWAvIYdO6vH1L6o5jJ74k=,ECn5NaTKbLblwZWer/0aTVf+NL0=
-7,-11,3/yhDLDWAvIYdO6vH1L6o5jJ74k=,ECn5NaTKbLblwZWer/0aTVf+NL0=
-6,-14,3/yhDLDWAvIYdO6vH1L6o5jJ74k=,ECn5NaTKbLblwZWer/0aTVf+NL0=
-6,-11,3/yhDLDWAvIYdO6vH1L6o5jJ74k=,ECn5NaTKbLblwZWer/0aTVf+NL0=
-5,-11,3/yhDLDWAvIYdO6vH1L6o5jJ74k=,ECn5NaTKbLblwZWer/0aTVf+NL0=
-4,-11,3/yhDLDWAvIYdO6vH1L6o5jJ74k=,ECn5NaTKbLblwZWer/0aTVf+NL0=
-3,-11,3/yhDLDWAvIYdO6vH1L6o5jJ74k=,ECn5NaTKbLblwZWer/0aTVf+NL0=
-9,-14,3/yhDLDWAvIYdO6vH1L6o5jJ74k=,ECn5NaTKbLblwZWer/0aTVf+NL0=
-2,-11,3/yhDLDWAvIYdO6vH1L6o5jJ74k=,ECn5NaTKbLblwZWer/0aTVf+NL0=
-7,-10,3/yhDLDWAvIYdO6vH1L6o5jJ74k=,ECn5NaTKbLblwZWer/0aTVf+NL0=
-8,-10,3/yhDLDWAvIYdO6vH1L6o5jJ74k=,ECn5NaTKbLblwZWer/0aTVf+NL0=
-6,-10,3/yhDLDWAvIYdO6vH1L6o5jJ74k=,ECn5NaTKbLblwZWer/0aTVf+NL0=
-3,-10,3/yhDLDWAvIYdO6vH1L6o5jJ74k=,ECn5NaTKbLblwZWer/0aTVf+NL0=
-4,-10,3/yhDLDWAvIYdO6vH1L6o5jJ74k=,ECn5NaTKbLblwZWer/0aTVf+NL0=
-5,-10,3/yhDLDWAvIYdO6vH1L6o5jJ74k=,ECn5NaTKbLblwZWer/0aTVf+NL0=
-9,-13,3/yhDLDWAvIYdO6vH1L6o5jJ74k=,ECn5NaTKbLblwZWer/0aTVf+NL0=
-2,-10,3/yhDLDWAvIYdO6vH1L6o5jJ74k=,ECn5NaTKbLblwZWer/0aTVf+NL0=
-4,-14,3/yhDLDWAvIYdO6vH1L6o5jJ74k=,ECn5NaTKbLblwZWer/0aTVf+NL0=
-5,-14,3/yhDLDWAvIYdO6vH1L6o5jJ74k=,ECn5NaTKbLblwZWer/0aTVf+NL0=
-3,-14,3/yhDLDWAvIYdO6vH1L6o5jJ74k=,ECn5NaTKbLblwZWer/0aTVf+NL0=
-9,-12,3/yhDLDWAvIYdO6vH1L6o5jJ74k=,ECn5NaTKbLblwZWer/0aTVf+NL0=
-2,-14,3/yhDLDWAvIYdO6vH1L6o5jJ74k=,ECn5NaTKbLblwZWer/0aTVf+NL0=
-8,-13,3/yhDLDWAvIYdO6vH1L6o5jJ74k=,ECn5NaTKbLblwZWer/0aTVf+NL0=
-7,-13,3/yhDLDWAvIYdO6vH1L6o5jJ74k=,ECn5NaTKbLblwZWer/0aTVf+NL0=
-6,-13,3/yhDLDWAvIYdO6vH1L6o5jJ74k=,ECn5NaTKbLblwZWer/0aTVf+NL0=
-5,-13,3/yhDLDWAvIYdO6vH1L6o5jJ74k=,ECn5NaTKbLblwZWer/0aTVf+NL0=
-14,-13,3/yhDLDWAvIYdO6vH1L6o5jJ74k=,ECn5NaTKbLblwZWer/0aTVf+NL0=
-12,-13,3/yhDLDWAvIYdO6vH1L6o5jJ74k=,ECn5NaTKbLblwZWer/0aTVf+NL0=
-13,-13,3/yhDLDWAvIYdO6vH1L6o5jJ74k=,ECn5NaTKbLblwZWer/0aTVf+NL0=
-10,-14,3/yhDLDWAvIYdO6vH1L6o5jJ74k=,ECn5NaTKbLblwZWer/0aTVf+NL0=
-11,-14,3/yhDLDWAvIYdO6vH1L6o5jJ74k=,ECn5NaTKbLblwZWer/0aTVf+NL0=
-15,-13,3/yhDLDWAvIYdO6vH1L6o5jJ74k=,ECn5NaTKbLblwZWer/0aTVf+NL0=
-12,-14,3/yhDLDWAvIYdO6vH1L6o5jJ74k=,ECn5NaTKbLblwZWer/0aTVf+NL0=
-1,-13,3/yhDLDWAvIYdO6vH1L6o5jJ74k=,ECn5NaTKbLblwZWer/0aTVf+NL0=
-13,-14,3/yhDLDWAvIYdO6vH1L6o5jJ74k=,ECn5NaTKbLblwZWer/0aTVf+NL0=
-1,-12,3/yhDLDWAvIYdO6vH1L6o5jJ74k=,ECn5NaTKbLblwZWer/0aTVf+NL0=
-1,-15,3/yhDLDWAvIYdO6vH1L6o5jJ74k=,ECn5NaTKbLblwZWer/0aTVf+NL0=
-1,-11,3/yhDLDWAvIYdO6vH1L6o5jJ74k=,ECn5NaTKbLblwZWer/0aTVf+NL0=
-1,-10,3/yhDLDWAvIYdO6vH1L6o5jJ74k=,ECn5NaTKbLblwZWer/0aTVf+NL0=
-1,-14,3/yhDLDWAvIYdO6vH1L6o5jJ74k=,ECn5NaTKbLblwZWer/0aTVf+NL0=
-16,-10,3/yhDLDWAvIYdO6vH1L6o5jJ74k=,ECn5NaTKbLblwZWer/0aTVf+NL0=
-16,-15,3/yhDLDWAvIYdO6vH1L6o5jJ74k=,ECn5NaTKbLblwZWer/0aTVf+NL0=
-16,-14,3/yhDLDWAvIYdO6vH1L6o5jJ74k=,ECn5NaTKbLblwZWer/0aTVf+NL0=
-16,-13,3/yhDLDWAvIYdO6vH1L6o5jJ74k=,ECn5NaTKbLblwZWer/0aTVf+NL0=
-16,-12,3/yhDLDWAvIYdO6vH1L6o5jJ74k=,ECn5NaTKbLblwZWer/0aTVf+NL0=
-16,-11,3/yhDLDWAvIYdO6vH1L6o5jJ74k=,ECn5NaTKbLblwZWer/0aTVf+NL0=
-14,-14,3/yhDLDWAvIYdO6vH1L6o5jJ74k=,ECn5NaTKbLblwZWer/0aTVf+NL0=
-7,-16,3/yhDLDWAvIYdO6vH1L6o5jJ74k=,ECn5NaTKbLblwZWer/0aTVf+NL0=
-6,-16,3/yhDLDWAvIYdO6vH1L6o5jJ74k=,ECn5NaTKbLblwZWer/0aTVf+NL0=
-5,-16,3/yhDLDWAvIYdO6vH1L6o5jJ74k=,ECn5NaTKbLblwZWer/0aTVf+NL0=
-3,-16,3/yhDLDWAvIYdO6vH1L6o5jJ74k=,ECn5NaTKbLblwZWer/0aTVf+NL0=
-2,-16,3/yhDLDWAvIYdO6vH1L6o5jJ74k=,ECn5NaTKbLblwZWer/0aTVf+NL0=
-4,-16,3/yhDLDWAvIYdO6vH1L6o5jJ74k=,ECn5NaTKbLblwZWer/0aTVf+NL0=
-1,-16,3/yhDLDWAvIYdO6vH1L6o5jJ74k=,ECn5NaTKbLblwZWer/0aTVf+NL0=
-8,-16,3/yhDLDWAvIYdO6vH1L6o5jJ74k=,ECn5NaTKbLblwZWer/0aTVf+NL0=
-15,-16,3/yhDLDWAvIYdO6vH1L6o5jJ74k=,ECn5NaTKbLblwZWer/0aTVf+NL0=
-14,-16,3/yhDLDWAvIYdO6vH1L6o5jJ74k=,ECn5NaTKbLblwZWer/0aTVf+NL0=
-13,-16,3/yhDLDWAvIYdO6vH1L6o5jJ74k=,ECn5NaTKbLblwZWer/0aTVf+NL0=
-12,-16,3/yhDLDWAvIYdO6vH1L6o5jJ74k=,ECn5NaTKbLblwZWer/0aTVf+NL0=
-11,-16,3/yhDLDWAvIYdO6vH1L6o5jJ74k=,ECn5NaTKbLblwZWer/0aTVf+NL0=
-10,-16,3/yhDLDWAvIYdO6vH1L6o5jJ74k=,ECn5NaTKbLblwZWer/0aTVf+NL0=
-9,-16,3/yhDLDWAvIYdO6vH1L6o5jJ74k=,ECn5NaTKbLblwZWer/0aTVf+NL0=
-15,-14,3/yhDLDWAvIYdO6vH1L6o5jJ74k=,ECn5NaTKbLblwZWer/0aTVf+NL0=
-11,-15,3/yhDLDWAvIYdO6vH1L6o5jJ74k=,ECn5NaTKbLblwZWer/0aTVf+NL0=
-16,-16,3/yhDLDWAvIYdO6vH1L6o5jJ74k=,ECn5NaTKbLblwZWer/0aTVf+NL0=
-12,-15,3/yhDLDWAvIYdO6vH1L6o5jJ74k=,ECn5NaTKbLblwZWer/0aTVf+NL0=
-10,-15,3/yhDLDWAvIYdO6vH1L6o5jJ74k=,ECn5NaTKbLblwZWer/0aTVf+NL0=
-13,-15,3/yhDLDWAvIYdO6vH1L6o5jJ74k=,ECn5NaTKbLblwZWer/0aTVf+NL0=
-15,-15,3/yhDLDWAvIYdO6vH1L6o5jJ74k=,ECn5NaTKbLblwZWer/0aTVf+NL0=
-14,-15,3/yhDLDWAvIYdO6vH1L6o5jJ74k=,ECn5NaTKbLblwZWer/0aTVf+NL0=
-11,-10,3/yhDLDWAvIYdO6vH1L6o5jJ74k=,ECn5NaTKbLblwZWer/0aTVf+NL0=
-12,-10,3/yhDLDWAvIYdO6vH1L6o5jJ74k=,ECn5NaTKbLblwZWer/0aTVf+NL0=
-13,-10,3/yhDLDWAvIYdO6vH1L6o5jJ74k=,ECn5NaTKbLblwZWer/0aTVf+NL0=
-10,-10,3/yhDLDWAvIYdO6vH1L6o5jJ74k=,ECn5NaTKbLblwZWer/0aTVf+NL0=
-14,-10,3/yhDLDWAvIYdO6vH1L6o5jJ74k=,ECn5NaTKbLblwZWer/0aTVf+NL0=
-15,-10,3/yhDLDWAvIYdO6vH1L6o5jJ74k=,ECn5NaTKbLblwZWer/0aTVf+NL0=
-10,-11,3/yhDLDWAvIYdO6vH1L6o5jJ74k=,ECn5NaTKbLblwZWer/0aTVf+NL0=
-11,-11,3/yhDLDWAvIYdO6vH1L6o5jJ74k=,ECn5NaTKbLblwZWer/0aTVf+NL0=
-12,-5,3/yhDLDWAvIYdO6vH1L6o5jJ74k=,pA/ymSgXAtgPreqOQEKSfslw8ds=
-11,-5,3/yhDLDWAvIYdO6vH1L6o5jJ74k=,pA/ymSgXAtgPreqOQEKSfslw8ds=
-16,-4,3/yhDLDWAvIYdO6vH1L6o5jJ74k=,pA/ymSgXAtgPreqOQEKSfslw8ds=
-15,-4,3/yhDLDWAvIYdO6vH1L6o5jJ74k=,pA/ymSgXAtgPreqOQEKSfslw8ds=
-14,-4,3/yhDLDWAvIYdO6vH1L6o5jJ74k=,pA/ymSgXAtgPreqOQEKSfslw8ds=
-10,-5,3/yhDLDWAvIYdO6vH1L6o5jJ74k=,pA/ymSgXAtgPreqOQEKSfslw8ds=
-13,-4,3/yhDLDWAvIYdO6vH1L6o5jJ74k=,pA/ymSgXAtgPreqOQEKSfslw8ds=
-12,-4,3/yhDLDWAvIYdO6vH1L6o5jJ74k=,pA/ymSgXAtgPreqOQEKSfslw8ds=
-11,-4,3/yhDLDWAvIYdO6vH1L6o5jJ74k=,pA/ymSgXAtgPreqOQEKSfslw8ds=
-10,-4,3/yhDLDWAvIYdO6vH1L6o5jJ74k=,pA/ymSgXAtgPreqOQEKSfslw8ds=
-16,-3,3/yhDLDWAvIYdO6vH1L6o5jJ74k=,pA/ymSgXAtgPreqOQEKSfslw8ds=
-15,-3,3/yhDLDWAvIYdO6vH1L6o5jJ74k=,pA/ymSgXAtgPreqOQEKSfslw8ds=
-14,-3,3/yhDLDWAvIYdO6vH1L6o5jJ74k=,pA/ymSgXAtgPreqOQEKSfslw8ds=
-13,-3,3/yhDLDWAvIYdO6vH1L6o5jJ74k=,pA/ymSgXAtgPreqOQEKSfslw8ds=
-12,-3,3/yhDLDWAvIYdO6vH1L6o5jJ74k=,pA/ymSgXAtgPreqOQEKSfslw8ds=
-11,-3,3/yhDLDWAvIYdO6vH1L6o5jJ74k=,pA/ymSgXAtgPreqOQEKSfslw8ds=
-16,-2,3/yhDLDWAvIYdO6vH1L6o5jJ74k=,pA/ymSgXAtgPreqOQEKSfslw8ds=
-10,-3,3/yhDLDWAvIYdO6vH1L6o5jJ74k=,pA/ymSgXAtgPreqOQEKSfslw8ds=
-16,-9,3/yhDLDWAvIYdO6vH1L6o5jJ74k=,ECn5NaTKbLblwZWer/0aTVf+NL0=
-15,-9,3/yhDLDWAvIYdO6vH1L6o5jJ74k=,ECn5NaTKbLblwZWer/0aTVf+NL0=
-14,-9,3/yhDLDWAvIYdO6vH1L6o5jJ74k=,ECn5NaTKbLblwZWer/0aTVf+NL0=
-13,-9,3/yhDLDWAvIYdO6vH1L6o5jJ74k=,ECn5NaTKbLblwZWer/0aTVf+NL0=
-12,-9,3/yhDLDWAvIYdO6vH1L6o5jJ74k=,ECn5NaTKbLblwZWer/0aTVf+NL0=
-11,-9,3/yhDLDWAvIYdO6vH1L6o5jJ74k=,ECn5NaTKbLblwZWer/0aTVf+NL0=
-10,-9,3/yhDLDWAvIYdO6vH1L6o5jJ74k=,ECn5NaTKbLblwZWer/0aTVf+NL0=
-16,-8,3/yhDLDWAvIYdO6vH1L6o5jJ74k=,pA/ymSgXAtgPreqOQEKSfslw8ds=
-15,-8,3/yhDLDWAvIYdO6vH1L6o5jJ74k=,pA/ymSgXAtgPreqOQEKSfslw8ds=
-14,-8,3/yhDLDWAvIYdO6vH1L6o5jJ74k=,pA/ymSgXAtgPreqOQEKSfslw8ds=
-12,-8,3/yhDLDWAvIYdO6vH1L6o5jJ74k=,pA/ymSgXAtgPreqOQEKSfslw8ds=
-11,-8,3/yhDLDWAvIYdO6vH1L6o5jJ74k=,pA/ymSgXAtgPreqOQEKSfslw8ds=
-13,-8,3/yhDLDWAvIYdO6vH1L6o5jJ74k=,pA/ymSgXAtgPreqOQEKSfslw8ds=
-10,-8,3/yhDLDWAvIYdO6vH1L6o5jJ74k=,pA/ymSgXAtgPreqOQEKSfslw8ds=
-16,-7,3/yhDLDWAvIYdO6vH1L6o5jJ74k=,pA/ymSgXAtgPreqOQEKSfslw8ds=
-15,-7,3/yhDLDWAvIYdO6vH1L6o5jJ74k=,pA/ymSgXAtgPreqOQEKSfslw8ds=
-13,-7,3/yhDLDWAvIYdO6vH1L6o5jJ74k=,pA/ymSgXAtgPreqOQEKSfslw8ds=
-14,-7,3/yhDLDWAvIYdO6vH1L6o5jJ74k=,pA/ymSgXAtgPreqOQEKSfslw8ds=
-12,-7,3/yhDLDWAvIYdO6vH1L6o5jJ74k=,pA/ymSgXAtgPreqOQEKSfslw8ds=
-11,-7,3/yhDLDWAvIYdO6vH1L6o5jJ74k=,pA/ymSgXAtgPreqOQEKSfslw8ds=
-10,-7,3/yhDLDWAvIYdO6vH1L6o5jJ74k=,pA/ymSgXAtgPreqOQEKSfslw8ds=
-15,-6,3/yhDLDWAvIYdO6vH1L6o5jJ74k=,pA/ymSgXAtgPreqOQEKSfslw8ds=
-14,-6,3/yhDLDWAvIYdO6vH1L6o5jJ74k=,pA/ymSgXAtgPreqOQEKSfslw8ds=
-15,-2,3/yhDLDWAvIYdO6vH1L6o5jJ74k=,pA/ymSgXAtgPreqOQEKSfslw8ds=
-16,-6,3/yhDLDWAvIYdO6vH1L6o5jJ74k=,pA/ymSgXAtgPreqOQEKSfslw8ds=
-13,-2,3/yhDLDWAvIYdO6vH1L6o5jJ74k=,pA/ymSgXAtgPreqOQEKSfslw8ds=
-12,-2,3/yhDLDWAvIYdO6vH1L6o5jJ74k=,pA/ymSgXAtgPreqOQEKSfslw8ds=
-11,-2,3/yhDLDWAvIYdO6vH1L6o5jJ74k=,pA/ymSgXAtgPreqOQEKSfslw8ds=
-14,-2,3/yhDLDWAvIYdO6vH1L6o5jJ74k=,pA/ymSgXAtgPreqOQEKSfslw8ds=
-13,-6,3/yhDLDWAvIYdO6vH1L6o5jJ74k=,pA/ymSgXAtgPreqOQEKSfslw8ds=
-13,-5,3/yhDLDWAvIYdO6vH1L6o5jJ74k=,pA/ymSgXAtgPreqOQEKSfslw8ds=
-14,-5,3/yhDLDWAvIYdO6vH1L6o5jJ74k=,pA/ymSgXAtgPreqOQEKSfslw8ds=
-10,-2,3/yhDLDWAvIYdO6vH1L6o5jJ74k=,pA/ymSgXAtgPreqOQEKSfslw8ds=
-12,-6,3/yhDLDWAvIYdO6vH1L6o5jJ74k=,pA/ymSgXAtgPreqOQEKSfslw8ds=
-16,-1,3/yhDLDWAvIYdO6vH1L6o5jJ74k=,pA/ymSgXAtgPreqOQEKSfslw8ds=
-11,-6,3/yhDLDWAvIYdO6vH1L6o5jJ74k=,pA/ymSgXAtgPreqOQEKSfslw8ds=
-15,-1,3/yhDLDWAvIYdO6vH1L6o5jJ74k=,pA/ymSgXAtgPreqOQEKSfslw8ds=
-14,-1,3/yhDLDWAvIYdO6vH1L6o5jJ74k=,pA/ymSgXAtgPreqOQEKSfslw8ds=
-13,-1,3/yhDLDWAvIYdO6vH1L6o5jJ74k=,pA/ymSgXAtgPreqOQEKSfslw8ds=
-12,-1,3/yhDLDWAvIYdO6vH1L6o5jJ74k=,pA/ymSgXAtgPreqOQEKSfslw8ds=
-16,-5,3/yhDLDWAvIYdO6vH1L6o5jJ74k=,pA/ymSgXAtgPreqOQEKSfslw8ds=
-10,-6,3/yhDLDWAvIYdO6vH1L6o5jJ74k=,pA/ymSgXAtgPreqOQEKSfslw8ds=
-11,-1,3/yhDLDWAvIYdO6vH1L6o5jJ74k=,pA/ymSgXAtgPreqOQEKSfslw8ds=
-15,-5,3/yhDLDWAvIYdO6vH1L6o5jJ74k=,pA/ymSgXAtgPreqOQEKSfslw8ds=
-10,-1,3/yhDLDWAvIYdO6vH1L6o5jJ74k=,pA/ymSgXAtgPreqOQEKSfslw8ds=
-5,-8,3/yhDLDWAvIYdO6vH1L6o5jJ74k=,01GtVAD7RzI+/AZU5gL2C1qFb1w=
-4,-3,3/yhDLDWAvIYdO6vH1L6o5jJ74k=,01GtVAD7RzI+/AZU5gL2C1qFb1w=
-2,-5,3/yhDLDWAvIYdO6vH1L6o5jJ74k=,01GtVAD7RzI+/AZU5gL2C1qFb1w=
-3,-3,3/yhDLDWAvIYdO6vH1L6o5jJ74k=,01GtVAD7RzI+/AZU5gL2C1qFb1w=
-1,-7,3/yhDLDWAvIYdO6vH1L6o5jJ74k=,01GtVAD7RzI+/AZU5gL2C1qFb1w=
-3,-4,3/yhDLDWAvIYdO6vH1L6o5jJ74k=,01GtVAD7RzI+/AZU5gL2C1qFb1w=
-2,-7,3/yhDLDWAvIYdO6vH1L6o5jJ74k=,01GtVAD7RzI+/AZU5gL2C1qFb1w=
-3,-7,3/yhDLDWAvIYdO6vH1L6o5jJ74k=,01GtVAD7RzI+/AZU5gL2C1qFb1w=
-1,-9,3/yhDLDWAvIYdO6vH1L6o5jJ74k=,ECn5NaTKbLblwZWer/0aTVf+NL0=
-2,-9,3/yhDLDWAvIYdO6vH1L6o5jJ74k=,ECn5NaTKbLblwZWer/0aTVf+NL0=
-3,-9,3/yhDLDWAvIYdO6vH1L6o5jJ74k=,ECn5NaTKbLblwZWer/0aTVf+NL0=
-3,-5,3/yhDLDWAvIYdO6vH1L6o5jJ74k=,01GtVAD7RzI+/AZU5gL2C1qFb1w=
-5,-3,3/yhDLDWAvIYdO6vH1L6o5jJ74k=,01GtVAD7RzI+/AZU5gL2C1qFb1w=
-4,-7,3/yhDLDWAvIYdO6vH1L6o5jJ74k=,01GtVAD7RzI+/AZU5gL2C1qFb1w=
-9,-6,3/yhDLDWAvIYdO6vH1L6o5jJ74k=,pA/ymSgXAtgPreqOQEKSfslw8ds=
-6,-7,3/yhDLDWAvIYdO6vH1L6o5jJ74k=,01GtVAD7RzI+/AZU5gL2C1qFb1w=
-5,-7,3/yhDLDWAvIYdO6vH1L6o5jJ74k=,01GtVAD7RzI+/AZU5gL2C1qFb1w=
-6,-8,3/yhDLDWAvIYdO6vH1L6o5jJ74k=,01GtVAD7RzI+/AZU5gL2C1qFb1w=
-6,-3,3/yhDLDWAvIYdO6vH1L6o5jJ74k=,01GtVAD7RzI+/AZU5gL2C1qFb1w=
-5,-9,3/yhDLDWAvIYdO6vH1L6o5jJ74k=,ECn5NaTKbLblwZWer/0aTVf+NL0=
-4,-9,3/yhDLDWAvIYdO6vH1L6o5jJ74k=,ECn5NaTKbLblwZWer/0aTVf+NL0=
-6,-9,3/yhDLDWAvIYdO6vH1L6o5jJ74k=,ECn5NaTKbLblwZWer/0aTVf+NL0=
-8,-9,3/yhDLDWAvIYdO6vH1L6o5jJ74k=,ECn5NaTKbLblwZWer/0aTVf+NL0=
-4,-5,3/yhDLDWAvIYdO6vH1L6o5jJ74k=,01GtVAD7RzI+/AZU5gL2C1qFb1w=
-7,-9,3/yhDLDWAvIYdO6vH1L6o5jJ74k=,ECn5NaTKbLblwZWer/0aTVf+NL0=
-7,-3,3/yhDLDWAvIYdO6vH1L6o5jJ74k=,01GtVAD7RzI+/AZU5gL2C1qFb1w=
-9,-7,3/yhDLDWAvIYdO6vH1L6o5jJ74k=,pA/ymSgXAtgPreqOQEKSfslw8ds=
-5,-5,3/yhDLDWAvIYdO6vH1L6o5jJ74k=,01GtVAD7RzI+/AZU5gL2C1qFb1w=
-1,-6,3/yhDLDWAvIYdO6vH1L6o5jJ74k=,01GtVAD7RzI+/AZU5gL2C1qFb1w=
-6,-5,3/yhDLDWAvIYdO6vH1L6o5jJ74k=,01GtVAD7RzI+/AZU5gL2C1qFb1w=
-9,-8,3/yhDLDWAvIYdO6vH1L6o5jJ74k=,pA/ymSgXAtgPreqOQEKSfslw8ds=
-8,-3,3/yhDLDWAvIYdO6vH1L6o5jJ74k=,01GtVAD7RzI+/AZU5gL2C1qFb1w=
-9,-9,3/yhDLDWAvIYdO6vH1L6o5jJ74k=,ECn5NaTKbLblwZWer/0aTVf+NL0=
-7,-8,3/yhDLDWAvIYdO6vH1L6o5jJ74k=,01GtVAD7RzI+/AZU5gL2C1qFb1w=
-7,-5,3/yhDLDWAvIYdO6vH1L6o5jJ74k=,01GtVAD7RzI+/AZU5gL2C1qFb1w=
-4,-4,3/yhDLDWAvIYdO6vH1L6o5jJ74k=,01GtVAD7RzI+/AZU5gL2C1qFb1w=
-5,-4,3/yhDLDWAvIYdO6vH1L6o5jJ74k=,01GtVAD7RzI+/AZU5gL2C1qFb1w=
-7,-7,3/yhDLDWAvIYdO6vH1L6o5jJ74k=,01GtVAD7RzI+/AZU5gL2C1qFb1w=
-2,-6,3/yhDLDWAvIYdO6vH1L6o5jJ74k=,01GtVAD7RzI+/AZU5gL2C1qFb1w=
-6,-4,3/yhDLDWAvIYdO6vH1L6o5jJ74k=,01GtVAD7RzI+/AZU5gL2C1qFb1w=
-8,-5,3/yhDLDWAvIYdO6vH1L6o5jJ74k=,01GtVAD7RzI+/AZU5gL2C1qFb1w=
-8,-7,3/yhDLDWAvIYdO6vH1L6o5jJ74k=,01GtVAD7RzI+/AZU5gL2C1qFb1w=
-3,-6,3/yhDLDWAvIYdO6vH1L6o5jJ74k=,01GtVAD7RzI+/AZU5gL2C1qFb1w=
-7,-4,3/yhDLDWAvIYdO6vH1L6o5jJ74k=,01GtVAD7RzI+/AZU5gL2C1qFb1w=
-1,-8,3/yhDLDWAvIYdO6vH1L6o5jJ74k=,01GtVAD7RzI+/AZU5gL2C1qFb1w=
-4,-6,3/yhDLDWAvIYdO6vH1L6o5jJ74k=,01GtVAD7RzI+/AZU5gL2C1qFb1w=
-3,-8,3/yhDLDWAvIYdO6vH1L6o5jJ74k=,01GtVAD7RzI+/AZU5gL2C1qFb1w=
-8,-6,3/yhDLDWAvIYdO6vH1L6o5jJ74k=,01GtVAD7RzI+/AZU5gL2C1qFb1w=
-8,-4,3/yhDLDWAvIYdO6vH1L6o5jJ74k=,01GtVAD7RzI+/AZU5gL2C1qFb1w=
-2,-3,3/yhDLDWAvIYdO6vH1L6o5jJ74k=,01GtVAD7RzI+/AZU5gL2C1qFb1w=
-2,-8,3/yhDLDWAvIYdO6vH1L6o5jJ74k=,01GtVAD7RzI+/AZU5gL2C1qFb1w=
-9,-2,3/yhDLDWAvIYdO6vH1L6o5jJ74k=,pA/ymSgXAtgPreqOQEKSfslw8ds=
-2,-4,3/yhDLDWAvIYdO6vH1L6o5jJ74k=,01GtVAD7RzI+/AZU5gL2C1qFb1w=
-1,-4,3/yhDLDWAvIYdO6vH1L6o5jJ74k=,01GtVAD7RzI+/AZU5gL2C1qFb1w=
-5,-6,3/yhDLDWAvIYdO6vH1L6o5jJ74k=,01GtVAD7RzI+/AZU5gL2C1qFb1w=
-1,-5,3/yhDLDWAvIYdO6vH1L6o5jJ74k=,01GtVAD7RzI+/AZU5gL2C1qFb1w=
-1,-3,3/yhDLDWAvIYdO6vH1L6o5jJ74k=,01GtVAD7RzI+/AZU5gL2C1qFb1w=
-2,-1,3/yhDLDWAvIYdO6vH1L6o5jJ74k=,01GtVAD7RzI+/AZU5gL2C1qFb1w=
-4,-8,3/yhDLDWAvIYdO6vH1L6o5jJ74k=,01GtVAD7RzI+/AZU5gL2C1qFb1w=
-9,-3,3/yhDLDWAvIYdO6vH1L6o5jJ74k=,pA/ymSgXAtgPreqOQEKSfslw8ds=
-8,-8,3/yhDLDWAvIYdO6vH1L6o5jJ74k=,01GtVAD7RzI+/AZU5gL2C1qFb1w=
-1,-1,3/yhDLDWAvIYdO6vH1L6o5jJ74k=,01GtVAD7RzI+/AZU5gL2C1qFb1w=
-9,-1,3/yhDLDWAvIYdO6vH1L6o5jJ74k=,pA/ymSgXAtgPreqOQEKSfslw8ds=
-3,-1,3/yhDLDWAvIYdO6vH1L6o5jJ74k=,01GtVAD7RzI+/AZU5gL2C1qFb1w=
-6,-1,3/yhDLDWAvIYdO6vH1L6o5jJ74k=,01GtVAD7RzI+/AZU5gL2C1qFb1w=
-7,-1,3/yhDLDWAvIYdO6vH1L6o5jJ74k=,01GtVAD7RzI+/AZU5gL2C1qFb1w=
-9,-4,3/yhDLDWAvIYdO6vH1L6o5jJ74k=,pA/ymSgXAtgPreqOQEKSfslw8ds=
-9,-5,3/yhDLDWAvIYdO6vH1L6o5jJ74k=,pA/ymSgXAtgPreqOQEKSfslw8ds=
-8,-2,3/yhDLDWAvIYdO6vH1L6o5jJ74k=,01GtVAD7RzI+/AZU5gL2C1qFb1w=
-7,-6,3/yhDLDWAvIYdO6vH1L6o5jJ74k=,01GtVAD7RzI+/AZU5gL2C1qFb1w=
-6,-6,3/yhDLDWAvIYdO6vH1L6o5jJ74k=,01GtVAD7RzI+/AZU5gL2C1qFb1w=
-8,-1,3/yhDLDWAvIYdO6vH1L6o5jJ74k=,01GtVAD7RzI+/AZU5gL2C1qFb1w=
-2,-2,3/yhDLDWAvIYdO6vH1L6o5jJ74k=,01GtVAD7RzI+/AZU5gL2C1qFb1w=
-1,-2,3/yhDLDWAvIYdO6vH1L6o5jJ74k=,01GtVAD7RzI+/AZU5gL2C1qFb1w=
-3,-2,3/yhDLDWAvIYdO6vH1L6o5jJ74k=,01GtVAD7RzI+/AZU5gL2C1qFb1w=
-5,-2,3/yhDLDWAvIYdO6vH1L6o5jJ74k=,01GtVAD7RzI+/AZU5gL2C1qFb1w=
-6,-2,3/yhDLDWAvIYdO6vH1L6o5jJ74k=,01GtVAD7RzI+/AZU5gL2C1qFb1w=
-7,-2,3/yhDLDWAvIYdO6vH1L6o5jJ74k=,01GtVAD7RzI+/AZU5gL2C1qFb1w=
-5,-1,3/yhDLDWAvIYdO6vH1L6o5jJ74k=,01GtVAD7RzI+/AZU5gL2C1qFb1w=
-4,-1,3/yhDLDWAvIYdO6vH1L6o5jJ74k=,01GtVAD7RzI+/AZU5gL2C1qFb1w=
-4,-2,3/yhDLDWAvIYdO6vH1L6o5jJ74k=,01GtVAD7RzI+/AZU5gL2C1qFb1w=
-19,-2,rmXBk5KaT0cZBskG8XeQ8rhNH04=,qFcRNVhyEZOf2Jz1GGvzU4pzubg=
-20,-1,rmXBk5KaT0cZBskG8XeQ8rhNH04=,qFcRNVhyEZOf2Jz1GGvzU4pzubg=
-19,-3,rmXBk5KaT0cZBskG8XeQ8rhNH04=,qFcRNVhyEZOf2Jz1GGvzU4pzubg=
-20,-2,rmXBk5KaT0cZBskG8XeQ8rhNH04=,qFcRNVhyEZOf2Jz1GGvzU4pzubg=
-22,-1,rmXBk5KaT0cZBskG8XeQ8rhNH04=,qFcRNVhyEZOf2Jz1GGvzU4pzubg=
-17,-4,rmXBk5KaT0cZBskG8XeQ8rhNH04=,qFcRNVhyEZOf2Jz1GGvzU4pzubg=
-23,-6,rmXBk5KaT0cZBskG8XeQ8rhNH04=,qFcRNVhyEZOf2Jz1GGvzU4pzubg=
-21,-1,rmXBk5KaT0cZBskG8XeQ8rhNH04=,qFcRNVhyEZOf2Jz1GGvzU4pzubg=
-23,-4,rmXBk5KaT0cZBskG8XeQ8rhNH04=,qFcRNVhyEZOf2Jz1GGvzU4pzubg=
-22,-2,rmXBk5KaT0cZBskG8XeQ8rhNH04=,qFcRNVhyEZOf2Jz1GGvzU4pzubg=
-23,-1,rmXBk5KaT0cZBskG8XeQ8rhNH04=,qFcRNVhyEZOf2Jz1GGvzU4pzubg=
-24,-2,rmXBk5KaT0cZBskG8XeQ8rhNH04=,qFcRNVhyEZOf2Jz1GGvzU4pzubg=
-21,-2,rmXBk5KaT0cZBskG8XeQ8rhNH04=,qFcRNVhyEZOf2Jz1GGvzU4pzubg=
-24,-1,rmXBk5KaT0cZBskG8XeQ8rhNH04=,qFcRNVhyEZOf2Jz1GGvzU4pzubg=
-23,-5,rmXBk5KaT0cZBskG8XeQ8rhNH04=,qFcRNVhyEZOf2Jz1GGvzU4pzubg=
-18,-4,rmXBk5KaT0cZBskG8XeQ8rhNH04=,qFcRNVhyEZOf2Jz1GGvzU4pzubg=
-23,-2,rmXBk5KaT0cZBskG8XeQ8rhNH04=,qFcRNVhyEZOf2Jz1GGvzU4pzubg=
-17,-2,rmXBk5KaT0cZBskG8XeQ8rhNH04=,qFcRNVhyEZOf2Jz1GGvzU4pzubg=
-24,-6,rmXBk5KaT0cZBskG8XeQ8rhNH04=,qFcRNVhyEZOf2Jz1GGvzU4pzubg=
-18,-2,rmXBk5KaT0cZBskG8XeQ8rhNH04=,qFcRNVhyEZOf2Jz1GGvzU4pzubg=
-24,-5,rmXBk5KaT0cZBskG8XeQ8rhNH04=,qFcRNVhyEZOf2Jz1GGvzU4pzubg=
-17,-3,rmXBk5KaT0cZBskG8XeQ8rhNH04=,qFcRNVhyEZOf2Jz1GGvzU4pzubg=
-17,-5,rmXBk5KaT0cZBskG8XeQ8rhNH04=,qFcRNVhyEZOf2Jz1GGvzU4pzubg=
-24,-4,rmXBk5KaT0cZBskG8XeQ8rhNH04=,qFcRNVhyEZOf2Jz1GGvzU4pzubg=
-17,-6,rmXBk5KaT0cZBskG8XeQ8rhNH04=,qFcRNVhyEZOf2Jz1GGvzU4pzubg=
-19,-4,rmXBk5KaT0cZBskG8XeQ8rhNH04=,qFcRNVhyEZOf2Jz1GGvzU4pzubg=
-20,-3,rmXBk5KaT0cZBskG8XeQ8rhNH04=,qFcRNVhyEZOf2Jz1GGvzU4pzubg=
-18,-6,rmXBk5KaT0cZBskG8XeQ8rhNH04=,qFcRNVhyEZOf2Jz1GGvzU4pzubg=
-18,-3,rmXBk5KaT0cZBskG8XeQ8rhNH04=,qFcRNVhyEZOf2Jz1GGvzU4pzubg=
-20,-4,rmXBk5KaT0cZBskG8XeQ8rhNH04=,qFcRNVhyEZOf2Jz1GGvzU4pzubg=
-19,-6,rmXBk5KaT0cZBskG8XeQ8rhNH04=,qFcRNVhyEZOf2Jz1GGvzU4pzubg=
-19,-5,rmXBk5KaT0cZBskG8XeQ8rhNH04=,qFcRNVhyEZOf2Jz1GGvzU4pzubg=
-22,-4,rmXBk5KaT0cZBskG8XeQ8rhNH04=,qFcRNVhyEZOf2Jz1GGvzU4pzubg=
-20,-5,rmXBk5KaT0cZBskG8XeQ8rhNH04=,qFcRNVhyEZOf2Jz1GGvzU4pzubg=
-23,-7,rmXBk5KaT0cZBskG8XeQ8rhNH04=,qFcRNVhyEZOf2Jz1GGvzU4pzubg=
-21,-3,rmXBk5KaT0cZBskG8XeQ8rhNH04=,qFcRNVhyEZOf2Jz1GGvzU4pzubg=
-18,-5,rmXBk5KaT0cZBskG8XeQ8rhNH04=,qFcRNVhyEZOf2Jz1GGvzU4pzubg=
-21,-4,rmXBk5KaT0cZBskG8XeQ8rhNH04=,qFcRNVhyEZOf2Jz1GGvzU4pzubg=
-17,-7,rmXBk5KaT0cZBskG8XeQ8rhNH04=,qFcRNVhyEZOf2Jz1GGvzU4pzubg=
-19,-7,rmXBk5KaT0cZBskG8XeQ8rhNH04=,qFcRNVhyEZOf2Jz1GGvzU4pzubg=
-18,-7,rmXBk5KaT0cZBskG8XeQ8rhNH04=,qFcRNVhyEZOf2Jz1GGvzU4pzubg=
-21,-7,rmXBk5KaT0cZBskG8XeQ8rhNH04=,qFcRNVhyEZOf2Jz1GGvzU4pzubg=
-20,-7,rmXBk5KaT0cZBskG8XeQ8rhNH04=,qFcRNVhyEZOf2Jz1GGvzU4pzubg=
-24,-8,rmXBk5KaT0cZBskG8XeQ8rhNH04=,qFcRNVhyEZOf2Jz1GGvzU4pzubg=
-22,-7,rmXBk5KaT0cZBskG8XeQ8rhNH04=,qFcRNVhyEZOf2Jz1GGvzU4pzubg=
-20,-6,rmXBk5KaT0cZBskG8XeQ8rhNH04=,qFcRNVhyEZOf2Jz1GGvzU4pzubg=
-21,-6,rmXBk5KaT0cZBskG8XeQ8rhNH04=,qFcRNVhyEZOf2Jz1GGvzU4pzubg=
-22,-3,rmXBk5KaT0cZBskG8XeQ8rhNH04=,qFcRNVhyEZOf2Jz1GGvzU4pzubg=
-23,-3,rmXBk5KaT0cZBskG8XeQ8rhNH04=,qFcRNVhyEZOf2Jz1GGvzU4pzubg=
-21,-5,rmXBk5KaT0cZBskG8XeQ8rhNH04=,qFcRNVhyEZOf2Jz1GGvzU4pzubg=
-22,-6,rmXBk5KaT0cZBskG8XeQ8rhNH04=,qFcRNVhyEZOf2Jz1GGvzU4pzubg=
-23,-8,rmXBk5KaT0cZBskG8XeQ8rhNH04=,qFcRNVhyEZOf2Jz1GGvzU4pzubg=
-19,-8,rmXBk5KaT0cZBskG8XeQ8rhNH04=,qFcRNVhyEZOf2Jz1GGvzU4pzubg=
-20,-8,rmXBk5KaT0cZBskG8XeQ8rhNH04=,qFcRNVhyEZOf2Jz1GGvzU4pzubg=
-18,-8,rmXBk5KaT0cZBskG8XeQ8rhNH04=,qFcRNVhyEZOf2Jz1GGvzU4pzubg=
-17,-8,rmXBk5KaT0cZBskG8XeQ8rhNH04=,qFcRNVhyEZOf2Jz1GGvzU4pzubg=
-22,-5,rmXBk5KaT0cZBskG8XeQ8rhNH04=,qFcRNVhyEZOf2Jz1GGvzU4pzubg=
-17,-1,rmXBk5KaT0cZBskG8XeQ8rhNH04=,qFcRNVhyEZOf2Jz1GGvzU4pzubg=
-22,-8,rmXBk5KaT0cZBskG8XeQ8rhNH04=,qFcRNVhyEZOf2Jz1GGvzU4pzubg=
-19,-1,rmXBk5KaT0cZBskG8XeQ8rhNH04=,qFcRNVhyEZOf2Jz1GGvzU4pzubg=
-21,-8,rmXBk5KaT0cZBskG8XeQ8rhNH04=,qFcRNVhyEZOf2Jz1GGvzU4pzubg=
-24,-7,rmXBk5KaT0cZBskG8XeQ8rhNH04=,qFcRNVhyEZOf2Jz1GGvzU4pzubg=
-24,-3,rmXBk5KaT0cZBskG8XeQ8rhNH04=,qFcRNVhyEZOf2Jz1GGvzU4pzubg=
-18,-1,rmXBk5KaT0cZBskG8XeQ8rhNH04=,qFcRNVhyEZOf2Jz1GGvzU4pzubg=
