60,-5,12mhzzqFatMlPyf0J1iWQITGowI=,xshhKbsPwDFe/UYC47MvfGkr1rk=
59,-8,12mhzzqFatMlPyf0J1iWQITGowI=,xshhKbsPwDFe/UYC47MvfGkr1rk=
61,-6,12mhzzqFatMlPyf0J1iWQITGowI=,xshhKbsPwDFe/UYC47MvfGkr1rk=
62,-1,12mhzzqFatMlPyf0J1iWQITGowI=,xshhKbsPwDFe/UYC47MvfGkr1rk=
63,-1,12mhzzqFatMlPyf0J1iWQITGowI=,xshhKbsPwDFe/UYC47MvfGkr1rk=
59,-5,12mhzzqFatMlPyf0J1iWQITGowI=,xshhKbsPwDFe/UYC47MvfGkr1rk=
61,-1,12mhzzqFatMlPyf0J1iWQITGowI=,xshhKbsPwDFe/UYC47MvfGkr1rk=
60,-6,12mhzzqFatMlPyf0J1iWQITGowI=,xshhKbsPwDFe/UYC47MvfGkr1rk=
63,-7,12mhzzqFatMlPyf0J1iWQITGowI=,xshhKbsPwDFe/UYC47MvfGkr1rk=
58,-6,12mhzzqFatMlPyf0J1iWQITGowI=,xshhKbsPwDFe/UYC47MvfGkr1rk=
59,-6,12mhzzqFatMlPyf0J1iWQITGowI=,xshhKbsPwDFe/UYC47MvfGkr1rk=
60,-1,12mhzzqFatMlPyf0J1iWQITGowI=,xshhKbsPwDFe/UYC47MvfGkr1rk=
59,-1,12mhzzqFatMlPyf0J1iWQITGowI=,xshhKbsPwDFe/UYC47MvfGkr1rk=
57,-6,12mhzzqFatMlPyf0J1iWQITGowI=,xshhKbsPwDFe/UYC47MvfGkr1rk=
58,-8,12mhzzqFatMlPyf0J1iWQITGowI=,xshhKbsPwDFe/UYC47MvfGkr1rk=
58,-1,12mhzzqFatMlPyf0J1iWQITGowI=,xshhKbsPwDFe/UYC47MvfGkr1rk=
58,-5,12mhzzqFatMlPyf0J1iWQITGowI=,xshhKbsPwDFe/UYC47MvfGkr1rk=
57,-1,12mhzzqFatMlPyf0J1iWQITGowI=,xshhKbsPwDFe/UYC47MvfGkr1rk=
57,-8,12mhzzqFatMlPyf0J1iWQITGowI=,xshhKbsPwDFe/UYC47MvfGkr1rk=
57,-7,12mhzzqFatMlPyf0J1iWQITGowI=,xshhKbsPwDFe/UYC47MvfGkr1rk=
63,-2,12mhzzqFatMlPyf0J1iWQITGowI=,xshhKbsPwDFe/UYC47MvfGkr1rk=
61,-2,12mhzzqFatMlPyf0J1iWQITGowI=,xshhKbsPwDFe/UYC47MvfGkr1rk=
62,-2,12mhzzqFatMlPyf0J1iWQITGowI=,xshhKbsPwDFe/UYC47MvfGkr1rk=
60,-2,12mhzzqFatMlPyf0J1iWQITGowI=,xshhKbsPwDFe/UYC47MvfGkr1rk=
59,-2,12mhzzqFatMlPyf0J1iWQITGowI=,xshhKbsPwDFe/UYC47MvfGkr1rk=
58,-2,12mhzzqFatMlPyf0J1iWQITGowI=,xshhKbsPwDFe/UYC47MvfGkr1rk=
57,-2,12mhzzqFatMlPyf0J1iWQITGowI=,xshhKbsPwDFe/UYC47MvfGkr1rk=
63,-3,12mhzzqFatMlPyf0J1iWQITGowI=,xshhKbsPwDFe/UYC47MvfGkr1rk=
62,-7,12mhzzqFatMlPyf0J1iWQITGowI=,xshhKbsPwDFe/UYC47MvfGkr1rk=
57,-5,12mhzzqFatMlPyf0J1iWQITGowI=,xshhKbsPwDFe/UYC47MvfGkr1rk=
62,-3,12mhzzqFatMlPyf0J1iWQITGowI=,xshhKbsPwDFe/UYC47MvfGkr1rk=
61,-3,12mhzzqFatMlPyf0J1iWQITGowI=,xshhKbsPwDFe/UYC47MvfGkr1rk=
59,-3,12mhzzqFatMlPyf0J1iWQITGowI=,xshhKbsPwDFe/UYC47MvfGkr1rk=
60,-3,12mhzzqFatMlPyf0J1iWQITGowI=,xshhKbsPwDFe/UYC47MvfGkr1rk=
58,-3,12mhzzqFatMlPyf0J1iWQITGowI=,xshhKbsPwDFe/UYC47MvfGkr1rk=
60,-7,12mhzzqFatMlPyf0J1iWQITGowI=,xshhKbsPwDFe/UYC47MvfGkr1rk=
57,-3,12mhzzqFatMlPyf0J1iWQITGowI=,xshhKbsPwDFe/UYC47MvfGkr1rk=
61,-7,12mhzzqFatMlPyf0J1iWQITGowI=,xshhKbsPwDFe/UYC47MvfGkr1rk=
63,-6,12mhzzqFatMlPyf0J1iWQITGowI=,xshhKbsPwDFe/UYC47MvfGkr1rk=
62,-4,12mhzzqFatMlPyf0J1iWQITGowI=,xshhKbsPwDFe/UYC47MvfGkr1rk=
61,-4,12mhzzqFatMlPyf0J1iWQITGowI=,xshhKbsPwDFe/UYC47MvfGkr1rk=
60,-4,12mhzzqFatMlPyf0J1iWQITGowI=,xshhKbsPwDFe/UYC47MvfGkr1rk=
63,-4,12mhzzqFatMlPyf0J1iWQITGowI=,xshhKbsPwDFe/UYC47MvfGkr1rk=
59,-4,12mhzzqFatMlPyf0J1iWQITGowI=,xshhKbsPwDFe/UYC47MvfGkr1rk=
59,-7,12mhzzqFatMlPyf0J1iWQITGowI=,xshhKbsPwDFe/UYC47MvfGkr1rk=
63,-8,12mhzzqFatMlPyf0J1iWQITGowI=,xshhKbsPwDFe/UYC47MvfGkr1rk=
62,-8,12mhzzqFatMlPyf0J1iWQITGowI=,xshhKbsPwDFe/UYC47MvfGkr1rk=
61,-8,12mhzzqFatMlPyf0J1iWQITGowI=,xshhKbsPwDFe/UYC47MvfGkr1rk=
60,-8,12mhzzqFatMlPyf0J1iWQITGowI=,xshhKbsPwDFe/UYC47MvfGkr1rk=
58,-4,12mhzzqFatMlPyf0J1iWQITGowI=,xshhKbsPwDFe/UYC47MvfGkr1rk=
57,-4,12mhzzqFatMlPyf0J1iWQITGowI=,xshhKbsPwDFe/UYC47MvfGkr1rk=
58,-7,12mhzzqFatMlPyf0J1iWQITGowI=,xshhKbsPwDFe/UYC47MvfGkr1rk=
63,-5,12mhzzqFatMlPyf0J1iWQITGowI=,xshhKbsPwDFe/UYC47MvfGkr1rk=
62,-6,12mhzzqFatMlPyf0J1iWQITGowI=,xshhKbsPwDFe/UYC47MvfGkr1rk=
62,-5,12mhzzqFatMlPyf0J1iWQITGowI=,xshhKbsPwDFe/UYC47MvfGkr1rk=
61,-5,12mhzzqFatMlPyf0J1iWQITGowI=,xshhKbsPwDFe/UYC47MvfGkr1rk=
51,-1,12mhzzqFatMlPyf0J1iWQITGowI=,3+NrW1g8uAY7oJcQ5hJK9cbPRX4=
49,-1,12mhzzqFatMlPyf0J1iWQITGowI=,3+NrW1g8uAY7oJcQ5hJK9cbPRX4=
50,-1,12mhzzqFatMlPyf0J1iWQITGowI=,3+NrW1g8uAY7oJcQ5hJK9cbPRX4=
52,-1,12mhzzqFatMlPyf0J1iWQITGowI=,3+NrW1g8uAY7oJcQ5hJK9cbPRX4=
54,-2,12mhzzqFatMlPyf0J1iWQITGowI=,3+NrW1g8uAY7oJcQ5hJK9cbPRX4=
55,-2,12mhzzqFatMlPyf0J1iWQITGowI=,3+NrW1g8uAY7oJcQ5hJK9cbPRX4=
53,-2,12mhzzqFatMlPyf0J1iWQITGowI=,3+NrW1g8uAY7oJcQ5hJK9cbPRX4=
52,-2,12mhzzqFatMlPyf0J1iWQITGowI=,3+NrW1g8uAY7oJcQ5hJK9cbPRX4=
53,-1,12mhzzqFatMlPyf0J1iWQITGowI=,3+NrW1g8uAY7oJcQ5hJK9cbPRX4=
51,-2,12mhzzqFatMlPyf0J1iWQITGowI=,3+NrW1g8uAY7oJcQ5hJK9cbPRX4=
54,-1,12mhzzqFatMlPyf0J1iWQITGowI=,3+NrW1g8uAY7oJcQ5hJK9cbPRX4=
50,-2,12mhzzqFatMlPyf0J1iWQITGowI=,3+NrW1g8uAY7oJcQ5hJK9cbPRX4=
55,-3,12mhzzqFatMlPyf0J1iWQITGowI=,3+NrW1g8uAY7oJcQ5hJK9cbPRX4=
48,-2,12mhzzqFatMlPyf0J1iWQITGowI=,3+NrW1g8uAY7oJcQ5hJK9cbPRX4=
54,-3,12mhzzqFatMlPyf0J1iWQITGowI=,3+NrW1g8uAY7oJcQ5hJK9cbPRX4=
55,-1,12mhzzqFatMlPyf0J1iWQITGowI=,3+NrW1g8uAY7oJcQ5hJK9cbPRX4=
53,-3,12mhzzqFatMlPyf0J1iWQITGowI=,3+NrW1g8uAY7oJcQ5hJK9cbPRX4=
51,-3,12mhzzqFatMlPyf0J1iWQITGowI=,3+NrW1g8uAY7oJcQ5hJK9cbPRX4=
52,-3,12mhzzqFatMlPyf0J1iWQITGowI=,3+NrW1g8uAY7oJcQ5hJK9cbPRX4=
56,-8,12mhzzqFatMlPyf0J1iWQITGowI=,xshhKbsPwDFe/UYC47MvfGkr1rk=
50,-3,12mhzzqFatMlPyf0J1iWQITGowI=,3+NrW1g8uAY7oJcQ5hJK9cbPRX4=
49,-2,12mhzzqFatMlPyf0J1iWQITGowI=,3+NrW1g8uAY7oJcQ5hJK9cbPRX4=
56,-6,12mhzzqFatMlPyf0J1iWQITGowI=,xshhKbsPwDFe/UYC47MvfGkr1rk=
56,-4,12mhzzqFatMlPyf0J1iWQITGowI=,xshhKbsPwDFe/UYC47MvfGkr1rk=
56,-1,12mhzzqFatMlPyf0J1iWQITGowI=,xshhKbsPwDFe/UYC47MvfGkr1rk=
48,-3,12mhzzqFatMlPyf0J1iWQITGowI=,3+NrW1g8uAY7oJcQ5hJK9cbPRX4=
49,-3,12mhzzqFatMlPyf0J1iWQITGowI=,3+NrW1g8uAY7oJcQ5hJK9cbPRX4=
55,-4,12mhzzqFatMlPyf0J1iWQITGowI=,3+NrW1g8uAY7oJcQ5hJK9cbPRX4=
54,-4,12mhzzqFatMlPyf0J1iWQITGowI=,3+NrW1g8uAY7oJcQ5hJK9cbPRX4=
53,-4,12mhzzqFatMlPyf0J1iWQITGowI=,3+NrW1g8uAY7oJcQ5hJK9cbPRX4=
48,-8,12mhzzqFatMlPyf0J1iWQITGowI=,3+NrW1g8uAY7oJcQ5hJK9cbPRX4=
52,-4,12mhzzqFatMlPyf0J1iWQITGowI=,3+NrW1g8uAY7oJcQ5hJK9cbPRX4=
49,-8,12mhzzqFatMlPyf0J1iWQITGowI=,3+NrW1g8uAY7oJcQ5hJK9cbPRX4=
51,-4,12mhzzqFatMlPyf0J1iWQITGowI=,3+NrW1g8uAY7oJcQ5hJK9cbPRX4=
50,-4,12mhzzqFatMlPyf0J1iWQITGowI=,3+NrW1g8uAY7oJcQ5hJK9cbPRX4=
54,-5,12mhzzqFatMlPyf0J1iWQITGowI=,3+NrW1g8uAY7oJcQ5hJK9cbPRX4=
50,-8,12mhzzqFatMlPyf0J1iWQITGowI=,3+NrW1g8uAY7oJcQ5hJK9cbPRX4=
48,-4,12mhzzqFatMlPyf0J1iWQITGowI=,3+NrW1g8uAY7oJcQ5hJK9cbPRX4=
52,-5,12mhzzqFatMlPyf0J1iWQITGowI=,3+NrW1g8uAY7oJcQ5hJK9cbPRX4=
55,-5,12mhzzqFatMlPyf0J1iWQITGowI=,3+NrW1g8uAY7oJcQ5hJK9cbPRX4=
53,-5,12mhzzqFatMlPyf0J1iWQITGowI=,3+NrW1g8uAY7oJcQ5hJK9cbPRX4=
51,-8,12mhzzqFatMlPyf0J1iWQITGowI=,3+NrW1g8uAY7oJcQ5hJK9cbPRX4=
51,-5,12mhzzqFatMlPyf0J1iWQITGowI=,3+NrW1g8uAY7oJcQ5hJK9cbPRX4=
50,-5,12mhzzqFatMlPyf0J1iWQITGowI=,3+NrW1g8uAY7oJcQ5hJK9cbPRX4=
49,-5,12mhzzqFatMlPyf0J1iWQITGowI=,3+NrW1g8uAY7oJcQ5hJK9cbPRX4=
52,-8,12mhzzqFatMlPyf0J1iWQITGowI=,3+NrW1g8uAY7oJcQ5hJK9cbPRX4=
54,-6,12mhzzqFatMlPyf0J1iWQITGowI=,3+NrW1g8uAY7oJcQ5hJK9cbPRX4=
48,-5,12mhzzqFatMlPyf0J1iWQITGowI=,3+NrW1g8uAY7oJcQ5hJK9cbPRX4=
53,-6,12mhzzqFatMlPyf0J1iWQITGowI=,3+NrW1g8uAY7oJcQ5hJK9cbPRX4=
52,-6,12mhzzqFatMlPyf0J1iWQITGowI=,3+NrW1g8uAY7oJcQ5hJK9cbPRX4=
53,-8,12mhzzqFatMlPyf0J1iWQITGowI=,3+NrW1g8uAY7oJcQ5hJK9cbPRX4=
56,-2,12mhzzqFatMlPyf0J1iWQITGowI=,xshhKbsPwDFe/UYC47MvfGkr1rk=
51,-6,12mhzzqFatMlPyf0J1iWQITGowI=,3+NrW1g8uAY7oJcQ5hJK9cbPRX4=
55,-6,12mhzzqFatMlPyf0J1iWQITGowI=,3+NrW1g8uAY7oJcQ5hJK9cbPRX4=
50,-6,12mhzzqFatMlPyf0J1iWQITGowI=,3+NrW1g8uAY7oJcQ5hJK9cbPRX4=
54,-8,12mhzzqFatMlPyf0J1iWQITGowI=,3+NrW1g8uAY7oJcQ5hJK9cbPRX4=
49,-6,12mhzzqFatMlPyf0J1iWQITGowI=,3+NrW1g8uAY7oJcQ5hJK9cbPRX4=
48,-6,12mhzzqFatMlPyf0J1iWQITGowI=,3+NrW1g8uAY7oJcQ5hJK9cbPRX4=
49,-4,12mhzzqFatMlPyf0J1iWQITGowI=,3+NrW1g8uAY7oJcQ5hJK9cbPRX4=
55,-7,12mhzzqFatMlPyf0J1iWQITGowI=,3+NrW1g8uAY7oJcQ5hJK9cbPRX4=
54,-7,12mhzzqFatMlPyf0J1iWQITGowI=,3+NrW1g8uAY7oJcQ5hJK9cbPRX4=
53,-7,12mhzzqFatMlPyf0J1iWQITGowI=,3+NrW1g8uAY7oJcQ5hJK9cbPRX4=
52,-7,12mhzzqFatMlPyf0J1iWQITGowI=,3+NrW1g8uAY7oJcQ5hJK9cbPRX4=
56,-5,12mhzzqFatMlPyf0J1iWQITGowI=,xshhKbsPwDFe/UYC47MvfGkr1rk=
51,-7,12mhzzqFatMlPyf0J1iWQITGowI=,3+NrW1g8uAY7oJcQ5hJK9cbPRX4=
56,-3,12mhzzqFatMlPyf0J1iWQITGowI=,xshhKbsPwDFe/UYC47MvfGkr1rk=
49,-7,12mhzzqFatMlPyf0J1iWQITGowI=,3+NrW1g8uAY7oJcQ5hJK9cbPRX4=
50,-7,12mhzzqFatMlPyf0J1iWQITGowI=,3+NrW1g8uAY7oJcQ5hJK9cbPRX4=
56,-7,12mhzzqFatMlPyf0J1iWQITGowI=,xshhKbsPwDFe/UYC47MvfGkr1rk=
48,-7,12mhzzqFatMlPyf0J1iWQITGowI=,3+NrW1g8uAY7oJcQ5hJK9cbPRX4=
48,-1,12mhzzqFatMlPyf0J1iWQITGowI=,3+NrW1g8uAY7oJcQ5hJK9cbPRX4=
55,-8,12mhzzqFatMlPyf0J1iWQITGowI=,3+NrW1g8uAY7oJcQ5hJK9cbPRX4=
63,-25,waygQU33+Twwa/Xf2HaRG49Hn/w=,yv9PAR41WafWdIngfMjVymGBkM0=
58,-31,waygQU33+Twwa/Xf2HaRG49Hn/w=,yv9PAR41WafWdIngfMjVymGBkM0=
59,-29,waygQU33+Twwa/Xf2HaRG49Hn/w=,yv9PAR41WafWdIngfMjVymGBkM0=
60,-29,waygQU33+Twwa/Xf2HaRG49Hn/w=,yv9PAR41WafWdIngfMjVymGBkM0=
61,-30,waygQU33+Twwa/Xf2HaRG49Hn/w=,yv9PAR41WafWdIngfMjVymGBkM0=
62,-25,waygQU33+Twwa/Xf2HaRG49Hn/w=,yv9PAR41WafWdIngfMjVymGBkM0=
59,-31,waygQU33+Twwa/Xf2HaRG49Hn/w=,yv9PAR41WafWdIngfMjVymGBkM0=
61,-29,waygQU33+Twwa/Xf2HaRG49Hn/w=,yv9PAR41WafWdIngfMjVymGBkM0=
60,-31,waygQU33+Twwa/Xf2HaRG49Hn/w=,yv9PAR41WafWdIngfMjVymGBkM0=
58,-29,waygQU33+Twwa/Xf2HaRG49Hn/w=,yv9PAR41WafWdIngfMjVymGBkM0=
61,-25,waygQU33+Twwa/Xf2HaRG49Hn/w=,yv9PAR41WafWdIngfMjVymGBkM0=
60,-25,waygQU33+Twwa/Xf2HaRG49Hn/w=,yv9PAR41WafWdIngfMjVymGBkM0=
62,-29,waygQU33+Twwa/Xf2HaRG49Hn/w=,yv9PAR41WafWdIngfMjVymGBkM0=
63,-29,waygQU33+Twwa/Xf2HaRG49Hn/w=,yv9PAR41WafWdIngfMjVymGBkM0=
62,-30,waygQU33+Twwa/Xf2HaRG49Hn/w=,yv9PAR41WafWdIngfMjVymGBkM0=
59,-25,waygQU33+Twwa/Xf2HaRG49Hn/w=,yv9PAR41WafWdIngfMjVymGBkM0=
60,-30,waygQU33+Twwa/Xf2HaRG49Hn/w=,yv9PAR41WafWdIngfMjVymGBkM0=
57,-28,waygQU33+Twwa/Xf2HaRG49Hn/w=,yv9PAR41WafWdIngfMjVymGBkM0=
58,-25,waygQU33+Twwa/Xf2HaRG49Hn/w=,yv9PAR41WafWdIngfMjVymGBkM0=
58,-28,waygQU33+Twwa/Xf2HaRG49Hn/w=,yv9PAR41WafWdIngfMjVymGBkM0=
57,-25,waygQU33+Twwa/Xf2HaRG49Hn/w=,yv9PAR41WafWdIngfMjVymGBkM0=
59,-28,waygQU33+Twwa/Xf2HaRG49Hn/w=,yv9PAR41WafWdIngfMjVymGBkM0=
60,-28,waygQU33+Twwa/Xf2HaRG49Hn/w=,yv9PAR41WafWdIngfMjVymGBkM0=
62,-26,waygQU33+Twwa/Xf2HaRG49Hn/w=,yv9PAR41WafWdIngfMjVymGBkM0=
63,-31,waygQU33+Twwa/Xf2HaRG49Hn/w=,yv9PAR41WafWdIngfMjVymGBkM0=
63,-26,waygQU33+Twwa/Xf2HaRG49Hn/w=,yv9PAR41WafWdIngfMjVymGBkM0=
61,-28,waygQU33+Twwa/Xf2HaRG49Hn/w=,yv9PAR41WafWdIngfMjVymGBkM0=
59,-32,waygQU33+Twwa/Xf2HaRG49Hn/w=,yv9PAR41WafWdIngfMjVymGBkM0=
58,-32,waygQU33+Twwa/Xf2HaRG49Hn/w=,yv9PAR41WafWdIngfMjVymGBkM0=
61,-26,waygQU33+Twwa/Xf2HaRG49Hn/w=,yv9PAR41WafWdIngfMjVymGBkM0=
62,-28,waygQU33+Twwa/Xf2HaRG49Hn/w=,yv9PAR41WafWdIngfMjVymGBkM0=
57,-30,waygQU33+Twwa/Xf2HaRG49Hn/w=,yv9PAR41WafWdIngfMjVymGBkM0=
57,-31,waygQU33+Twwa/Xf2HaRG49Hn/w=,yv9PAR41WafWdIngfMjVymGBkM0=
63,-30,waygQU33+Twwa/Xf2HaRG49Hn/w=,yv9PAR41WafWdIngfMjVymGBkM0=
62,-32,waygQU33+Twwa/Xf2HaRG49Hn/w=,yv9PAR41WafWdIngfMjVymGBkM0=
61,-32,waygQU33+Twwa/Xf2HaRG49Hn/w=,yv9PAR41WafWdIngfMjVymGBkM0=
60,-32,waygQU33+Twwa/Xf2HaRG49Hn/w=,yv9PAR41WafWdIngfMjVymGBkM0=
63,-32,waygQU33+Twwa/Xf2HaRG49Hn/w=,yv9PAR41WafWdIngfMjVymGBkM0=
61,-31,waygQU33+Twwa/Xf2HaRG49Hn/w=,yv9PAR41WafWdIngfMjVymGBkM0=
57,-29,waygQU33+Twwa/Xf2HaRG49Hn/w=,yv9PAR41WafWdIngfMjVymGBkM0=
57,-32,waygQU33+Twwa/Xf2HaRG49Hn/w=,yv9PAR41WafWdIngfMjVymGBkM0=
59,-30,waygQU33+Twwa/Xf2HaRG49Hn/w=,yv9PAR41WafWdIngfMjVymGBkM0=
63,-28,waygQU33+Twwa/Xf2HaRG49Hn/w=,yv9PAR41WafWdIngfMjVymGBkM0=
57,-26,waygQU33+Twwa/Xf2HaRG49Hn/w=,yv9PAR41WafWdIngfMjVymGBkM0=
59,-26,waygQU33+Twwa/Xf2HaRG49Hn/w=,yv9PAR41WafWdIngfMjVymGBkM0=
60,-26,waygQU33+Twwa/Xf2HaRG49Hn/w=,yv9PAR41WafWdIngfMjVymGBkM0=
58,-26,waygQU33+Twwa/Xf2HaRG49Hn/w=,yv9PAR41WafWdIngfMjVymGBkM0=
57,-27,waygQU33+Twwa/Xf2HaRG49Hn/w=,yv9PAR41WafWdIngfMjVymGBkM0=
63,-27,waygQU33+Twwa/Xf2HaRG49Hn/w=,yv9PAR41WafWdIngfMjVymGBkM0=
62,-27,waygQU33+Twwa/Xf2HaRG49Hn/w=,yv9PAR41WafWdIngfMjVymGBkM0=
62,-31,waygQU33+Twwa/Xf2HaRG49Hn/w=,yv9PAR41WafWdIngfMjVymGBkM0=
58,-30,waygQU33+Twwa/Xf2HaRG49Hn/w=,yv9PAR41WafWdIngfMjVymGBkM0=
59,-27,waygQU33+Twwa/Xf2HaRG49Hn/w=,yv9PAR41WafWdIngfMjVymGBkM0=
60,-27,waygQU33+Twwa/Xf2HaRG49Hn/w=,yv9PAR41WafWdIngfMjVymGBkM0=
58,-27,waygQU33+Twwa/Xf2HaRG49Hn/w=,yv9PAR41WafWdIngfMjVymGBkM0=
55,-25,waygQU33+Twwa/Xf2HaRG49Hn/w=,yv9PAR41WafWdIngfMjVymGBkM0=
61,-27,waygQU33+Twwa/Xf2HaRG49Hn/w=,yv9PAR41WafWdIngfMjVymGBkM0=
54,-25,waygQU33+Twwa/Xf2HaRG49Hn/w=,yv9PAR41WafWdIngfMjVymGBkM0=
53,-25,waygQU33+Twwa/Xf2HaRG49Hn/w=,yv9PAR41WafWdIngfMjVymGBkM0=
54,-30,waygQU33+Twwa/Xf2HaRG49Hn/w=,yv9PAR41WafWdIngfMjVymGBkM0=
55,-30,waygQU33+Twwa/Xf2HaRG49Hn/w=,yv9PAR41WafWdIngfMjVymGBkM0=
52,-30,waygQU33+Twwa/Xf2HaRG49Hn/w=,yv9PAR41WafWdIngfMjVymGBkM0=
51,-30,waygQU33+Twwa/Xf2HaRG49Hn/w=,yv9PAR41WafWdIngfMjVymGBkM0=
50,-30,waygQU33+Twwa/Xf2HaRG49Hn/w=,yv9PAR41WafWdIngfMjVymGBkM0=
53,-30,waygQU33+Twwa/Xf2HaRG49Hn/w=,yv9PAR41WafWdIngfMjVymGBkM0=
49,-30,waygQU33+Twwa/Xf2HaRG49Hn/w=,yv9PAR41WafWdIngfMjVymGBkM0=
54,-31,waygQU33+Twwa/Xf2HaRG49Hn/w=,yv9PAR41WafWdIngfMjVymGBkM0=
55,-31,waygQU33+Twwa/Xf2HaRG49Hn/w=,yv9PAR41WafWdIngfMjVymGBkM0=
48,-30,waygQU33+Twwa/Xf2HaRG49Hn/w=,yv9PAR41WafWdIngfMjVymGBkM0=
53,-31,waygQU33+Twwa/Xf2HaRG49Hn/w=,yv9PAR41WafWdIngfMjVymGBkM0=
52,-25,waygQU33+Twwa/Xf2HaRG49Hn/w=,yv9PAR41WafWdIngfMjVymGBkM0=
51,-31,waygQU33+Twwa/Xf2HaRG49Hn/w=,yv9PAR41WafWdIngfMjVymGBkM0=
50,-25,waygQU33+Twwa/Xf2HaRG49Hn/w=,yv9PAR41WafWdIngfMjVymGBkM0=
50,-31,waygQU33+Twwa/Xf2HaRG49Hn/w=,yv9PAR41WafWdIngfMjVymGBkM0=
51,-25,waygQU33+Twwa/Xf2HaRG49Hn/w=,yv9PAR41WafWdIngfMjVymGBkM0=
49,-25,waygQU33+Twwa/Xf2HaRG49Hn/w=,yv9PAR41WafWdIngfMjVymGBkM0=
52,-31,waygQU33+Twwa/Xf2HaRG49Hn/w=,yv9PAR41WafWdIngfMjVymGBkM0=
49,-31,waygQU33+Twwa/Xf2HaRG49Hn/w=,yv9PAR41WafWdIngfMjVymGBkM0=
48,-31,waygQU33+Twwa/Xf2HaRG49Hn/w=,yv9PAR41WafWdIngfMjVymGBkM0=
56,-25,waygQU33+Twwa/Xf2HaRG49Hn/w=,yv9PAR41WafWdIngfMjVymGBkM0=
55,-26,waygQU33+Twwa/Xf2HaRG49Hn/w=,yv9PAR41WafWdIngfMjVymGBkM0=
53,-26,waygQU33+Twwa/Xf2HaRG49Hn/w=,yv9PAR41WafWdIngfMjVymGBkM0=
48,-25,waygQU33+Twwa/Xf2HaRG49Hn/w=,yv9PAR41WafWdIngfMjVymGBkM0=
52,-32,waygQU33+Twwa/Xf2HaRG49Hn/w=,yv9PAR41WafWdIngfMjVymGBkM0=
51,-32,waygQU33+Twwa/Xf2HaRG49Hn/w=,yv9PAR41WafWdIngfMjVymGBkM0=
53,-32,waygQU33+Twwa/Xf2HaRG49Hn/w=,yv9PAR41WafWdIngfMjVymGBkM0=
54,-32,waygQU33+Twwa/Xf2HaRG49Hn/w=,yv9PAR41WafWdIngfMjVymGBkM0=
52,-26,waygQU33+Twwa/Xf2HaRG49Hn/w=,yv9PAR41WafWdIngfMjVymGBkM0=
49,-32,waygQU33+Twwa/Xf2HaRG49Hn/w=,yv9PAR41WafWdIngfMjVymGBkM0=
50,-32,waygQU33+Twwa/Xf2HaRG49Hn/w=,yv9PAR41WafWdIngfMjVymGBkM0=
48,-32,waygQU33+Twwa/Xf2HaRG49Hn/w=,yv9PAR41WafWdIngfMjVymGBkM0=
50,-26,waygQU33+Twwa/Xf2HaRG49Hn/w=,yv9PAR41WafWdIngfMjVymGBkM0=
51,-26,waygQU33+Twwa/Xf2HaRG49Hn/w=,yv9PAR41WafWdIngfMjVymGBkM0=
49,-26,waygQU33+Twwa/Xf2HaRG49Hn/w=,yv9PAR41WafWdIngfMjVymGBkM0=
48,-26,waygQU33+Twwa/Xf2HaRG49Hn/w=,yv9PAR41WafWdIngfMjVymGBkM0=
56,-31,waygQU33+Twwa/Xf2HaRG49Hn/w=,yv9PAR41WafWdIngfMjVymGBkM0=
54,-27,waygQU33+Twwa/Xf2HaRG49Hn/w=,yv9PAR41WafWdIngfMjVymGBkM0=
53,-27,waygQU33+Twwa/Xf2HaRG49Hn/w=,yv9PAR41WafWdIngfMjVymGBkM0=
52,-27,waygQU33+Twwa/Xf2HaRG49Hn/w=,yv9PAR41WafWdIngfMjVymGBkM0=
56,-29,waygQU33+Twwa/Xf2HaRG49Hn/w=,yv9PAR41WafWdIngfMjVymGBkM0=
56,-26,waygQU33+Twwa/Xf2HaRG49Hn/w=,yv9PAR41WafWdIngfMjVymGBkM0=
54,-26,waygQU33+Twwa/Xf2HaRG49Hn/w=,yv9PAR41WafWdIngfMjVymGBkM0=
51,-27,waygQU33+Twwa/Xf2HaRG49Hn/w=,yv9PAR41WafWdIngfMjVymGBkM0=
50,-27,waygQU33+Twwa/Xf2HaRG49Hn/w=,yv9PAR41WafWdIngfMjVymGBkM0=
49,-27,waygQU33+Twwa/Xf2HaRG49Hn/w=,yv9PAR41WafWdIngfMjVymGBkM0=
53,-28,waygQU33+Twwa/Xf2HaRG49Hn/w=,yv9PAR41WafWdIngfMjVymGBkM0=
54,-28,waygQU33+Twwa/Xf2HaRG49Hn/w=,yv9PAR41WafWdIngfMjVymGBkM0=
55,-28,waygQU33+Twwa/Xf2HaRG49Hn/w=,yv9PAR41WafWdIngfMjVymGBkM0=
52,-28,waygQU33+Twwa/Xf2HaRG49Hn/w=,yv9PAR41WafWdIngfMjVymGBkM0=
56,-30,waygQU33+Twwa/Xf2HaRG49Hn/w=,yv9PAR41WafWdIngfMjVymGBkM0=
48,-27,waygQU33+Twwa/Xf2HaRG49Hn/w=,yv9PAR41WafWdIngfMjVymGBkM0=
51,-28,waygQU33+Twwa/Xf2HaRG49Hn/w=,yv9PAR41WafWdIngfMjVymGBkM0=
49,-28,waygQU33+Twwa/Xf2HaRG49Hn/w=,yv9PAR41WafWdIngfMjVymGBkM0=
48,-28,waygQU33+Twwa/Xf2HaRG49Hn/w=,yv9PAR41WafWdIngfMjVymGBkM0=
50,-28,waygQU33+Twwa/Xf2HaRG49Hn/w=,yv9PAR41WafWdIngfMjVymGBkM0=
56,-28,waygQU33+Twwa/Xf2HaRG49Hn/w=,yv9PAR41WafWdIngfMjVymGBkM0=
55,-29,waygQU33+Twwa/Xf2HaRG49Hn/w=,yv9PAR41WafWdIngfMjVymGBkM0=
54,-29,waygQU33+Twwa/Xf2HaRG49Hn/w=,yv9PAR41WafWdIngfMjVymGBkM0=
48,-29,waygQU33+Twwa/Xf2HaRG49Hn/w=,yv9PAR41WafWdIngfMjVymGBkM0=
53,-29,waygQU33+Twwa/Xf2HaRG49Hn/w=,yv9PAR41WafWdIngfMjVymGBkM0=
56,-27,waygQU33+Twwa/Xf2HaRG49Hn/w=,yv9PAR41WafWdIngfMjVymGBkM0=
55,-27,waygQU33+Twwa/Xf2HaRG49Hn/w=,yv9PAR41WafWdIngfMjVymGBkM0=
52,-29,waygQU33+Twwa/Xf2HaRG49Hn/w=,yv9PAR41WafWdIngfMjVymGBkM0=
50,-29,waygQU33+Twwa/Xf2HaRG49Hn/w=,yv9PAR41WafWdIngfMjVymGBkM0=
51,-29,waygQU33+Twwa/Xf2HaRG49Hn/w=,yv9PAR41WafWdIngfMjVymGBkM0=
49,-29,waygQU33+Twwa/Xf2HaRG49Hn/w=,yv9PAR41WafWdIngfMjVymGBkM0=
56,-32,waygQU33+Twwa/Xf2HaRG49Hn/w=,yv9PAR41WafWdIngfMjVymGBkM0=
55,-32,waygQU33+Twwa/Xf2HaRG49Hn/w=,yv9PAR41WafWdIngfMjVymGBkM0=
44,-13,B/3/cCN8Z3gxSUTpgYX5V8YcuU4=,u8d9umylJjUW3zSDYOh1CJDuwXI=
45,-13,B/3/cCN8Z3gxSUTpgYX5V8YcuU4=,u8d9umylJjUW3zSDYOh1CJDuwXI=
46,-13,B/3/cCN8Z3gxSUTpgYX5V8YcuU4=,u8d9umylJjUW3zSDYOh1CJDuwXI=
41,-12,B/3/cCN8Z3gxSUTpgYX5V8YcuU4=,u8d9umylJjUW3zSDYOh1CJDuwXI=
42,-12,B/3/cCN8Z3gxSUTpgYX5V8YcuU4=,u8d9umylJjUW3zSDYOh1CJDuwXI=
43,-12,B/3/cCN8Z3gxSUTpgYX5V8YcuU4=,u8d9umylJjUW3zSDYOh1CJDuwXI=
44,-12,B/3/cCN8Z3gxSUTpgYX5V8YcuU4=,u8d9umylJjUW3zSDYOh1CJDuwXI=
45,-12,B/3/cCN8Z3gxSUTpgYX5V8YcuU4=,u8d9umylJjUW3zSDYOh1CJDuwXI=
46,-12,B/3/cCN8Z3gxSUTpgYX5V8YcuU4=,u8d9umylJjUW3zSDYOh1CJDuwXI=
41,-11,B/3/cCN8Z3gxSUTpgYX5V8YcuU4=,u8d9umylJjUW3zSDYOh1CJDuwXI=
42,-11,B/3/cCN8Z3gxSUTpgYX5V8YcuU4=,u8d9umylJjUW3zSDYOh1CJDuwXI=
43,-11,B/3/cCN8Z3gxSUTpgYX5V8YcuU4=,u8d9umylJjUW3zSDYOh1CJDuwXI=
44,-11,B/3/cCN8Z3gxSUTpgYX5V8YcuU4=,u8d9umylJjUW3zSDYOh1CJDuwXI=
45,-11,B/3/cCN8Z3gxSUTpgYX5V8YcuU4=,u8d9umylJjUW3zSDYOh1CJDuwXI=
46,-11,B/3/cCN8Z3gxSUTpgYX5V8YcuU4=,u8d9umylJjUW3zSDYOh1CJDuwXI=
41,-10,B/3/cCN8Z3gxSUTpgYX5V8YcuU4=,u8d9umylJjUW3zSDYOh1CJDuwXI=
42,-10,B/3/cCN8Z3gxSUTpgYX5V8YcuU4=,u8d9umylJjUW3zSDYOh1CJDuwXI=
43,-10,B/3/cCN8Z3gxSUTpgYX5V8YcuU4=,u8d9umylJjUW3zSDYOh1CJDuwXI=
44,-10,B/3/cCN8Z3gxSUTpgYX5V8YcuU4=,u8d9umylJjUW3zSDYOh1CJDuwXI=
45,-10,B/3/cCN8Z3gxSUTpgYX5V8YcuU4=,u8d9umylJjUW3zSDYOh1CJDuwXI=
46,-10,B/3/cCN8Z3gxSUTpgYX5V8YcuU4=,u8d9umylJjUW3zSDYOh1CJDuwXI=
41,-15,B/3/cCN8Z3gxSUTpgYX5V8YcuU4=,u8d9umylJjUW3zSDYOh1CJDuwXI=
42,-15,B/3/cCN8Z3gxSUTpgYX5V8YcuU4=,u8d9umylJjUW3zSDYOh1CJDuwXI=
43,-15,B/3/cCN8Z3gxSUTpgYX5V8YcuU4=,u8d9umylJjUW3zSDYOh1CJDuwXI=
44,-15,B/3/cCN8Z3gxSUTpgYX5V8YcuU4=,u8d9umylJjUW3zSDYOh1CJDuwXI=
45,-15,B/3/cCN8Z3gxSUTpgYX5V8YcuU4=,u8d9umylJjUW3zSDYOh1CJDuwXI=
46,-15,B/3/cCN8Z3gxSUTpgYX5V8YcuU4=,u8d9umylJjUW3zSDYOh1CJDuwXI=
41,-14,B/3/cCN8Z3gxSUTpgYX5V8YcuU4=,u8d9umylJjUW3zSDYOh1CJDuwXI=
42,-14,B/3/cCN8Z3gxSUTpgYX5V8YcuU4=,u8d9umylJjUW3zSDYOh1CJDuwXI=
43,-14,B/3/cCN8Z3gxSUTpgYX5V8YcuU4=,u8d9umylJjUW3zSDYOh1CJDuwXI=
44,-14,B/3/cCN8Z3gxSUTpgYX5V8YcuU4=,u8d9umylJjUW3zSDYOh1CJDuwXI=
45,-14,B/3/cCN8Z3gxSUTpgYX5V8YcuU4=,u8d9umylJjUW3zSDYOh1CJDuwXI=
46,-14,B/3/cCN8Z3gxSUTpgYX5V8YcuU4=,u8d9umylJjUW3zSDYOh1CJDuwXI=
41,-13,B/3/cCN8Z3gxSUTpgYX5V8YcuU4=,u8d9umylJjUW3zSDYOh1CJDuwXI=
42,-13,B/3/cCN8Z3gxSUTpgYX5V8YcuU4=,u8d9umylJjUW3zSDYOh1CJDuwXI=
43,-13,B/3/cCN8Z3gxSUTpgYX5V8YcuU4=,u8d9umylJjUW3zSDYOh1CJDuwXI=
36,-11,IyV9DsqukPxfTYRUwJhmywpuSK0=,u8d9umylJjUW3zSDYOh1CJDuwXI=
40,-12,IyV9DsqukPxfTYRUwJhmywpuSK0=,u8d9umylJjUW3zSDYOh1CJDuwXI=
37,-11,IyV9DsqukPxfTYRUwJhmywpuSK0=,u8d9umylJjUW3zSDYOh1CJDuwXI=
38,-11,IyV9DsqukPxfTYRUwJhmywpuSK0=,u8d9umylJjUW3zSDYOh1CJDuwXI=
39,-11,IyV9DsqukPxfTYRUwJhmywpuSK0=,u8d9umylJjUW3zSDYOh1CJDuwXI=
40,-11,IyV9DsqukPxfTYRUwJhmywpuSK0=,u8d9umylJjUW3zSDYOh1CJDuwXI=
33,-10,IyV9DsqukPxfTYRUwJhmywpuSK0=,u8d9umylJjUW3zSDYOh1CJDuwXI=
32,-10,IyV9DsqukPxfTYRUwJhmywpuSK0=,u8d9umylJjUW3zSDYOh1CJDuwXI=
32,-15,IyV9DsqukPxfTYRUwJhmywpuSK0=,u8d9umylJjUW3zSDYOh1CJDuwXI=
32,-14,IyV9DsqukPxfTYRUwJhmywpuSK0=,u8d9umylJjUW3zSDYOh1CJDuwXI=
32,-13,IyV9DsqukPxfTYRUwJhmywpuSK0=,u8d9umylJjUW3zSDYOh1CJDuwXI=
32,-12,IyV9DsqukPxfTYRUwJhmywpuSK0=,u8d9umylJjUW3zSDYOh1CJDuwXI=
32,-11,IyV9DsqukPxfTYRUwJhmywpuSK0=,u8d9umylJjUW3zSDYOh1CJDuwXI=
44,-3,IyV9DsqukPxfTYRUwJhmywpuSK0=,3+NrW1g8uAY7oJcQ5hJK9cbPRX4=
34,-10,IyV9DsqukPxfTYRUwJhmywpuSK0=,u8d9umylJjUW3zSDYOh1CJDuwXI=
35,-10,IyV9DsqukPxfTYRUwJhmywpuSK0=,u8d9umylJjUW3zSDYOh1CJDuwXI=
36,-10,IyV9DsqukPxfTYRUwJhmywpuSK0=,u8d9umylJjUW3zSDYOh1CJDuwXI=
43,-8,IyV9DsqukPxfTYRUwJhmywpuSK0=,3+NrW1g8uAY7oJcQ5hJK9cbPRX4=
37,-10,IyV9DsqukPxfTYRUwJhmywpuSK0=,u8d9umylJjUW3zSDYOh1CJDuwXI=
38,-10,IyV9DsqukPxfTYRUwJhmywpuSK0=,u8d9umylJjUW3zSDYOh1CJDuwXI=
39,-10,IyV9DsqukPxfTYRUwJhmywpuSK0=,u8d9umylJjUW3zSDYOh1CJDuwXI=
40,-10,IyV9DsqukPxfTYRUwJhmywpuSK0=,u8d9umylJjUW3zSDYOh1CJDuwXI=
33,-15,IyV9DsqukPxfTYRUwJhmywpuSK0=,u8d9umylJjUW3zSDYOh1CJDuwXI=
34,-15,IyV9DsqukPxfTYRUwJhmywpuSK0=,u8d9umylJjUW3zSDYOh1CJDuwXI=
35,-15,IyV9DsqukPxfTYRUwJhmywpuSK0=,u8d9umylJjUW3zSDYOh1CJDuwXI=
36,-15,IyV9DsqukPxfTYRUwJhmywpuSK0=,u8d9umylJjUW3zSDYOh1CJDuwXI=
37,-15,IyV9DsqukPxfTYRUwJhmywpuSK0=,u8d9umylJjUW3zSDYOh1CJDuwXI=
38,-15,IyV9DsqukPxfTYRUwJhmywpuSK0=,u8d9umylJjUW3zSDYOh1CJDuwXI=
33,-14,IyV9DsqukPxfTYRUwJhmywpuSK0=,u8d9umylJjUW3zSDYOh1CJDuwXI=
34,-14,IyV9DsqukPxfTYRUwJhmywpuSK0=,u8d9umylJjUW3zSDYOh1CJDuwXI=
39,-15,IyV9DsqukPxfTYRUwJhmywpuSK0=,u8d9umylJjUW3zSDYOh1CJDuwXI=
35,-14,IyV9DsqukPxfTYRUwJhmywpuSK0=,u8d9umylJjUW3zSDYOh1CJDuwXI=
36,-14,IyV9DsqukPxfTYRUwJhmywpuSK0=,u8d9umylJjUW3zSDYOh1CJDuwXI=
37,-14,IyV9DsqukPxfTYRUwJhmywpuSK0=,u8d9umylJjUW3zSDYOh1CJDuwXI=
38,-14,IyV9DsqukPxfTYRUwJhmywpuSK0=,u8d9umylJjUW3zSDYOh1CJDuwXI=
39,-14,IyV9DsqukPxfTYRUwJhmywpuSK0=,u8d9umylJjUW3zSDYOh1CJDuwXI=
33,-13,IyV9DsqukPxfTYRUwJhmywpuSK0=,u8d9umylJjUW3zSDYOh1CJDuwXI=
35,-13,IyV9DsqukPxfTYRUwJhmywpuSK0=,u8d9umylJjUW3zSDYOh1CJDuwXI=
34,-13,IyV9DsqukPxfTYRUwJhmywpuSK0=,u8d9umylJjUW3zSDYOh1CJDuwXI=
37,-13,IyV9DsqukPxfTYRUwJhmywpuSK0=,u8d9umylJjUW3zSDYOh1CJDuwXI=
36,-13,IyV9DsqukPxfTYRUwJhmywpuSK0=,u8d9umylJjUW3zSDYOh1CJDuwXI=
39,-13,IyV9DsqukPxfTYRUwJhmywpuSK0=,u8d9umylJjUW3zSDYOh1CJDuwXI=
38,-13,IyV9DsqukPxfTYRUwJhmywpuSK0=,u8d9umylJjUW3zSDYOh1CJDuwXI=
40,-15,IyV9DsqukPxfTYRUwJhmywpuSK0=,u8d9umylJjUW3zSDYOh1CJDuwXI=
33,-12,IyV9DsqukPxfTYRUwJhmywpuSK0=,u8d9umylJjUW3zSDYOh1CJDuwXI=
40,-14,IyV9DsqukPxfTYRUwJhmywpuSK0=,u8d9umylJjUW3zSDYOh1CJDuwXI=
34,-12,IyV9DsqukPxfTYRUwJhmywpuSK0=,u8d9umylJjUW3zSDYOh1CJDuwXI=
40,-13,IyV9DsqukPxfTYRUwJhmywpuSK0=,u8d9umylJjUW3zSDYOh1CJDuwXI=
35,-12,IyV9DsqukPxfTYRUwJhmywpuSK0=,u8d9umylJjUW3zSDYOh1CJDuwXI=
36,-12,IyV9DsqukPxfTYRUwJhmywpuSK0=,u8d9umylJjUW3zSDYOh1CJDuwXI=
37,-12,IyV9DsqukPxfTYRUwJhmywpuSK0=,u8d9umylJjUW3zSDYOh1CJDuwXI=
38,-12,IyV9DsqukPxfTYRUwJhmywpuSK0=,u8d9umylJjUW3zSDYOh1CJDuwXI=
39,-12,IyV9DsqukPxfTYRUwJhmywpuSK0=,u8d9umylJjUW3zSDYOh1CJDuwXI=
33,-11,IyV9DsqukPxfTYRUwJhmywpuSK0=,u8d9umylJjUW3zSDYOh1CJDuwXI=
34,-11,IyV9DsqukPxfTYRUwJhmywpuSK0=,u8d9umylJjUW3zSDYOh1CJDuwXI=
35,-11,IyV9DsqukPxfTYRUwJhmywpuSK0=,u8d9umylJjUW3zSDYOh1CJDuwXI=
47,-13,IyV9DsqukPxfTYRUwJhmywpuSK0=,u8d9umylJjUW3zSDYOh1CJDuwXI=
47,-12,IyV9DsqukPxfTYRUwJhmywpuSK0=,u8d9umylJjUW3zSDYOh1CJDuwXI=
47,-11,IyV9DsqukPxfTYRUwJhmywpuSK0=,u8d9umylJjUW3zSDYOh1CJDuwXI=
47,-10,IyV9DsqukPxfTYRUwJhmywpuSK0=,u8d9umylJjUW3zSDYOh1CJDuwXI=
47,-8,IyV9DsqukPxfTYRUwJhmywpuSK0=,3+NrW1g8uAY7oJcQ5hJK9cbPRX4=
47,-15,IyV9DsqukPxfTYRUwJhmywpuSK0=,u8d9umylJjUW3zSDYOh1CJDuwXI=
47,-14,IyV9DsqukPxfTYRUwJhmywpuSK0=,u8d9umylJjUW3zSDYOh1CJDuwXI=
47,-9,IyV9DsqukPxfTYRUwJhmywpuSK0=,u8d9umylJjUW3zSDYOh1CJDuwXI=
41,-16,IyV9DsqukPxfTYRUwJhmywpuSK0=,u8d9umylJjUW3zSDYOh1CJDuwXI=
42,-16,IyV9DsqukPxfTYRUwJhmywpuSK0=,u8d9umylJjUW3zSDYOh1CJDuwXI=
43,-16,IyV9DsqukPxfTYRUwJhmywpuSK0=,u8d9umylJjUW3zSDYOh1CJDuwXI=
44,-16,IyV9DsqukPxfTYRUwJhmywpuSK0=,u8d9umylJjUW3zSDYOh1CJDuwXI=
43,-3,IyV9DsqukPxfTYRUwJhmywpuSK0=,3+NrW1g8uAY7oJcQ5hJK9cbPRX4=
45,-16,IyV9DsqukPxfTYRUwJhmywpuSK0=,u8d9umylJjUW3zSDYOh1CJDuwXI=
46,-16,IyV9DsqukPxfTYRUwJhmywpuSK0=,u8d9umylJjUW3zSDYOh1CJDuwXI=
34,-16,IyV9DsqukPxfTYRUwJhmywpuSK0=,u8d9umylJjUW3zSDYOh1CJDuwXI=
33,-16,IyV9DsqukPxfTYRUwJhmywpuSK0=,u8d9umylJjUW3zSDYOh1CJDuwXI=
35,-16,IyV9DsqukPxfTYRUwJhmywpuSK0=,u8d9umylJjUW3zSDYOh1CJDuwXI=
36,-16,IyV9DsqukPxfTYRUwJhmywpuSK0=,u8d9umylJjUW3zSDYOh1CJDuwXI=
37,-16,IyV9DsqukPxfTYRUwJhmywpuSK0=,u8d9umylJjUW3zSDYOh1CJDuwXI=
38,-16,IyV9DsqukPxfTYRUwJhmywpuSK0=,u8d9umylJjUW3zSDYOh1CJDuwXI=
40,-16,IyV9DsqukPxfTYRUwJhmywpuSK0=,u8d9umylJjUW3zSDYOh1CJDuwXI=
39,-16,IyV9DsqukPxfTYRUwJhmywpuSK0=,u8d9umylJjUW3zSDYOh1CJDuwXI=
32,-16,IyV9DsqukPxfTYRUwJhmywpuSK0=,u8d9umylJjUW3zSDYOh1CJDuwXI=
47,-16,IyV9DsqukPxfTYRUwJhmywpuSK0=,u8d9umylJjUW3zSDYOh1CJDuwXI=
42,-3,IyV9DsqukPxfTYRUwJhmywpuSK0=,3+NrW1g8uAY7oJcQ5hJK9cbPRX4=
47,-1,IyV9DsqukPxfTYRUwJhmywpuSK0=,3+NrW1g8uAY7oJcQ5hJK9cbPRX4=
41,-3,IyV9DsqukPxfTYRUwJhmywpuSK0=,3+NrW1g8uAY7oJcQ5hJK9cbPRX4=
45,-4,IyV9DsqukPxfTYRUwJhmywpuSK0=,3+NrW1g8uAY7oJcQ5hJK9cbPRX4=
47,-4,IyV9DsqukPxfTYRUwJhmywpuSK0=,3+NrW1g8uAY7oJcQ5hJK9cbPRX4=
46,-4,IyV9DsqukPxfTYRUwJhmywpuSK0=,3+NrW1g8uAY7oJcQ5hJK9cbPRX4=
44,-4,IyV9DsqukPxfTYRUwJhmywpuSK0=,3+NrW1g8uAY7oJcQ5hJK9cbPRX4=
41,-7,IyV9DsqukPxfTYRUwJhmywpuSK0=,3+NrW1g8uAY7oJcQ5hJK9cbPRX4=
42,-4,IyV9DsqukPxfTYRUwJhmywpuSK0=,3+NrW1g8uAY7oJcQ5hJK9cbPRX4=
41,-4,IyV9DsqukPxfTYRUwJhmywpuSK0=,3+NrW1g8uAY7oJcQ5hJK9cbPRX4=
43,-4,IyV9DsqukPxfTYRUwJhmywpuSK0=,3+NrW1g8uAY7oJcQ5hJK9cbPRX4=
46,-5,IyV9DsqukPxfTYRUwJhmywpuSK0=,3+NrW1g8uAY7oJcQ5hJK9cbPRX4=
47,-5,IyV9DsqukPxfTYRUwJhmywpuSK0=,3+NrW1g8uAY7oJcQ5hJK9cbPRX4=
42,-8,IyV9DsqukPxfTYRUwJhmywpuSK0=,3+NrW1g8uAY7oJcQ5hJK9cbPRX4=
47,-7,IyV9DsqukPxfTYRUwJhmywpuSK0=,3+NrW1g8uAY7oJcQ5hJK9cbPRX4=
47,-6,IyV9DsqukPxfTYRUwJhmywpuSK0=,3+NrW1g8uAY7oJcQ5hJK9cbPRX4=
45,-5,IyV9DsqukPxfTYRUwJhmywpuSK0=,3+NrW1g8uAY7oJcQ5hJK9cbPRX4=
46,-9,IyV9DsqukPxfTYRUwJhmywpuSK0=,u8d9umylJjUW3zSDYOh1CJDuwXI=
45,-9,IyV9DsqukPxfTYRUwJhmywpuSK0=,u8d9umylJjUW3zSDYOh1CJDuwXI=
44,-5,IyV9DsqukPxfTYRUwJhmywpuSK0=,3+NrW1g8uAY7oJcQ5hJK9cbPRX4=
43,-5,IyV9DsqukPxfTYRUwJhmywpuSK0=,3+NrW1g8uAY7oJcQ5hJK9cbPRX4=
42,-5,IyV9DsqukPxfTYRUwJhmywpuSK0=,3+NrW1g8uAY7oJcQ5hJK9cbPRX4=
41,-8,IyV9DsqukPxfTYRUwJhmywpuSK0=,3+NrW1g8uAY7oJcQ5hJK9cbPRX4=
41,-5,IyV9DsqukPxfTYRUwJhmywpuSK0=,3+NrW1g8uAY7oJcQ5hJK9cbPRX4=
46,-6,IyV9DsqukPxfTYRUwJhmywpuSK0=,3+NrW1g8uAY7oJcQ5hJK9cbPRX4=
43,-9,IyV9DsqukPxfTYRUwJhmywpuSK0=,u8d9umylJjUW3zSDYOh1CJDuwXI=
44,-9,IyV9DsqukPxfTYRUwJhmywpuSK0=,u8d9umylJjUW3zSDYOh1CJDuwXI=
42,-9,IyV9DsqukPxfTYRUwJhmywpuSK0=,u8d9umylJjUW3zSDYOh1CJDuwXI=
41,-9,IyV9DsqukPxfTYRUwJhmywpuSK0=,u8d9umylJjUW3zSDYOh1CJDuwXI=
46,-7,IyV9DsqukPxfTYRUwJhmywpuSK0=,3+NrW1g8uAY7oJcQ5hJK9cbPRX4=
45,-6,IyV9DsqukPxfTYRUwJhmywpuSK0=,3+NrW1g8uAY7oJcQ5hJK9cbPRX4=
44,-6,IyV9DsqukPxfTYRUwJhmywpuSK0=,3+NrW1g8uAY7oJcQ5hJK9cbPRX4=
46,-8,IyV9DsqukPxfTYRUwJhmywpuSK0=,3+NrW1g8uAY7oJcQ5hJK9cbPRX4=
46,-1,IyV9DsqukPxfTYRUwJhmywpuSK0=,3+NrW1g8uAY7oJcQ5hJK9cbPRX4=
45,-1,IyV9DsqukPxfTYRUwJhmywpuSK0=,3+NrW1g8uAY7oJcQ5hJK9cbPRX4=
45,-7,IyV9DsqukPxfTYRUwJhmywpuSK0=,3+NrW1g8uAY7oJcQ5hJK9cbPRX4=
44,-1,IyV9DsqukPxfTYRUwJhmywpuSK0=,3+NrW1g8uAY7oJcQ5hJK9cbPRX4=
45,-8,IyV9DsqukPxfTYRUwJhmywpuSK0=,3+NrW1g8uAY7oJcQ5hJK9cbPRX4=
43,-1,IyV9DsqukPxfTYRUwJhmywpuSK0=,3+NrW1g8uAY7oJcQ5hJK9cbPRX4=
47,-2,IyV9DsqukPxfTYRUwJhmywpuSK0=,3+NrW1g8uAY7oJcQ5hJK9cbPRX4=
46,-2,IyV9DsqukPxfTYRUwJhmywpuSK0=,3+NrW1g8uAY7oJcQ5hJK9cbPRX4=
43,-6,IyV9DsqukPxfTYRUwJhmywpuSK0=,3+NrW1g8uAY7oJcQ5hJK9cbPRX4=
44,-7,IyV9DsqukPxfTYRUwJhmywpuSK0=,3+NrW1g8uAY7oJcQ5hJK9cbPRX4=
45,-2,IyV9DsqukPxfTYRUwJhmywpuSK0=,3+NrW1g8uAY7oJcQ5hJK9cbPRX4=
42,-6,IyV9DsqukPxfTYRUwJhmywpuSK0=,3+NrW1g8uAY7oJcQ5hJK9cbPRX4=
44,-8,IyV9DsqukPxfTYRUwJhmywpuSK0=,3+NrW1g8uAY7oJcQ5hJK9cbPRX4=
47,-3,IyV9DsqukPxfTYRUwJhmywpuSK0=,3+NrW1g8uAY7oJcQ5hJK9cbPRX4=
43,-7,IyV9DsqukPxfTYRUwJhmywpuSK0=,3+NrW1g8uAY7oJcQ5hJK9cbPRX4=
41,-6,IyV9DsqukPxfTYRUwJhmywpuSK0=,3+NrW1g8uAY7oJcQ5hJK9cbPRX4=
42,-7,IyV9DsqukPxfTYRUwJhmywpuSK0=,3+NrW1g8uAY7oJcQ5hJK9cbPRX4=
46,-3,IyV9DsqukPxfTYRUwJhmywpuSK0=,3+NrW1g8uAY7oJcQ5hJK9cbPRX4=
45,-3,IyV9DsqukPxfTYRUwJhmywpuSK0=,3+NrW1g8uAY7oJcQ5hJK9cbPRX4=
44,-2,IyV9DsqukPxfTYRUwJhmywpuSK0=,3+NrW1g8uAY7oJcQ5hJK9cbPRX4=
43,-2,IyV9DsqukPxfTYRUwJhmywpuSK0=,3+NrW1g8uAY7oJcQ5hJK9cbPRX4=
41,-1,IyV9DsqukPxfTYRUwJhmywpuSK0=,3+NrW1g8uAY7oJcQ5hJK9cbPRX4=
42,-1,IyV9DsqukPxfTYRUwJhmywpuSK0=,3+NrW1g8uAY7oJcQ5hJK9cbPRX4=
41,-2,IyV9DsqukPxfTYRUwJhmywpuSK0=,3+NrW1g8uAY7oJcQ5hJK9cbPRX4=
39,-6,IyV9DsqukPxfTYRUwJhmywpuSK0=,qnMiUbAgu3FrScA+o2WndGWIYTE=
42,-2,IyV9DsqukPxfTYRUwJhmywpuSK0=,3+NrW1g8uAY7oJcQ5hJK9cbPRX4=
40,-3,IyV9DsqukPxfTYRUwJhmywpuSK0=,3+NrW1g8uAY7oJcQ5hJK9cbPRX4=
35,-5,IyV9DsqukPxfTYRUwJhmywpuSK0=,qnMiUbAgu3FrScA+o2WndGWIYTE=
36,-5,IyV9DsqukPxfTYRUwJhmywpuSK0=,qnMiUbAgu3FrScA+o2WndGWIYTE=
40,-6,IyV9DsqukPxfTYRUwJhmywpuSK0=,3+NrW1g8uAY7oJcQ5hJK9cbPRX4=
34,-5,IyV9DsqukPxfTYRUwJhmywpuSK0=,qnMiUbAgu3FrScA+o2WndGWIYTE=
38,-6,IyV9DsqukPxfTYRUwJhmywpuSK0=,qnMiUbAgu3FrScA+o2WndGWIYTE=
33,-5,IyV9DsqukPxfTYRUwJhmywpuSK0=,qnMiUbAgu3FrScA+o2WndGWIYTE=
38,-1,IyV9DsqukPxfTYRUwJhmywpuSK0=,qnMiUbAgu3FrScA+o2WndGWIYTE=
39,-1,IyV9DsqukPxfTYRUwJhmywpuSK0=,qnMiUbAgu3FrScA+o2WndGWIYTE=
39,-7,IyV9DsqukPxfTYRUwJhmywpuSK0=,qnMiUbAgu3FrScA+o2WndGWIYTE=
37,-6,IyV9DsqukPxfTYRUwJhmywpuSK0=,qnMiUbAgu3FrScA+o2WndGWIYTE=
32,-5,IyV9DsqukPxfTYRUwJhmywpuSK0=,qnMiUbAgu3FrScA+o2WndGWIYTE=
37,-1,IyV9DsqukPxfTYRUwJhmywpuSK0=,qnMiUbAgu3FrScA+o2WndGWIYTE=
36,-1,IyV9DsqukPxfTYRUwJhmywpuSK0=,qnMiUbAgu3FrScA+o2WndGWIYTE=
37,-5,IyV9DsqukPxfTYRUwJhmywpuSK0=,qnMiUbAgu3FrScA+o2WndGWIYTE=
35,-6,IyV9DsqukPxfTYRUwJhmywpuSK0=,qnMiUbAgu3FrScA+o2WndGWIYTE=
40,-4,IyV9DsqukPxfTYRUwJhmywpuSK0=,3+NrW1g8uAY7oJcQ5hJK9cbPRX4=
38,-7,IyV9DsqukPxfTYRUwJhmywpuSK0=,qnMiUbAgu3FrScA+o2WndGWIYTE=
35,-1,IyV9DsqukPxfTYRUwJhmywpuSK0=,qnMiUbAgu3FrScA+o2WndGWIYTE=
33,-6,IyV9DsqukPxfTYRUwJhmywpuSK0=,qnMiUbAgu3FrScA+o2WndGWIYTE=
39,-8,IyV9DsqukPxfTYRUwJhmywpuSK0=,qnMiUbAgu3FrScA+o2WndGWIYTE=
34,-6,IyV9DsqukPxfTYRUwJhmywpuSK0=,qnMiUbAgu3FrScA+o2WndGWIYTE=
32,-6,IyV9DsqukPxfTYRUwJhmywpuSK0=,qnMiUbAgu3FrScA+o2WndGWIYTE=
40,-7,IyV9DsqukPxfTYRUwJhmywpuSK0=,3+NrW1g8uAY7oJcQ5hJK9cbPRX4=
34,-1,IyV9DsqukPxfTYRUwJhmywpuSK0=,qnMiUbAgu3FrScA+o2WndGWIYTE=
37,-7,IyV9DsqukPxfTYRUwJhmywpuSK0=,qnMiUbAgu3FrScA+o2WndGWIYTE=
36,-7,IyV9DsqukPxfTYRUwJhmywpuSK0=,qnMiUbAgu3FrScA+o2WndGWIYTE=
38,-5,IyV9DsqukPxfTYRUwJhmywpuSK0=,qnMiUbAgu3FrScA+o2WndGWIYTE=
39,-5,IyV9DsqukPxfTYRUwJhmywpuSK0=,qnMiUbAgu3FrScA+o2WndGWIYTE=
38,-8,IyV9DsqukPxfTYRUwJhmywpuSK0=,qnMiUbAgu3FrScA+o2WndGWIYTE=
35,-7,IyV9DsqukPxfTYRUwJhmywpuSK0=,qnMiUbAgu3FrScA+o2WndGWIYTE=
34,-7,IyV9DsqukPxfTYRUwJhmywpuSK0=,qnMiUbAgu3FrScA+o2WndGWIYTE=
33,-7,IyV9DsqukPxfTYRUwJhmywpuSK0=,qnMiUbAgu3FrScA+o2WndGWIYTE=
32,-7,IyV9DsqukPxfTYRUwJhmywpuSK0=,qnMiUbAgu3FrScA+o2WndGWIYTE=
33,-1,IyV9DsqukPxfTYRUwJhmywpuSK0=,qnMiUbAgu3FrScA+o2WndGWIYTE=
40,-5,IyV9DsqukPxfTYRUwJhmywpuSK0=,3+NrW1g8uAY7oJcQ5hJK9cbPRX4=
39,-9,IyV9DsqukPxfTYRUwJhmywpuSK0=,u8d9umylJjUW3zSDYOh1CJDuwXI=
32,-1,IyV9DsqukPxfTYRUwJhmywpuSK0=,qnMiUbAgu3FrScA+o2WndGWIYTE=
39,-2,IyV9DsqukPxfTYRUwJhmywpuSK0=,qnMiUbAgu3FrScA+o2WndGWIYTE=
36,-8,IyV9DsqukPxfTYRUwJhmywpuSK0=,qnMiUbAgu3FrScA+o2WndGWIYTE=
40,-9,IyV9DsqukPxfTYRUwJhmywpuSK0=,u8d9umylJjUW3zSDYOh1CJDuwXI=
40,-2,IyV9DsqukPxfTYRUwJhmywpuSK0=,3+NrW1g8uAY7oJcQ5hJK9cbPRX4=
38,-9,IyV9DsqukPxfTYRUwJhmywpuSK0=,u8d9umylJjUW3zSDYOh1CJDuwXI=
37,-8,IyV9DsqukPxfTYRUwJhmywpuSK0=,qnMiUbAgu3FrScA+o2WndGWIYTE=
38,-2,IyV9DsqukPxfTYRUwJhmywpuSK0=,qnMiUbAgu3FrScA+o2WndGWIYTE=
34,-8,IyV9DsqukPxfTYRUwJhmywpuSK0=,qnMiUbAgu3FrScA+o2WndGWIYTE=
33,-8,IyV9DsqukPxfTYRUwJhmywpuSK0=,qnMiUbAgu3FrScA+o2WndGWIYTE=
35,-8,IyV9DsqukPxfTYRUwJhmywpuSK0=,qnMiUbAgu3FrScA+o2WndGWIYTE=
32,-8,IyV9DsqukPxfTYRUwJhmywpuSK0=,qnMiUbAgu3FrScA+o2WndGWIYTE=
36,-6,IyV9DsqukPxfTYRUwJhmywpuSK0=,qnMiUbAgu3FrScA+o2WndGWIYTE=
37,-2,IyV9DsqukPxfTYRUwJhmywpuSK0=,qnMiUbAgu3FrScA+o2WndGWIYTE=
35,-2,IyV9DsqukPxfTYRUwJhmywpuSK0=,qnMiUbAgu3FrScA+o2WndGWIYTE=
32,-4,IyV9DsqukPxfTYRUwJhmywpuSK0=,qnMiUbAgu3FrScA+o2WndGWIYTE=
37,-9,IyV9DsqukPxfTYRUwJhmywpuSK0=,u8d9umylJjUW3zSDYOh1CJDuwXI=
34,-2,IyV9DsqukPxfTYRUwJhmywpuSK0=,qnMiUbAgu3FrScA+o2WndGWIYTE=
32,-2,IyV9DsqukPxfTYRUwJhmywpuSK0=,qnMiUbAgu3FrScA+o2WndGWIYTE=
36,-9,IyV9DsqukPxfTYRUwJhmywpuSK0=,u8d9umylJjUW3zSDYOh1CJDuwXI=
33,-2,IyV9DsqukPxfTYRUwJhmywpuSK0=,qnMiUbAgu3FrScA+o2WndGWIYTE=
35,-9,IyV9DsqukPxfTYRUwJhmywpuSK0=,u8d9umylJjUW3zSDYOh1CJDuwXI=
39,-4,IyV9DsqukPxfTYRUwJhmywpuSK0=,qnMiUbAgu3FrScA+o2WndGWIYTE=
39,-3,IyV9DsqukPxfTYRUwJhmywpuSK0=,qnMiUbAgu3FrScA+o2WndGWIYTE=
36,-3,IyV9DsqukPxfTYRUwJhmywpuSK0=,qnMiUbAgu3FrScA+o2WndGWIYTE=
37,-3,IyV9DsqukPxfTYRUwJhmywpuSK0=,qnMiUbAgu3FrScA+o2WndGWIYTE=
33,-4,IyV9DsqukPxfTYRUwJhmywpuSK0=,qnMiUbAgu3FrScA+o2WndGWIYTE=
38,-3,IyV9DsqukPxfTYRUwJhmywpuSK0=,qnMiUbAgu3FrScA+o2WndGWIYTE=
40,-8,IyV9DsqukPxfTYRUwJhmywpuSK0=,3+NrW1g8uAY7oJcQ5hJK9cbPRX4=
35,-3,IyV9DsqukPxfTYRUwJhmywpuSK0=,qnMiUbAgu3FrScA+o2WndGWIYTE=
33,-3,IyV9DsqukPxfTYRUwJhmywpuSK0=,qnMiUbAgu3FrScA+o2WndGWIYTE=
32,-3,IyV9DsqukPxfTYRUwJhmywpuSK0=,qnMiUbAgu3FrScA+o2WndGWIYTE=
38,-4,IyV9DsqukPxfTYRUwJhmywpuSK0=,qnMiUbAgu3FrScA+o2WndGWIYTE=
33,-9,IyV9DsqukPxfTYRUwJhmywpuSK0=,u8d9umylJjUW3zSDYOh1CJDuwXI=
34,-3,IyV9DsqukPxfTYRUwJhmywpuSK0=,qnMiUbAgu3FrScA+o2WndGWIYTE=
34,-9,IyV9DsqukPxfTYRUwJhmywpuSK0=,u8d9umylJjUW3zSDYOh1CJDuwXI=
37,-4,IyV9DsqukPxfTYRUwJhmywpuSK0=,qnMiUbAgu3FrScA+o2WndGWIYTE=
34,-4,IyV9DsqukPxfTYRUwJhmywpuSK0=,qnMiUbAgu3FrScA+o2WndGWIYTE=
32,-9,IyV9DsqukPxfTYRUwJhmywpuSK0=,u8d9umylJjUW3zSDYOh1CJDuwXI=
40,-1,IyV9DsqukPxfTYRUwJhmywpuSK0=,3+NrW1g8uAY7oJcQ5hJK9cbPRX4=
36,-4,IyV9DsqukPxfTYRUwJhmywpuSK0=,qnMiUbAgu3FrScA+o2WndGWIYTE=
35,-4,IyV9DsqukPxfTYRUwJhmywpuSK0=,qnMiUbAgu3FrScA+o2WndGWIYTE=
36,-2,IyV9DsqukPxfTYRUwJhmywpuSK0=,qnMiUbAgu3FrScA+o2WndGWIYTE=
