-42,53,fuoOQUflN0nbTNWJwdtHfs9UqGI=,QTsYHTmhGkbpvbVRNUwAz36+uBs=
-42,54,fuoOQUflN0nbTNWJwdtHfs9UqGI=,QTsYHTmhGkbpvbVRNUwAz36+uBs=
-46,50,fuoOQUflN0nbTNWJwdtHfs9UqGI=,QTsYHTmhGkbpvbVRNUwAz36+uBs=
-46,49,fuoOQUflN0nbTNWJwdtHfs9UqGI=,QTsYHTmhGkbpvbVRNUwAz36+uBs=
-45,50,fuoOQUflN0nbTNWJwdtHfs9UqGI=,QTsYHTmhGkbpvbVRNUwAz36+uBs=
-45,49,fuoOQUflN0nbTNWJwdtHfs9UqGI=,QTsYHTmhGkbpvbVRNUwAz36+uBs=
-44,50,fuoOQUflN0nbTNWJwdtHfs9UqGI=,QTsYHTmhGkbpvbVRNUwAz36+uBs=
-43,50,fuoOQUflN0nbTNWJwdtHfs9UqGI=,QTsYHTmhGkbpvbVRNUwAz36+uBs=
-47,54,fuoOQUflN0nbTNWJwdtHfs9UqGI=,QTsYHTmhGkbpvbVRNUwAz36+uBs=
-44,55,fuoOQUflN0nbTNWJwdtHfs9UqGI=,QTsYHTmhGkbpvbVRNUwAz36+uBs=
-43,55,fuoOQUflN0nbTNWJwdtHfs9UqGI=,QTsYHTmhGkbpvbVRNUwAz36+uBs=
-42,55,fuoOQUflN0nbTNWJwdtHfs9UqGI=,QTsYHTmhGkbpvbVRNUwAz36+uBs=
-47,56,fuoOQUflN0nbTNWJwdtHfs9UqGI=,oUYyGQJ2A/oM1usvpfrz+AIZTw0=
-46,56,fuoOQUflN0nbTNWJwdtHfs9UqGI=,oUYyGQJ2A/oM1usvpfrz+AIZTw0=
-45,56,fuoOQUflN0nbTNWJwdtHfs9UqGI=,oUYyGQJ2A/oM1usvpfrz+AIZTw0=
-44,56,fuoOQUflN0nbTNWJwdtHfs9UqGI=,oUYyGQJ2A/oM1usvpfrz+AIZTw0=
-43,56,fuoOQUflN0nbTNWJwdtHfs9UqGI=,oUYyGQJ2A/oM1usvpfrz+AIZTw0=
-42,56,fuoOQUflN0nbTNWJwdtHfs9UqGI=,oUYyGQJ2A/oM1usvpfrz+AIZTw0=
-47,57,fuoOQUflN0nbTNWJwdtHfs9UqGI=,oUYyGQJ2A/oM1usvpfrz+AIZTw0=
-46,57,fuoOQUflN0nbTNWJwdtHfs9UqGI=,oUYyGQJ2A/oM1usvpfrz+AIZTw0=
-45,57,fuoOQUflN0nbTNWJwdtHfs9UqGI=,oUYyGQJ2A/oM1usvpfrz+AIZTw0=
-44,57,fuoOQUflN0nbTNWJwdtHfs9UqGI=,oUYyGQJ2A/oM1usvpfrz+AIZTw0=
-43,57,fuoOQUflN0nbTNWJwdtHfs9UqGI=,oUYyGQJ2A/oM1usvpfrz+AIZTw0=
-42,57,fuoOQUflN0nbTNWJwdtHfs9UqGI=,oUYyGQJ2A/oM1usvpfrz+AIZTw0=
-47,58,fuoOQUflN0nbTNWJwdtHfs9UqGI=,oUYyGQJ2A/oM1usvpfrz+AIZTw0=
-46,58,fuoOQUflN0nbTNWJwdtHfs9UqGI=,oUYyGQJ2A/oM1usvpfrz+AIZTw0=
-45,58,fuoOQUflN0nbTNWJwdtHfs9UqGI=,oUYyGQJ2A/oM1usvpfrz+AIZTw0=
-44,58,fuoOQUflN0nbTNWJwdtHfs9UqGI=,oUYyGQJ2A/oM1usvpfrz+AIZTw0=
-43,58,fuoOQUflN0nbTNWJwdtHfs9UqGI=,oUYyGQJ2A/oM1usvpfrz+AIZTw0=
-42,58,fuoOQUflN0nbTNWJwdtHfs9UqGI=,oUYyGQJ2A/oM1usvpfrz+AIZTw0=
-46,55,fuoOQUflN0nbTNWJwdtHfs9UqGI=,QTsYHTmhGkbpvbVRNUwAz36+uBs=
-45,55,fuoOQUflN0nbTNWJwdtHfs9UqGI=,QTsYHTmhGkbpvbVRNUwAz36+uBs=
-47,59,fuoOQUflN0nbTNWJwdtHfs9UqGI=,oUYyGQJ2A/oM1usvpfrz+AIZTw0=
-43,54,fuoOQUflN0nbTNWJwdtHfs9UqGI=,QTsYHTmhGkbpvbVRNUwAz36+uBs=
-46,59,fuoOQUflN0nbTNWJwdtHfs9UqGI=,oUYyGQJ2A/oM1usvpfrz+AIZTw0=
-47,52,fuoOQUflN0nbTNWJwdtHfs9UqGI=,QTsYHTmhGkbpvbVRNUwAz36+uBs=
-45,59,fuoOQUflN0nbTNWJwdtHfs9UqGI=,oUYyGQJ2A/oM1usvpfrz+AIZTw0=
-42,51,fuoOQUflN0nbTNWJwdtHfs9UqGI=,QTsYHTmhGkbpvbVRNUwAz36+uBs=
-44,59,fuoOQUflN0nbTNWJwdtHfs9UqGI=,oUYyGQJ2A/oM1usvpfrz+AIZTw0=
-47,51,fuoOQUflN0nbTNWJwdtHfs9UqGI=,QTsYHTmhGkbpvbVRNUwAz36+uBs=
-43,59,fuoOQUflN0nbTNWJwdtHfs9UqGI=,oUYyGQJ2A/oM1usvpfrz+AIZTw0=
-43,51,fuoOQUflN0nbTNWJwdtHfs9UqGI=,QTsYHTmhGkbpvbVRNUwAz36+uBs=
-43,62,fuoOQUflN0nbTNWJwdtHfs9UqGI=,oUYyGQJ2A/oM1usvpfrz+AIZTw0=
-44,62,fuoOQUflN0nbTNWJwdtHfs9UqGI=,oUYyGQJ2A/oM1usvpfrz+AIZTw0=
-45,62,fuoOQUflN0nbTNWJwdtHfs9UqGI=,oUYyGQJ2A/oM1usvpfrz+AIZTw0=
-45,51,fuoOQUflN0nbTNWJwdtHfs9UqGI=,QTsYHTmhGkbpvbVRNUwAz36+uBs=
-46,62,fuoOQUflN0nbTNWJwdtHfs9UqGI=,oUYyGQJ2A/oM1usvpfrz+AIZTw0=
-44,51,fuoOQUflN0nbTNWJwdtHfs9UqGI=,QTsYHTmhGkbpvbVRNUwAz36+uBs=
-44,54,fuoOQUflN0nbTNWJwdtHfs9UqGI=,QTsYHTmhGkbpvbVRNUwAz36+uBs=
-47,62,fuoOQUflN0nbTNWJwdtHfs9UqGI=,oUYyGQJ2A/oM1usvpfrz+AIZTw0=
-47,50,fuoOQUflN0nbTNWJwdtHfs9UqGI=,QTsYHTmhGkbpvbVRNUwAz36+uBs=
-47,49,fuoOQUflN0nbTNWJwdtHfs9UqGI=,QTsYHTmhGkbpvbVRNUwAz36+uBs=
-42,52,fuoOQUflN0nbTNWJwdtHfs9UqGI=,QTsYHTmhGkbpvbVRNUwAz36+uBs=
-42,49,fuoOQUflN0nbTNWJwdtHfs9UqGI=,QTsYHTmhGkbpvbVRNUwAz36+uBs=
-43,52,fuoOQUflN0nbTNWJwdtHfs9UqGI=,QTsYHTmhGkbpvbVRNUwAz36+uBs=
-43,49,fuoOQUflN0nbTNWJwdtHfs9UqGI=,QTsYHTmhGkbpvbVRNUwAz36+uBs=
-43,61,fuoOQUflN0nbTNWJwdtHfs9UqGI=,oUYyGQJ2A/oM1usvpfrz+AIZTw0=
-44,52,fuoOQUflN0nbTNWJwdtHfs9UqGI=,QTsYHTmhGkbpvbVRNUwAz36+uBs=
-44,61,fuoOQUflN0nbTNWJwdtHfs9UqGI=,oUYyGQJ2A/oM1usvpfrz+AIZTw0=
-45,61,fuoOQUflN0nbTNWJwdtHfs9UqGI=,oUYyGQJ2A/oM1usvpfrz+AIZTw0=
-45,52,fuoOQUflN0nbTNWJwdtHfs9UqGI=,QTsYHTmhGkbpvbVRNUwAz36+uBs=
-46,61,fuoOQUflN0nbTNWJwdtHfs9UqGI=,oUYyGQJ2A/oM1usvpfrz+AIZTw0=
-47,61,fuoOQUflN0nbTNWJwdtHfs9UqGI=,oUYyGQJ2A/oM1usvpfrz+AIZTw0=
-45,54,fuoOQUflN0nbTNWJwdtHfs9UqGI=,QTsYHTmhGkbpvbVRNUwAz36+uBs=
-46,52,fuoOQUflN0nbTNWJwdtHfs9UqGI=,QTsYHTmhGkbpvbVRNUwAz36+uBs=
-42,50,fuoOQUflN0nbTNWJwdtHfs9UqGI=,QTsYHTmhGkbpvbVRNUwAz36+uBs=
-43,53,fuoOQUflN0nbTNWJwdtHfs9UqGI=,QTsYHTmhGkbpvbVRNUwAz36+uBs=
-44,53,fuoOQUflN0nbTNWJwdtHfs9UqGI=,QTsYHTmhGkbpvbVRNUwAz36+uBs=
-45,53,fuoOQUflN0nbTNWJwdtHfs9UqGI=,QTsYHTmhGkbpvbVRNUwAz36+uBs=
-46,53,fuoOQUflN0nbTNWJwdtHfs9UqGI=,QTsYHTmhGkbpvbVRNUwAz36+uBs=
-47,53,fuoOQUflN0nbTNWJwdtHfs9UqGI=,QTsYHTmhGkbpvbVRNUwAz36+uBs=
-44,49,fuoOQUflN0nbTNWJwdtHfs9UqGI=,QTsYHTmhGkbpvbVRNUwAz36+uBs=
-46,54,fuoOQUflN0nbTNWJwdtHfs9UqGI=,QTsYHTmhGkbpvbVRNUwAz36+uBs=
-43,60,fuoOQUflN0nbTNWJwdtHfs9UqGI=,oUYyGQJ2A/oM1usvpfrz+AIZTw0=
-44,60,fuoOQUflN0nbTNWJwdtHfs9UqGI=,oUYyGQJ2A/oM1usvpfrz+AIZTw0=
-46,51,fuoOQUflN0nbTNWJwdtHfs9UqGI=,QTsYHTmhGkbpvbVRNUwAz36+uBs=
-42,62,fuoOQUflN0nbTNWJwdtHfs9UqGI=,oUYyGQJ2A/oM1usvpfrz+AIZTw0=
-47,55,fuoOQUflN0nbTNWJwdtHfs9UqGI=,QTsYHTmhGkbpvbVRNUwAz36+uBs=
-45,60,fuoOQUflN0nbTNWJwdtHfs9UqGI=,oUYyGQJ2A/oM1usvpfrz+AIZTw0=
-46,60,fuoOQUflN0nbTNWJwdtHfs9UqGI=,oUYyGQJ2A/oM1usvpfrz+AIZTw0=
-47,60,fuoOQUflN0nbTNWJwdtHfs9UqGI=,oUYyGQJ2A/oM1usvpfrz+AIZTw0=
-42,59,fuoOQUflN0nbTNWJwdtHfs9UqGI=,oUYyGQJ2A/oM1usvpfrz+AIZTw0=
-42,61,fuoOQUflN0nbTNWJwdtHfs9UqGI=,oUYyGQJ2A/oM1usvpfrz+AIZTw0=
-42,60,fuoOQUflN0nbTNWJwdtHfs9UqGI=,oUYyGQJ2A/oM1usvpfrz+AIZTw0=
-47,48,fuoOQUflN0nbTNWJwdtHfs9UqGI=,QTsYHTmhGkbpvbVRNUwAz36+uBs=
-46,48,fuoOQUflN0nbTNWJwdtHfs9UqGI=,QTsYHTmhGkbpvbVRNUwAz36+uBs=
-45,48,fuoOQUflN0nbTNWJwdtHfs9UqGI=,QTsYHTmhGkbpvbVRNUwAz36+uBs=
-44,48,fuoOQUflN0nbTNWJwdtHfs9UqGI=,QTsYHTmhGkbpvbVRNUwAz36+uBs=
-43,48,fuoOQUflN0nbTNWJwdtHfs9UqGI=,QTsYHTmhGkbpvbVRNUwAz36+uBs=
-42,48,fuoOQUflN0nbTNWJwdtHfs9UqGI=,QTsYHTmhGkbpvbVRNUwAz36+uBs=
-48,54,fuoOQUflN0nbTNWJwdtHfs9UqGI=,QTsYHTmhGkbpvbVRNUwAz36+uBs=
-48,53,fuoOQUflN0nbTNWJwdtHfs9UqGI=,QTsYHTmhGkbpvbVRNUwAz36+uBs=
-48,50,fuoOQUflN0nbTNWJwdtHfs9UqGI=,QTsYHTmhGkbpvbVRNUwAz36+uBs=
-48,49,fuoOQUflN0nbTNWJwdtHfs9UqGI=,QTsYHTmhGkbpvbVRNUwAz36+uBs=
-48,51,fuoOQUflN0nbTNWJwdtHfs9UqGI=,QTsYHTmhGkbpvbVRNUwAz36+uBs=
-48,52,fuoOQUflN0nbTNWJwdtHfs9UqGI=,QTsYHTmhGkbpvbVRNUwAz36+uBs=
-48,56,fuoOQUflN0nbTNWJwdtHfs9UqGI=,oUYyGQJ2A/oM1usvpfrz+AIZTw0=
-48,57,fuoOQUflN0nbTNWJwdtHfs9UqGI=,oUYyGQJ2A/oM1usvpfrz+AIZTw0=
-48,58,fuoOQUflN0nbTNWJwdtHfs9UqGI=,oUYyGQJ2A/oM1usvpfrz+AIZTw0=
-48,55,fuoOQUflN0nbTNWJwdtHfs9UqGI=,QTsYHTmhGkbpvbVRNUwAz36+uBs=
-48,59,fuoOQUflN0nbTNWJwdtHfs9UqGI=,oUYyGQJ2A/oM1usvpfrz+AIZTw0=
-48,60,fuoOQUflN0nbTNWJwdtHfs9UqGI=,oUYyGQJ2A/oM1usvpfrz+AIZTw0=
-48,61,fuoOQUflN0nbTNWJwdtHfs9UqGI=,oUYyGQJ2A/oM1usvpfrz+AIZTw0=
-48,62,fuoOQUflN0nbTNWJwdtHfs9UqGI=,oUYyGQJ2A/oM1usvpfrz+AIZTw0=
-44,63,fuoOQUflN0nbTNWJwdtHfs9UqGI=,oUYyGQJ2A/oM1usvpfrz+AIZTw0=
-43,63,fuoOQUflN0nbTNWJwdtHfs9UqGI=,oUYyGQJ2A/oM1usvpfrz+AIZTw0=
-42,63,fuoOQUflN0nbTNWJwdtHfs9UqGI=,oUYyGQJ2A/oM1usvpfrz+AIZTw0=
-48,63,YYasf9MSLRGIZZv2eX2GPLHjR+w=,oUYyGQJ2A/oM1usvpfrz+AIZTw0=
-47,63,YYasf9MSLRGIZZv2eX2GPLHjR+w=,oUYyGQJ2A/oM1usvpfrz+AIZTw0=
-46,63,YYasf9MSLRGIZZv2eX2GPLHjR+w=,oUYyGQJ2A/oM1usvpfrz+AIZTw0=
-45,63,YYasf9MSLRGIZZv2eX2GPLHjR+w=,oUYyGQJ2A/oM1usvpfrz+AIZTw0=
-48,48,YYasf9MSLRGIZZv2eX2GPLHjR+w=,QTsYHTmhGkbpvbVRNUwAz36+uBs=
-37,61,YYasf9MSLRGIZZv2eX2GPLHjR+w=,w6HCUB6z5733riOegk4AdVjhlDw=
-36,61,YYasf9MSLRGIZZv2eX2GPLHjR+w=,w6HCUB6z5733riOegk4AdVjhlDw=
-38,61,YYasf9MSLRGIZZv2eX2GPLHjR+w=,w6HCUB6z5733riOegk4AdVjhlDw=
-35,61,YYasf9MSLRGIZZv2eX2GPLHjR+w=,w6HCUB6z5733riOegk4AdVjhlDw=
-34,61,YYasf9MSLRGIZZv2eX2GPLHjR+w=,w6HCUB6z5733riOegk4AdVjhlDw=
-40,61,YYasf9MSLRGIZZv2eX2GPLHjR+w=,w6HCUB6z5733riOegk4AdVjhlDw=
-39,61,YYasf9MSLRGIZZv2eX2GPLHjR+w=,w6HCUB6z5733riOegk4AdVjhlDw=
-33,60,YYasf9MSLRGIZZv2eX2GPLHjR+w=,w6HCUB6z5733riOegk4AdVjhlDw=
-41,63,YYasf9MSLRGIZZv2eX2GPLHjR+w=,oUYyGQJ2A/oM1usvpfrz+AIZTw0=
-33,61,YYasf9MSLRGIZZv2eX2GPLHjR+w=,w6HCUB6z5733riOegk4AdVjhlDw=
-40,62,YYasf9MSLRGIZZv2eX2GPLHjR+w=,w6HCUB6z5733riOegk4AdVjhlDw=
-34,60,YYasf9MSLRGIZZv2eX2GPLHjR+w=,w6HCUB6z5733riOegk4AdVjhlDw=
-35,60,YYasf9MSLRGIZZv2eX2GPLHjR+w=,w6HCUB6z5733riOegk4AdVjhlDw=
-36,60,YYasf9MSLRGIZZv2eX2GPLHjR+w=,w6HCUB6z5733riOegk4AdVjhlDw=
-37,60,YYasf9MSLRGIZZv2eX2GPLHjR+w=,w6HCUB6z5733riOegk4AdVjhlDw=
-38,60,YYasf9MSLRGIZZv2eX2GPLHjR+w=,w6HCUB6z5733riOegk4AdVjhlDw=
-39,60,YYasf9MSLRGIZZv2eX2GPLHjR+w=,w6HCUB6z5733riOegk4AdVjhlDw=
-40,60,YYasf9MSLRGIZZv2eX2GPLHjR+w=,w6HCUB6z5733riOegk4AdVjhlDw=
-33,59,YYasf9MSLRGIZZv2eX2GPLHjR+w=,w6HCUB6z5733riOegk4AdVjhlDw=
-34,59,YYasf9MSLRGIZZv2eX2GPLHjR+w=,w6HCUB6z5733riOegk4AdVjhlDw=
-35,59,YYasf9MSLRGIZZv2eX2GPLHjR+w=,w6HCUB6z5733riOegk4AdVjhlDw=
-41,62,YYasf9MSLRGIZZv2eX2GPLHjR+w=,oUYyGQJ2A/oM1usvpfrz+AIZTw0=
-36,59,YYasf9MSLRGIZZv2eX2GPLHjR+w=,w6HCUB6z5733riOegk4AdVjhlDw=
-41,61,YYasf9MSLRGIZZv2eX2GPLHjR+w=,oUYyGQJ2A/oM1usvpfrz+AIZTw0=
-37,59,YYasf9MSLRGIZZv2eX2GPLHjR+w=,w6HCUB6z5733riOegk4AdVjhlDw=
-33,58,YYasf9MSLRGIZZv2eX2GPLHjR+w=,w6HCUB6z5733riOegk4AdVjhlDw=
-38,59,YYasf9MSLRGIZZv2eX2GPLHjR+w=,w6HCUB6z5733riOegk4AdVjhlDw=
-39,59,YYasf9MSLRGIZZv2eX2GPLHjR+w=,w6HCUB6z5733riOegk4AdVjhlDw=
-41,58,YYasf9MSLRGIZZv2eX2GPLHjR+w=,oUYyGQJ2A/oM1usvpfrz+AIZTw0=
-40,59,YYasf9MSLRGIZZv2eX2GPLHjR+w=,w6HCUB6z5733riOegk4AdVjhlDw=
-41,59,YYasf9MSLRGIZZv2eX2GPLHjR+w=,oUYyGQJ2A/oM1usvpfrz+AIZTw0=
-33,57,YYasf9MSLRGIZZv2eX2GPLHjR+w=,w6HCUB6z5733riOegk4AdVjhlDw=
-34,58,YYasf9MSLRGIZZv2eX2GPLHjR+w=,w6HCUB6z5733riOegk4AdVjhlDw=
-36,58,YYasf9MSLRGIZZv2eX2GPLHjR+w=,w6HCUB6z5733riOegk4AdVjhlDw=
-35,58,YYasf9MSLRGIZZv2eX2GPLHjR+w=,w6HCUB6z5733riOegk4AdVjhlDw=
-38,58,YYasf9MSLRGIZZv2eX2GPLHjR+w=,w6HCUB6z5733riOegk4AdVjhlDw=
-39,58,YYasf9MSLRGIZZv2eX2GPLHjR+w=,w6HCUB6z5733riOegk4AdVjhlDw=
-41,57,YYasf9MSLRGIZZv2eX2GPLHjR+w=,oUYyGQJ2A/oM1usvpfrz+AIZTw0=
-34,57,YYasf9MSLRGIZZv2eX2GPLHjR+w=,w6HCUB6z5733riOegk4AdVjhlDw=
-35,57,YYasf9MSLRGIZZv2eX2GPLHjR+w=,w6HCUB6z5733riOegk4AdVjhlDw=
-36,57,YYasf9MSLRGIZZv2eX2GPLHjR+w=,w6HCUB6z5733riOegk4AdVjhlDw=
-34,63,YYasf9MSLRGIZZv2eX2GPLHjR+w=,w6HCUB6z5733riOegk4AdVjhlDw=
-35,63,YYasf9MSLRGIZZv2eX2GPLHjR+w=,w6HCUB6z5733riOegk4AdVjhlDw=
-41,60,YYasf9MSLRGIZZv2eX2GPLHjR+w=,oUYyGQJ2A/oM1usvpfrz+AIZTw0=
-40,58,YYasf9MSLRGIZZv2eX2GPLHjR+w=,w6HCUB6z5733riOegk4AdVjhlDw=
-36,63,YYasf9MSLRGIZZv2eX2GPLHjR+w=,w6HCUB6z5733riOegk4AdVjhlDw=
-37,63,YYasf9MSLRGIZZv2eX2GPLHjR+w=,w6HCUB6z5733riOegk4AdVjhlDw=
-37,57,YYasf9MSLRGIZZv2eX2GPLHjR+w=,w6HCUB6z5733riOegk4AdVjhlDw=
-38,57,YYasf9MSLRGIZZv2eX2GPLHjR+w=,w6HCUB6z5733riOegk4AdVjhlDw=
-37,58,YYasf9MSLRGIZZv2eX2GPLHjR+w=,w6HCUB6z5733riOegk4AdVjhlDw=
-33,62,YYasf9MSLRGIZZv2eX2GPLHjR+w=,w6HCUB6z5733riOegk4AdVjhlDw=
-34,62,YYasf9MSLRGIZZv2eX2GPLHjR+w=,w6HCUB6z5733riOegk4AdVjhlDw=
-40,57,YYasf9MSLRGIZZv2eX2GPLHjR+w=,w6HCUB6z5733riOegk4AdVjhlDw=
-33,55,YYasf9MSLRGIZZv2eX2GPLHjR+w=,QTsYHTmhGkbpvbVRNUwAz36+uBs=
-39,62,YYasf9MSLRGIZZv2eX2GPLHjR+w=,w6HCUB6z5733riOegk4AdVjhlDw=
-33,63,YYasf9MSLRGIZZv2eX2GPLHjR+w=,w6HCUB6z5733riOegk4AdVjhlDw=
-39,57,YYasf9MSLRGIZZv2eX2GPLHjR+w=,w6HCUB6z5733riOegk4AdVjhlDw=
-35,62,YYasf9MSLRGIZZv2eX2GPLHjR+w=,w6HCUB6z5733riOegk4AdVjhlDw=
-36,62,YYasf9MSLRGIZZv2eX2GPLHjR+w=,w6HCUB6z5733riOegk4AdVjhlDw=
-36,51,YYasf9MSLRGIZZv2eX2GPLHjR+w=,QTsYHTmhGkbpvbVRNUwAz36+uBs=
-39,63,YYasf9MSLRGIZZv2eX2GPLHjR+w=,w6HCUB6z5733riOegk4AdVjhlDw=
-38,62,YYasf9MSLRGIZZv2eX2GPLHjR+w=,w6HCUB6z5733riOegk4AdVjhlDw=
-37,51,YYasf9MSLRGIZZv2eX2GPLHjR+w=,QTsYHTmhGkbpvbVRNUwAz36+uBs=
-39,51,YYasf9MSLRGIZZv2eX2GPLHjR+w=,QTsYHTmhGkbpvbVRNUwAz36+uBs=
-38,51,YYasf9MSLRGIZZv2eX2GPLHjR+w=,QTsYHTmhGkbpvbVRNUwAz36+uBs=
-41,51,YYasf9MSLRGIZZv2eX2GPLHjR+w=,QTsYHTmhGkbpvbVRNUwAz36+uBs=
-34,55,YYasf9MSLRGIZZv2eX2GPLHjR+w=,QTsYHTmhGkbpvbVRNUwAz36+uBs=
-35,55,YYasf9MSLRGIZZv2eX2GPLHjR+w=,QTsYHTmhGkbpvbVRNUwAz36+uBs=
-35,51,YYasf9MSLRGIZZv2eX2GPLHjR+w=,QTsYHTmhGkbpvbVRNUwAz36+uBs=
-40,51,YYasf9MSLRGIZZv2eX2GPLHjR+w=,QTsYHTmhGkbpvbVRNUwAz36+uBs=
-33,54,YYasf9MSLRGIZZv2eX2GPLHjR+w=,QTsYHTmhGkbpvbVRNUwAz36+uBs=
-41,49,YYasf9MSLRGIZZv2eX2GPLHjR+w=,QTsYHTmhGkbpvbVRNUwAz36+uBs=
-36,55,YYasf9MSLRGIZZv2eX2GPLHjR+w=,QTsYHTmhGkbpvbVRNUwAz36+uBs=
-37,55,YYasf9MSLRGIZZv2eX2GPLHjR+w=,QTsYHTmhGkbpvbVRNUwAz36+uBs=
-38,55,YYasf9MSLRGIZZv2eX2GPLHjR+w=,QTsYHTmhGkbpvbVRNUwAz36+uBs=
-39,55,YYasf9MSLRGIZZv2eX2GPLHjR+w=,QTsYHTmhGkbpvbVRNUwAz36+uBs=
-33,50,YYasf9MSLRGIZZv2eX2GPLHjR+w=,QTsYHTmhGkbpvbVRNUwAz36+uBs=
-37,62,YYasf9MSLRGIZZv2eX2GPLHjR+w=,w6HCUB6z5733riOegk4AdVjhlDw=
-34,51,YYasf9MSLRGIZZv2eX2GPLHjR+w=,QTsYHTmhGkbpvbVRNUwAz36+uBs=
-40,55,YYasf9MSLRGIZZv2eX2GPLHjR+w=,QTsYHTmhGkbpvbVRNUwAz36+uBs=
-35,54,YYasf9MSLRGIZZv2eX2GPLHjR+w=,QTsYHTmhGkbpvbVRNUwAz36+uBs=
-34,54,YYasf9MSLRGIZZv2eX2GPLHjR+w=,QTsYHTmhGkbpvbVRNUwAz36+uBs=
-34,50,YYasf9MSLRGIZZv2eX2GPLHjR+w=,QTsYHTmhGkbpvbVRNUwAz36+uBs=
-41,52,YYasf9MSLRGIZZv2eX2GPLHjR+w=,QTsYHTmhGkbpvbVRNUwAz36+uBs=
-36,54,YYasf9MSLRGIZZv2eX2GPLHjR+w=,QTsYHTmhGkbpvbVRNUwAz36+uBs=
-40,63,YYasf9MSLRGIZZv2eX2GPLHjR+w=,w6HCUB6z5733riOegk4AdVjhlDw=
-37,54,YYasf9MSLRGIZZv2eX2GPLHjR+w=,QTsYHTmhGkbpvbVRNUwAz36+uBs=
-35,50,YYasf9MSLRGIZZv2eX2GPLHjR+w=,QTsYHTmhGkbpvbVRNUwAz36+uBs=
-39,54,YYasf9MSLRGIZZv2eX2GPLHjR+w=,QTsYHTmhGkbpvbVRNUwAz36+uBs=
-40,56,YYasf9MSLRGIZZv2eX2GPLHjR+w=,w6HCUB6z5733riOegk4AdVjhlDw=
-41,50,YYasf9MSLRGIZZv2eX2GPLHjR+w=,QTsYHTmhGkbpvbVRNUwAz36+uBs=
-38,50,YYasf9MSLRGIZZv2eX2GPLHjR+w=,QTsYHTmhGkbpvbVRNUwAz36+uBs=
-36,50,YYasf9MSLRGIZZv2eX2GPLHjR+w=,QTsYHTmhGkbpvbVRNUwAz36+uBs=
-37,50,YYasf9MSLRGIZZv2eX2GPLHjR+w=,QTsYHTmhGkbpvbVRNUwAz36+uBs=
-33,53,YYasf9MSLRGIZZv2eX2GPLHjR+w=,QTsYHTmhGkbpvbVRNUwAz36+uBs=
-39,50,YYasf9MSLRGIZZv2eX2GPLHjR+w=,QTsYHTmhGkbpvbVRNUwAz36+uBs=
-33,49,YYasf9MSLRGIZZv2eX2GPLHjR+w=,QTsYHTmhGkbpvbVRNUwAz36+uBs=
-40,50,YYasf9MSLRGIZZv2eX2GPLHjR+w=,QTsYHTmhGkbpvbVRNUwAz36+uBs=
-41,48,YYasf9MSLRGIZZv2eX2GPLHjR+w=,QTsYHTmhGkbpvbVRNUwAz36+uBs=
-34,49,YYasf9MSLRGIZZv2eX2GPLHjR+w=,QTsYHTmhGkbpvbVRNUwAz36+uBs=
-39,56,YYasf9MSLRGIZZv2eX2GPLHjR+w=,w6HCUB6z5733riOegk4AdVjhlDw=
-35,49,YYasf9MSLRGIZZv2eX2GPLHjR+w=,QTsYHTmhGkbpvbVRNUwAz36+uBs=
-40,54,YYasf9MSLRGIZZv2eX2GPLHjR+w=,QTsYHTmhGkbpvbVRNUwAz36+uBs=
-37,49,YYasf9MSLRGIZZv2eX2GPLHjR+w=,QTsYHTmhGkbpvbVRNUwAz36+uBs=
-34,53,YYasf9MSLRGIZZv2eX2GPLHjR+w=,QTsYHTmhGkbpvbVRNUwAz36+uBs=
-36,49,YYasf9MSLRGIZZv2eX2GPLHjR+w=,QTsYHTmhGkbpvbVRNUwAz36+uBs=
-35,53,YYasf9MSLRGIZZv2eX2GPLHjR+w=,QTsYHTmhGkbpvbVRNUwAz36+uBs=
-36,53,YYasf9MSLRGIZZv2eX2GPLHjR+w=,QTsYHTmhGkbpvbVRNUwAz36+uBs=
-38,49,YYasf9MSLRGIZZv2eX2GPLHjR+w=,QTsYHTmhGkbpvbVRNUwAz36+uBs=
-38,56,YYasf9MSLRGIZZv2eX2GPLHjR+w=,w6HCUB6z5733riOegk4AdVjhlDw=
-37,53,YYasf9MSLRGIZZv2eX2GPLHjR+w=,QTsYHTmhGkbpvbVRNUwAz36+uBs=
-39,49,YYasf9MSLRGIZZv2eX2GPLHjR+w=,QTsYHTmhGkbpvbVRNUwAz36+uBs=
-33,48,YYasf9MSLRGIZZv2eX2GPLHjR+w=,QTsYHTmhGkbpvbVRNUwAz36+uBs=
-33,52,YYasf9MSLRGIZZv2eX2GPLHjR+w=,QTsYHTmhGkbpvbVRNUwAz36+uBs=
-41,55,YYasf9MSLRGIZZv2eX2GPLHjR+w=,QTsYHTmhGkbpvbVRNUwAz36+uBs=
-34,48,YYasf9MSLRGIZZv2eX2GPLHjR+w=,QTsYHTmhGkbpvbVRNUwAz36+uBs=
-39,53,YYasf9MSLRGIZZv2eX2GPLHjR+w=,QTsYHTmhGkbpvbVRNUwAz36+uBs=
-40,53,YYasf9MSLRGIZZv2eX2GPLHjR+w=,QTsYHTmhGkbpvbVRNUwAz36+uBs=
-38,63,YYasf9MSLRGIZZv2eX2GPLHjR+w=,w6HCUB6z5733riOegk4AdVjhlDw=
-38,53,YYasf9MSLRGIZZv2eX2GPLHjR+w=,QTsYHTmhGkbpvbVRNUwAz36+uBs=
-33,51,YYasf9MSLRGIZZv2eX2GPLHjR+w=,QTsYHTmhGkbpvbVRNUwAz36+uBs=
-36,48,YYasf9MSLRGIZZv2eX2GPLHjR+w=,QTsYHTmhGkbpvbVRNUwAz36+uBs=
-35,48,YYasf9MSLRGIZZv2eX2GPLHjR+w=,QTsYHTmhGkbpvbVRNUwAz36+uBs=
-37,48,YYasf9MSLRGIZZv2eX2GPLHjR+w=,QTsYHTmhGkbpvbVRNUwAz36+uBs=
-35,52,YYasf9MSLRGIZZv2eX2GPLHjR+w=,QTsYHTmhGkbpvbVRNUwAz36+uBs=
-38,54,YYasf9MSLRGIZZv2eX2GPLHjR+w=,QTsYHTmhGkbpvbVRNUwAz36+uBs=
-41,54,YYasf9MSLRGIZZv2eX2GPLHjR+w=,QTsYHTmhGkbpvbVRNUwAz36+uBs=
-33,56,YYasf9MSLRGIZZv2eX2GPLHjR+w=,w6HCUB6z5733riOegk4AdVjhlDw=
-34,52,YYasf9MSLRGIZZv2eX2GPLHjR+w=,QTsYHTmhGkbpvbVRNUwAz36+uBs=
-41,53,YYasf9MSLRGIZZv2eX2GPLHjR+w=,QTsYHTmhGkbpvbVRNUwAz36+uBs=
-38,48,YYasf9MSLRGIZZv2eX2GPLHjR+w=,QTsYHTmhGkbpvbVRNUwAz36+uBs=
-39,48,YYasf9MSLRGIZZv2eX2GPLHjR+w=,QTsYHTmhGkbpvbVRNUwAz36+uBs=
-36,52,YYasf9MSLRGIZZv2eX2GPLHjR+w=,QTsYHTmhGkbpvbVRNUwAz36+uBs=
-40,48,YYasf9MSLRGIZZv2eX2GPLHjR+w=,QTsYHTmhGkbpvbVRNUwAz36+uBs=
-37,56,YYasf9MSLRGIZZv2eX2GPLHjR+w=,w6HCUB6z5733riOegk4AdVjhlDw=
-38,52,YYasf9MSLRGIZZv2eX2GPLHjR+w=,QTsYHTmhGkbpvbVRNUwAz36+uBs=
-37,52,YYasf9MSLRGIZZv2eX2GPLHjR+w=,QTsYHTmhGkbpvbVRNUwAz36+uBs=
-39,52,YYasf9MSLRGIZZv2eX2GPLHjR+w=,QTsYHTmhGkbpvbVRNUwAz36+uBs=
-41,56,YYasf9MSLRGIZZv2eX2GPLHjR+w=,oUYyGQJ2A/oM1usvpfrz+AIZTw0=
-34,56,YYasf9MSLRGIZZv2eX2GPLHjR+w=,w6HCUB6z5733riOegk4AdVjhlDw=
-40,52,YYasf9MSLRGIZZv2eX2GPLHjR+w=,QTsYHTmhGkbpvbVRNUwAz36+uBs=
-36,56,YYasf9MSLRGIZZv2eX2GPLHjR+w=,w6HCUB6z5733riOegk4AdVjhlDw=
-35,56,YYasf9MSLRGIZZv2eX2GPLHjR+w=,w6HCUB6z5733riOegk4AdVjhlDw=
-40,49,YYasf9MSLRGIZZv2eX2GPLHjR+w=,QTsYHTmhGkbpvbVRNUwAz36+uBs=
-46,35,YYasf9MSLRGIZZv2eX2GPLHjR+w=,/yT5p8ZUJotqdiiAvkWg6CuB9Zs=
-45,35,YYasf9MSLRGIZZv2eX2GPLHjR+w=,/yT5p8ZUJotqdiiAvkWg6CuB9Zs=
-44,35,YYasf9MSLRGIZZv2eX2GPLHjR+w=,/yT5p8ZUJotqdiiAvkWg6CuB9Zs=
-43,35,YYasf9MSLRGIZZv2eX2GPLHjR+w=,/yT5p8ZUJotqdiiAvkWg6CuB9Zs=
-46,34,YYasf9MSLRGIZZv2eX2GPLHjR+w=,/yT5p8ZUJotqdiiAvkWg6CuB9Zs=
-45,34,YYasf9MSLRGIZZv2eX2GPLHjR+w=,/yT5p8ZUJotqdiiAvkWg6CuB9Zs=
-42,37,YYasf9MSLRGIZZv2eX2GPLHjR+w=,/yT5p8ZUJotqdiiAvkWg6CuB9Zs=
-42,38,YYasf9MSLRGIZZv2eX2GPLHjR+w=,/yT5p8ZUJotqdiiAvkWg6CuB9Zs=
-44,34,YYasf9MSLRGIZZv2eX2GPLHjR+w=,/yT5p8ZUJotqdiiAvkWg6CuB9Zs=
-42,35,YYasf9MSLRGIZZv2eX2GPLHjR+w=,/yT5p8ZUJotqdiiAvkWg6CuB9Zs=
-46,36,YYasf9MSLRGIZZv2eX2GPLHjR+w=,/yT5p8ZUJotqdiiAvkWg6CuB9Zs=
-45,36,YYasf9MSLRGIZZv2eX2GPLHjR+w=,/yT5p8ZUJotqdiiAvkWg6CuB9Zs=
-44,36,YYasf9MSLRGIZZv2eX2GPLHjR+w=,/yT5p8ZUJotqdiiAvkWg6CuB9Zs=
-43,36,YYasf9MSLRGIZZv2eX2GPLHjR+w=,/yT5p8ZUJotqdiiAvkWg6CuB9Zs=
-42,36,YYasf9MSLRGIZZv2eX2GPLHjR+w=,/yT5p8ZUJotqdiiAvkWg6CuB9Zs=
-43,34,YYasf9MSLRGIZZv2eX2GPLHjR+w=,/yT5p8ZUJotqdiiAvkWg6CuB9Zs=
-44,33,YYasf9MSLRGIZZv2eX2GPLHjR+w=,/yT5p8ZUJotqdiiAvkWg6CuB9Zs=
-42,34,YYasf9MSLRGIZZv2eX2GPLHjR+w=,/yT5p8ZUJotqdiiAvkWg6CuB9Zs=
-47,38,YYasf9MSLRGIZZv2eX2GPLHjR+w=,/yT5p8ZUJotqdiiAvkWg6CuB9Zs=
-47,37,YYasf9MSLRGIZZv2eX2GPLHjR+w=,/yT5p8ZUJotqdiiAvkWg6CuB9Zs=
-46,37,YYasf9MSLRGIZZv2eX2GPLHjR+w=,/yT5p8ZUJotqdiiAvkWg6CuB9Zs=
-45,37,YYasf9MSLRGIZZv2eX2GPLHjR+w=,/yT5p8ZUJotqdiiAvkWg6CuB9Zs=
-44,37,YYasf9MSLRGIZZv2eX2GPLHjR+w=,/yT5p8ZUJotqdiiAvkWg6CuB9Zs=
-43,33,YYasf9MSLRGIZZv2eX2GPLHjR+w=,/yT5p8ZUJotqdiiAvkWg6CuB9Zs=
-43,37,YYasf9MSLRGIZZv2eX2GPLHjR+w=,/yT5p8ZUJotqdiiAvkWg6CuB9Zs=
-46,38,YYasf9MSLRGIZZv2eX2GPLHjR+w=,/yT5p8ZUJotqdiiAvkWg6CuB9Zs=
-47,35,YYasf9MSLRGIZZv2eX2GPLHjR+w=,/yT5p8ZUJotqdiiAvkWg6CuB9Zs=
-47,33,YYasf9MSLRGIZZv2eX2GPLHjR+w=,/yT5p8ZUJotqdiiAvkWg6CuB9Zs=
-42,33,YYasf9MSLRGIZZv2eX2GPLHjR+w=,/yT5p8ZUJotqdiiAvkWg6CuB9Zs=
-46,33,YYasf9MSLRGIZZv2eX2GPLHjR+w=,/yT5p8ZUJotqdiiAvkWg6CuB9Zs=
-45,33,YYasf9MSLRGIZZv2eX2GPLHjR+w=,/yT5p8ZUJotqdiiAvkWg6CuB9Zs=
-45,38,YYasf9MSLRGIZZv2eX2GPLHjR+w=,/yT5p8ZUJotqdiiAvkWg6CuB9Zs=
-47,36,YYasf9MSLRGIZZv2eX2GPLHjR+w=,/yT5p8ZUJotqdiiAvkWg6CuB9Zs=
-47,34,YYasf9MSLRGIZZv2eX2GPLHjR+w=,/yT5p8ZUJotqdiiAvkWg6CuB9Zs=
-44,38,YYasf9MSLRGIZZv2eX2GPLHjR+w=,/yT5p8ZUJotqdiiAvkWg6CuB9Zs=
-43,38,YYasf9MSLRGIZZv2eX2GPLHjR+w=,/yT5p8ZUJotqdiiAvkWg6CuB9Zs=
-44,39,YYasf9MSLRGIZZv2eX2GPLHjR+w=,/yT5p8ZUJotqdiiAvkWg6CuB9Zs=
-43,39,YYasf9MSLRGIZZv2eX2GPLHjR+w=,/yT5p8ZUJotqdiiAvkWg6CuB9Zs=
-42,39,YYasf9MSLRGIZZv2eX2GPLHjR+w=,/yT5p8ZUJotqdiiAvkWg6CuB9Zs=
-47,40,YYasf9MSLRGIZZv2eX2GPLHjR+w=,/yT5p8ZUJotqdiiAvkWg6CuB9Zs=
-46,40,YYasf9MSLRGIZZv2eX2GPLHjR+w=,/yT5p8ZUJotqdiiAvkWg6CuB9Zs=
-45,40,YYasf9MSLRGIZZv2eX2GPLHjR+w=,/yT5p8ZUJotqdiiAvkWg6CuB9Zs=
-44,40,YYasf9MSLRGIZZv2eX2GPLHjR+w=,/yT5p8ZUJotqdiiAvkWg6CuB9Zs=
-43,40,YYasf9MSLRGIZZv2eX2GPLHjR+w=,/yT5p8ZUJotqdiiAvkWg6CuB9Zs=
-42,40,YYasf9MSLRGIZZv2eX2GPLHjR+w=,/yT5p8ZUJotqdiiAvkWg6CuB9Zs=
-47,41,YYasf9MSLRGIZZv2eX2GPLHjR+w=,/yT5p8ZUJotqdiiAvkWg6CuB9Zs=
-46,41,YYasf9MSLRGIZZv2eX2GPLHjR+w=,/yT5p8ZUJotqdiiAvkWg6CuB9Zs=
-45,41,YYasf9MSLRGIZZv2eX2GPLHjR+w=,/yT5p8ZUJotqdiiAvkWg6CuB9Zs=
-44,41,YYasf9MSLRGIZZv2eX2GPLHjR+w=,/yT5p8ZUJotqdiiAvkWg6CuB9Zs=
-43,41,YYasf9MSLRGIZZv2eX2GPLHjR+w=,/yT5p8ZUJotqdiiAvkWg6CuB9Zs=
-42,41,YYasf9MSLRGIZZv2eX2GPLHjR+w=,/yT5p8ZUJotqdiiAvkWg6CuB9Zs=
-47,42,YYasf9MSLRGIZZv2eX2GPLHjR+w=,/yT5p8ZUJotqdiiAvkWg6CuB9Zs=
-46,42,YYasf9MSLRGIZZv2eX2GPLHjR+w=,/yT5p8ZUJotqdiiAvkWg6CuB9Zs=
-45,42,YYasf9MSLRGIZZv2eX2GPLHjR+w=,/yT5p8ZUJotqdiiAvkWg6CuB9Zs=
-44,42,YYasf9MSLRGIZZv2eX2GPLHjR+w=,/yT5p8ZUJotqdiiAvkWg6CuB9Zs=
-43,42,YYasf9MSLRGIZZv2eX2GPLHjR+w=,/yT5p8ZUJotqdiiAvkWg6CuB9Zs=
-42,42,YYasf9MSLRGIZZv2eX2GPLHjR+w=,/yT5p8ZUJotqdiiAvkWg6CuB9Zs=
-47,43,YYasf9MSLRGIZZv2eX2GPLHjR+w=,/yT5p8ZUJotqdiiAvkWg6CuB9Zs=
-46,43,YYasf9MSLRGIZZv2eX2GPLHjR+w=,/yT5p8ZUJotqdiiAvkWg6CuB9Zs=
-45,43,YYasf9MSLRGIZZv2eX2GPLHjR+w=,/yT5p8ZUJotqdiiAvkWg6CuB9Zs=
-44,43,YYasf9MSLRGIZZv2eX2GPLHjR+w=,/yT5p8ZUJotqdiiAvkWg6CuB9Zs=
-43,43,YYasf9MSLRGIZZv2eX2GPLHjR+w=,/yT5p8ZUJotqdiiAvkWg6CuB9Zs=
-42,43,YYasf9MSLRGIZZv2eX2GPLHjR+w=,/yT5p8ZUJotqdiiAvkWg6CuB9Zs=
-47,44,YYasf9MSLRGIZZv2eX2GPLHjR+w=,/yT5p8ZUJotqdiiAvkWg6CuB9Zs=
-46,44,YYasf9MSLRGIZZv2eX2GPLHjR+w=,/yT5p8ZUJotqdiiAvkWg6CuB9Zs=
-45,44,YYasf9MSLRGIZZv2eX2GPLHjR+w=,/yT5p8ZUJotqdiiAvkWg6CuB9Zs=
-44,44,YYasf9MSLRGIZZv2eX2GPLHjR+w=,/yT5p8ZUJotqdiiAvkWg6CuB9Zs=
-43,44,YYasf9MSLRGIZZv2eX2GPLHjR+w=,/yT5p8ZUJotqdiiAvkWg6CuB9Zs=
-42,44,YYasf9MSLRGIZZv2eX2GPLHjR+w=,/yT5p8ZUJotqdiiAvkWg6CuB9Zs=
-47,45,YYasf9MSLRGIZZv2eX2GPLHjR+w=,/yT5p8ZUJotqdiiAvkWg6CuB9Zs=
-46,45,YYasf9MSLRGIZZv2eX2GPLHjR+w=,/yT5p8ZUJotqdiiAvkWg6CuB9Zs=
-45,45,YYasf9MSLRGIZZv2eX2GPLHjR+w=,/yT5p8ZUJotqdiiAvkWg6CuB9Zs=
-44,45,YYasf9MSLRGIZZv2eX2GPLHjR+w=,/yT5p8ZUJotqdiiAvkWg6CuB9Zs=
-43,45,YYasf9MSLRGIZZv2eX2GPLHjR+w=,/yT5p8ZUJotqdiiAvkWg6CuB9Zs=
-47,39,YYasf9MSLRGIZZv2eX2GPLHjR+w=,/yT5p8ZUJotqdiiAvkWg6CuB9Zs=
-42,45,YYasf9MSLRGIZZv2eX2GPLHjR+w=,/yT5p8ZUJotqdiiAvkWg6CuB9Zs=
-47,46,YYasf9MSLRGIZZv2eX2GPLHjR+w=,/yT5p8ZUJotqdiiAvkWg6CuB9Zs=
-46,46,YYasf9MSLRGIZZv2eX2GPLHjR+w=,/yT5p8ZUJotqdiiAvkWg6CuB9Zs=
-45,46,YYasf9MSLRGIZZv2eX2GPLHjR+w=,/yT5p8ZUJotqdiiAvkWg6CuB9Zs=
-44,46,YYasf9MSLRGIZZv2eX2GPLHjR+w=,/yT5p8ZUJotqdiiAvkWg6CuB9Zs=
-43,46,YYasf9MSLRGIZZv2eX2GPLHjR+w=,/yT5p8ZUJotqdiiAvkWg6CuB9Zs=
-42,46,YYasf9MSLRGIZZv2eX2GPLHjR+w=,/yT5p8ZUJotqdiiAvkWg6CuB9Zs=
-46,39,YYasf9MSLRGIZZv2eX2GPLHjR+w=,/yT5p8ZUJotqdiiAvkWg6CuB9Zs=
-45,39,YYasf9MSLRGIZZv2eX2GPLHjR+w=,/yT5p8ZUJotqdiiAvkWg6CuB9Zs=
-44,47,YYasf9MSLRGIZZv2eX2GPLHjR+w=,/yT5p8ZUJotqdiiAvkWg6CuB9Zs=
-43,47,YYasf9MSLRGIZZv2eX2GPLHjR+w=,/yT5p8ZUJotqdiiAvkWg6CuB9Zs=
-42,47,YYasf9MSLRGIZZv2eX2GPLHjR+w=,/yT5p8ZUJotqdiiAvkWg6CuB9Zs=
-47,47,YYasf9MSLRGIZZv2eX2GPLHjR+w=,/yT5p8ZUJotqdiiAvkWg6CuB9Zs=
-46,47,YYasf9MSLRGIZZv2eX2GPLHjR+w=,/yT5p8ZUJotqdiiAvkWg6CuB9Zs=
-45,47,YYasf9MSLRGIZZv2eX2GPLHjR+w=,/yT5p8ZUJotqdiiAvkWg6CuB9Zs=
-44,32,YYasf9MSLRGIZZv2eX2GPLHjR+w=,/yT5p8ZUJotqdiiAvkWg6CuB9Zs=
-43,32,YYasf9MSLRGIZZv2eX2GPLHjR+w=,/yT5p8ZUJotqdiiAvkWg6CuB9Zs=
-47,32,YYasf9MSLRGIZZv2eX2GPLHjR+w=,/yT5p8ZUJotqdiiAvkWg6CuB9Zs=
-42,32,YYasf9MSLRGIZZv2eX2GPLHjR+w=,/yT5p8ZUJotqdiiAvkWg6CuB9Zs=
-46,32,YYasf9MSLRGIZZv2eX2GPLHjR+w=,/yT5p8ZUJotqdiiAvkWg6CuB9Zs=
-45,32,YYasf9MSLRGIZZv2eX2GPLHjR+w=,/yT5p8ZUJotqdiiAvkWg6CuB9Zs=
-48,38,YYasf9MSLRGIZZv2eX2GPLHjR+w=,/yT5p8ZUJotqdiiAvkWg6CuB9Zs=
-48,37,YYasf9MSLRGIZZv2eX2GPLHjR+w=,/yT5p8ZUJotqdiiAvkWg6CuB9Zs=
-48,35,YYasf9MSLRGIZZv2eX2GPLHjR+w=,/yT5p8ZUJotqdiiAvkWg6CuB9Zs=
-48,33,YYasf9MSLRGIZZv2eX2GPLHjR+w=,/yT5p8ZUJotqdiiAvkWg6CuB9Zs=
-48,36,YYasf9MSLRGIZZv2eX2GPLHjR+w=,/yT5p8ZUJotqdiiAvkWg6CuB9Zs=
-48,34,YYasf9MSLRGIZZv2eX2GPLHjR+w=,/yT5p8ZUJotqdiiAvkWg6CuB9Zs=
-48,40,YYasf9MSLRGIZZv2eX2GPLHjR+w=,/yT5p8ZUJotqdiiAvkWg6CuB9Zs=
-48,41,YYasf9MSLRGIZZv2eX2GPLHjR+w=,/yT5p8ZUJotqdiiAvkWg6CuB9Zs=
-48,42,YYasf9MSLRGIZZv2eX2GPLHjR+w=,/yT5p8ZUJotqdiiAvkWg6CuB9Zs=
-48,43,YYasf9MSLRGIZZv2eX2GPLHjR+w=,/yT5p8ZUJotqdiiAvkWg6CuB9Zs=
-48,44,YYasf9MSLRGIZZv2eX2GPLHjR+w=,/yT5p8ZUJotqdiiAvkWg6CuB9Zs=
-48,39,YYasf9MSLRGIZZv2eX2GPLHjR+w=,/yT5p8ZUJotqdiiAvkWg6CuB9Zs=
-48,45,YYasf9MSLRGIZZv2eX2GPLHjR+w=,/yT5p8ZUJotqdiiAvkWg6CuB9Zs=
-48,46,YYasf9MSLRGIZZv2eX2GPLHjR+w=,/yT5p8ZUJotqdiiAvkWg6CuB9Zs=
-48,47,YYasf9MSLRGIZZv2eX2GPLHjR+w=,/yT5p8ZUJotqdiiAvkWg6CuB9Zs=
-48,32,YYasf9MSLRGIZZv2eX2GPLHjR+w=,/yT5p8ZUJotqdiiAvkWg6CuB9Zs=
-36,35,YYasf9MSLRGIZZv2eX2GPLHjR+w=,/yT5p8ZUJotqdiiAvkWg6CuB9Zs=
-35,35,YYasf9MSLRGIZZv2eX2GPLHjR+w=,/yT5p8ZUJotqdiiAvkWg6CuB9Zs=
-34,35,YYasf9MSLRGIZZv2eX2GPLHjR+w=,/yT5p8ZUJotqdiiAvkWg6CuB9Zs=
-33,35,YYasf9MSLRGIZZv2eX2GPLHjR+w=,/yT5p8ZUJotqdiiAvkWg6CuB9Zs=
-40,36,YYasf9MSLRGIZZv2eX2GPLHjR+w=,/yT5p8ZUJotqdiiAvkWg6CuB9Zs=
-41,37,YYasf9MSLRGIZZv2eX2GPLHjR+w=,/yT5p8ZUJotqdiiAvkWg6CuB9Zs=
-37,35,YYasf9MSLRGIZZv2eX2GPLHjR+w=,/yT5p8ZUJotqdiiAvkWg6CuB9Zs=
-39,36,YYasf9MSLRGIZZv2eX2GPLHjR+w=,/yT5p8ZUJotqdiiAvkWg6CuB9Zs=
-38,36,YYasf9MSLRGIZZv2eX2GPLHjR+w=,/yT5p8ZUJotqdiiAvkWg6CuB9Zs=
-37,36,YYasf9MSLRGIZZv2eX2GPLHjR+w=,/yT5p8ZUJotqdiiAvkWg6CuB9Zs=
-41,36,YYasf9MSLRGIZZv2eX2GPLHjR+w=,/yT5p8ZUJotqdiiAvkWg6CuB9Zs=
-36,36,YYasf9MSLRGIZZv2eX2GPLHjR+w=,/yT5p8ZUJotqdiiAvkWg6CuB9Zs=
-35,36,YYasf9MSLRGIZZv2eX2GPLHjR+w=,/yT5p8ZUJotqdiiAvkWg6CuB9Zs=
-41,34,YYasf9MSLRGIZZv2eX2GPLHjR+w=,/yT5p8ZUJotqdiiAvkWg6CuB9Zs=
-41,38,YYasf9MSLRGIZZv2eX2GPLHjR+w=,/yT5p8ZUJotqdiiAvkWg6CuB9Zs=
-34,36,YYasf9MSLRGIZZv2eX2GPLHjR+w=,/yT5p8ZUJotqdiiAvkWg6CuB9Zs=
-38,35,YYasf9MSLRGIZZv2eX2GPLHjR+w=,/yT5p8ZUJotqdiiAvkWg6CuB9Zs=
-33,36,YYasf9MSLRGIZZv2eX2GPLHjR+w=,/yT5p8ZUJotqdiiAvkWg6CuB9Zs=
-41,32,YYasf9MSLRGIZZv2eX2GPLHjR+w=,/yT5p8ZUJotqdiiAvkWg6CuB9Zs=
-40,37,YYasf9MSLRGIZZv2eX2GPLHjR+w=,/yT5p8ZUJotqdiiAvkWg6CuB9Zs=
-39,37,YYasf9MSLRGIZZv2eX2GPLHjR+w=,/yT5p8ZUJotqdiiAvkWg6CuB9Zs=
-33,34,YYasf9MSLRGIZZv2eX2GPLHjR+w=,/yT5p8ZUJotqdiiAvkWg6CuB9Zs=
-40,35,YYasf9MSLRGIZZv2eX2GPLHjR+w=,/yT5p8ZUJotqdiiAvkWg6CuB9Zs=
-39,35,YYasf9MSLRGIZZv2eX2GPLHjR+w=,/yT5p8ZUJotqdiiAvkWg6CuB9Zs=
-38,37,g/2mwFumc+Coxe6TzJJ+zdOrrBc=,/yT5p8ZUJotqdiiAvkWg6CuB9Zs=
-40,32,g/2mwFumc+Coxe6TzJJ+zdOrrBc=,/yT5p8ZUJotqdiiAvkWg6CuB9Zs=
-37,37,g/2mwFumc+Coxe6TzJJ+zdOrrBc=,/yT5p8ZUJotqdiiAvkWg6CuB9Zs=
-39,32,g/2mwFumc+Coxe6TzJJ+zdOrrBc=,/yT5p8ZUJotqdiiAvkWg6CuB9Zs=
-38,32,g/2mwFumc+Coxe6TzJJ+zdOrrBc=,/yT5p8ZUJotqdiiAvkWg6CuB9Zs=
-37,32,g/2mwFumc+Coxe6TzJJ+zdOrrBc=,/yT5p8ZUJotqdiiAvkWg6CuB9Zs=
-41,35,g/2mwFumc+Coxe6TzJJ+zdOrrBc=,/yT5p8ZUJotqdiiAvkWg6CuB9Zs=
-36,37,g/2mwFumc+Coxe6TzJJ+zdOrrBc=,/yT5p8ZUJotqdiiAvkWg6CuB9Zs=
-35,37,g/2mwFumc+Coxe6TzJJ+zdOrrBc=,/yT5p8ZUJotqdiiAvkWg6CuB9Zs=
-36,32,g/2mwFumc+Coxe6TzJJ+zdOrrBc=,/yT5p8ZUJotqdiiAvkWg6CuB9Zs=
-34,37,g/2mwFumc+Coxe6TzJJ+zdOrrBc=,/yT5p8ZUJotqdiiAvkWg6CuB9Zs=
-33,37,g/2mwFumc+Coxe6TzJJ+zdOrrBc=,/yT5p8ZUJotqdiiAvkWg6CuB9Zs=
-35,32,g/2mwFumc+Coxe6TzJJ+zdOrrBc=,/yT5p8ZUJotqdiiAvkWg6CuB9Zs=
-40,38,g/2mwFumc+Coxe6TzJJ+zdOrrBc=,/yT5p8ZUJotqdiiAvkWg6CuB9Zs=
-34,32,g/2mwFumc+Coxe6TzJJ+zdOrrBc=,/yT5p8ZUJotqdiiAvkWg6CuB9Zs=
-39,38,g/2mwFumc+Coxe6TzJJ+zdOrrBc=,/yT5p8ZUJotqdiiAvkWg6CuB9Zs=
-34,34,g/2mwFumc+Coxe6TzJJ+zdOrrBc=,/yT5p8ZUJotqdiiAvkWg6CuB9Zs=
-35,34,g/2mwFumc+Coxe6TzJJ+zdOrrBc=,/yT5p8ZUJotqdiiAvkWg6CuB9Zs=
-36,34,g/2mwFumc+Coxe6TzJJ+zdOrrBc=,/yT5p8ZUJotqdiiAvkWg6CuB9Zs=
-37,34,g/2mwFumc+Coxe6TzJJ+zdOrrBc=,/yT5p8ZUJotqdiiAvkWg6CuB9Zs=
-38,34,g/2mwFumc+Coxe6TzJJ+zdOrrBc=,/yT5p8ZUJotqdiiAvkWg6CuB9Zs=
-38,38,g/2mwFumc+Coxe6TzJJ+zdOrrBc=,/yT5p8ZUJotqdiiAvkWg6CuB9Zs=
-33,32,g/2mwFumc+Coxe6TzJJ+zdOrrBc=,/yT5p8ZUJotqdiiAvkWg6CuB9Zs=
-37,38,g/2mwFumc+Coxe6TzJJ+zdOrrBc=,/yT5p8ZUJotqdiiAvkWg6CuB9Zs=
-41,33,g/2mwFumc+Coxe6TzJJ+zdOrrBc=,/yT5p8ZUJotqdiiAvkWg6CuB9Zs=
-40,33,g/2mwFumc+Coxe6TzJJ+zdOrrBc=,/yT5p8ZUJotqdiiAvkWg6CuB9Zs=
-39,33,g/2mwFumc+Coxe6TzJJ+zdOrrBc=,/yT5p8ZUJotqdiiAvkWg6CuB9Zs=
-38,33,g/2mwFumc+Coxe6TzJJ+zdOrrBc=,/yT5p8ZUJotqdiiAvkWg6CuB9Zs=
-39,34,g/2mwFumc+Coxe6TzJJ+zdOrrBc=,/yT5p8ZUJotqdiiAvkWg6CuB9Zs=
-40,34,g/2mwFumc+Coxe6TzJJ+zdOrrBc=,/yT5p8ZUJotqdiiAvkWg6CuB9Zs=
-33,33,g/2mwFumc+Coxe6TzJJ+zdOrrBc=,/yT5p8ZUJotqdiiAvkWg6CuB9Zs=
-36,38,g/2mwFumc+Coxe6TzJJ+zdOrrBc=,/yT5p8ZUJotqdiiAvkWg6CuB9Zs=
-37,33,g/2mwFumc+Coxe6TzJJ+zdOrrBc=,/yT5p8ZUJotqdiiAvkWg6CuB9Zs=
-35,38,g/2mwFumc+Coxe6TzJJ+zdOrrBc=,/yT5p8ZUJotqdiiAvkWg6CuB9Zs=
-36,33,g/2mwFumc+Coxe6TzJJ+zdOrrBc=,/yT5p8ZUJotqdiiAvkWg6CuB9Zs=
-35,33,g/2mwFumc+Coxe6TzJJ+zdOrrBc=,/yT5p8ZUJotqdiiAvkWg6CuB9Zs=
-34,33,g/2mwFumc+Coxe6TzJJ+zdOrrBc=,/yT5p8ZUJotqdiiAvkWg6CuB9Zs=
-34,38,g/2mwFumc+Coxe6TzJJ+zdOrrBc=,/yT5p8ZUJotqdiiAvkWg6CuB9Zs=
-33,38,g/2mwFumc+Coxe6TzJJ+zdOrrBc=,/yT5p8ZUJotqdiiAvkWg6CuB9Zs=
-36,45,g/2mwFumc+Coxe6TzJJ+zdOrrBc=,/yT5p8ZUJotqdiiAvkWg6CuB9Zs=
-33,39,g/2mwFumc+Coxe6TzJJ+zdOrrBc=,/yT5p8ZUJotqdiiAvkWg6CuB9Zs=
-35,45,g/2mwFumc+Coxe6TzJJ+zdOrrBc=,/yT5p8ZUJotqdiiAvkWg6CuB9Zs=
-37,45,g/2mwFumc+Coxe6TzJJ+zdOrrBc=,/yT5p8ZUJotqdiiAvkWg6CuB9Zs=
-39,45,g/2mwFumc+Coxe6TzJJ+zdOrrBc=,/yT5p8ZUJotqdiiAvkWg6CuB9Zs=
-38,45,g/2mwFumc+Coxe6TzJJ+zdOrrBc=,/yT5p8ZUJotqdiiAvkWg6CuB9Zs=
-34,45,g/2mwFumc+Coxe6TzJJ+zdOrrBc=,/yT5p8ZUJotqdiiAvkWg6CuB9Zs=
-41,47,g/2mwFumc+Coxe6TzJJ+zdOrrBc=,/yT5p8ZUJotqdiiAvkWg6CuB9Zs=
-41,39,g/2mwFumc+Coxe6TzJJ+zdOrrBc=,/yT5p8ZUJotqdiiAvkWg6CuB9Zs=
-33,44,g/2mwFumc+Coxe6TzJJ+zdOrrBc=,/yT5p8ZUJotqdiiAvkWg6CuB9Zs=
-35,44,g/2mwFumc+Coxe6TzJJ+zdOrrBc=,/yT5p8ZUJotqdiiAvkWg6CuB9Zs=
-40,40,g/2mwFumc+Coxe6TzJJ+zdOrrBc=,/yT5p8ZUJotqdiiAvkWg6CuB9Zs=
-34,44,g/2mwFumc+Coxe6TzJJ+zdOrrBc=,/yT5p8ZUJotqdiiAvkWg6CuB9Zs=
-40,45,g/2mwFumc+Coxe6TzJJ+zdOrrBc=,/yT5p8ZUJotqdiiAvkWg6CuB9Zs=
-35,39,g/2mwFumc+Coxe6TzJJ+zdOrrBc=,/yT5p8ZUJotqdiiAvkWg6CuB9Zs=
-39,40,g/2mwFumc+Coxe6TzJJ+zdOrrBc=,/yT5p8ZUJotqdiiAvkWg6CuB9Zs=
-36,44,g/2mwFumc+Coxe6TzJJ+zdOrrBc=,/yT5p8ZUJotqdiiAvkWg6CuB9Zs=
-37,44,g/2mwFumc+Coxe6TzJJ+zdOrrBc=,/yT5p8ZUJotqdiiAvkWg6CuB9Zs=
-36,39,g/2mwFumc+Coxe6TzJJ+zdOrrBc=,/yT5p8ZUJotqdiiAvkWg6CuB9Zs=
-38,40,g/2mwFumc+Coxe6TzJJ+zdOrrBc=,/yT5p8ZUJotqdiiAvkWg6CuB9Zs=
-34,39,g/2mwFumc+Coxe6TzJJ+zdOrrBc=,/yT5p8ZUJotqdiiAvkWg6CuB9Zs=
-38,44,g/2mwFumc+Coxe6TzJJ+zdOrrBc=,/yT5p8ZUJotqdiiAvkWg6CuB9Zs=
-37,39,g/2mwFumc+Coxe6TzJJ+zdOrrBc=,/yT5p8ZUJotqdiiAvkWg6CuB9Zs=
-37,40,g/2mwFumc+Coxe6TzJJ+zdOrrBc=,/yT5p8ZUJotqdiiAvkWg6CuB9Zs=
-38,39,g/2mwFumc+Coxe6TzJJ+zdOrrBc=,/yT5p8ZUJotqdiiAvkWg6CuB9Zs=
-39,44,g/2mwFumc+Coxe6TzJJ+zdOrrBc=,/yT5p8ZUJotqdiiAvkWg6CuB9Zs=
-33,43,g/2mwFumc+Coxe6TzJJ+zdOrrBc=,/yT5p8ZUJotqdiiAvkWg6CuB9Zs=
-41,46,g/2mwFumc+Coxe6TzJJ+zdOrrBc=,/yT5p8ZUJotqdiiAvkWg6CuB9Zs=
-36,40,g/2mwFumc+Coxe6TzJJ+zdOrrBc=,/yT5p8ZUJotqdiiAvkWg6CuB9Zs=
-35,43,g/2mwFumc+Coxe6TzJJ+zdOrrBc=,/yT5p8ZUJotqdiiAvkWg6CuB9Zs=
-40,39,g/2mwFumc+Coxe6TzJJ+zdOrrBc=,/yT5p8ZUJotqdiiAvkWg6CuB9Zs=
-39,39,g/2mwFumc+Coxe6TzJJ+zdOrrBc=,/yT5p8ZUJotqdiiAvkWg6CuB9Zs=
-34,43,g/2mwFumc+Coxe6TzJJ+zdOrrBc=,/yT5p8ZUJotqdiiAvkWg6CuB9Zs=
-36,43,g/2mwFumc+Coxe6TzJJ+zdOrrBc=,/yT5p8ZUJotqdiiAvkWg6CuB9Zs=
-41,45,g/2mwFumc+Coxe6TzJJ+zdOrrBc=,/yT5p8ZUJotqdiiAvkWg6CuB9Zs=
-41,44,g/2mwFumc+Coxe6TzJJ+zdOrrBc=,/yT5p8ZUJotqdiiAvkWg6CuB9Zs=
-41,43,g/2mwFumc+Coxe6TzJJ+zdOrrBc=,/yT5p8ZUJotqdiiAvkWg6CuB9Zs=
-35,40,g/2mwFumc+Coxe6TzJJ+zdOrrBc=,/yT5p8ZUJotqdiiAvkWg6CuB9Zs=
-41,40,g/2mwFumc+Coxe6TzJJ+zdOrrBc=,/yT5p8ZUJotqdiiAvkWg6CuB9Zs=
-38,43,g/2mwFumc+Coxe6TzJJ+zdOrrBc=,/yT5p8ZUJotqdiiAvkWg6CuB9Zs=
-40,44,g/2mwFumc+Coxe6TzJJ+zdOrrBc=,/yT5p8ZUJotqdiiAvkWg6CuB9Zs=
-37,43,g/2mwFumc+Coxe6TzJJ+zdOrrBc=,/yT5p8ZUJotqdiiAvkWg6CuB9Zs=
-39,43,g/2mwFumc+Coxe6TzJJ+zdOrrBc=,/yT5p8ZUJotqdiiAvkWg6CuB9Zs=
-34,40,g/2mwFumc+Coxe6TzJJ+zdOrrBc=,/yT5p8ZUJotqdiiAvkWg6CuB9Zs=
-33,47,g/2mwFumc+Coxe6TzJJ+zdOrrBc=,/yT5p8ZUJotqdiiAvkWg6CuB9Zs=
-41,42,g/2mwFumc+Coxe6TzJJ+zdOrrBc=,/yT5p8ZUJotqdiiAvkWg6CuB9Zs=
-34,47,g/2mwFumc+Coxe6TzJJ+zdOrrBc=,/yT5p8ZUJotqdiiAvkWg6CuB9Zs=
-40,43,g/2mwFumc+Coxe6TzJJ+zdOrrBc=,/yT5p8ZUJotqdiiAvkWg6CuB9Zs=
-33,45,g/2mwFumc+Coxe6TzJJ+zdOrrBc=,/yT5p8ZUJotqdiiAvkWg6CuB9Zs=
-37,47,g/2mwFumc+Coxe6TzJJ+zdOrrBc=,/yT5p8ZUJotqdiiAvkWg6CuB9Zs=
-33,42,g/2mwFumc+Coxe6TzJJ+zdOrrBc=,/yT5p8ZUJotqdiiAvkWg6CuB9Zs=
-35,42,g/2mwFumc+Coxe6TzJJ+zdOrrBc=,/yT5p8ZUJotqdiiAvkWg6CuB9Zs=
-34,42,g/2mwFumc+Coxe6TzJJ+zdOrrBc=,/yT5p8ZUJotqdiiAvkWg6CuB9Zs=
-36,47,g/2mwFumc+Coxe6TzJJ+zdOrrBc=,/yT5p8ZUJotqdiiAvkWg6CuB9Zs=
-33,40,g/2mwFumc+Coxe6TzJJ+zdOrrBc=,/yT5p8ZUJotqdiiAvkWg6CuB9Zs=
-35,47,g/2mwFumc+Coxe6TzJJ+zdOrrBc=,/yT5p8ZUJotqdiiAvkWg6CuB9Zs=
-40,41,g/2mwFumc+Coxe6TzJJ+zdOrrBc=,/yT5p8ZUJotqdiiAvkWg6CuB9Zs=
-38,42,g/2mwFumc+Coxe6TzJJ+zdOrrBc=,/yT5p8ZUJotqdiiAvkWg6CuB9Zs=
-37,42,g/2mwFumc+Coxe6TzJJ+zdOrrBc=,/yT5p8ZUJotqdiiAvkWg6CuB9Zs=
-38,47,g/2mwFumc+Coxe6TzJJ+zdOrrBc=,/yT5p8ZUJotqdiiAvkWg6CuB9Zs=
-39,47,g/2mwFumc+Coxe6TzJJ+zdOrrBc=,/yT5p8ZUJotqdiiAvkWg6CuB9Zs=
-40,47,g/2mwFumc+Coxe6TzJJ+zdOrrBc=,/yT5p8ZUJotqdiiAvkWg6CuB9Zs=
-33,46,g/2mwFumc+Coxe6TzJJ+zdOrrBc=,/yT5p8ZUJotqdiiAvkWg6CuB9Zs=
-40,46,g/2mwFumc+Coxe6TzJJ+zdOrrBc=,/yT5p8ZUJotqdiiAvkWg6CuB9Zs=
-41,41,g/2mwFumc+Coxe6TzJJ+zdOrrBc=,/yT5p8ZUJotqdiiAvkWg6CuB9Zs=
-40,42,g/2mwFumc+Coxe6TzJJ+zdOrrBc=,/yT5p8ZUJotqdiiAvkWg6CuB9Zs=
-34,46,g/2mwFumc+Coxe6TzJJ+zdOrrBc=,/yT5p8ZUJotqdiiAvkWg6CuB9Zs=
-35,46,g/2mwFumc+Coxe6TzJJ+zdOrrBc=,/yT5p8ZUJotqdiiAvkWg6CuB9Zs=
-34,41,g/2mwFumc+Coxe6TzJJ+zdOrrBc=,/yT5p8ZUJotqdiiAvkWg6CuB9Zs=
-36,46,g/2mwFumc+Coxe6TzJJ+zdOrrBc=,/yT5p8ZUJotqdiiAvkWg6CuB9Zs=
-39,42,g/2mwFumc+Coxe6TzJJ+zdOrrBc=,/yT5p8ZUJotqdiiAvkWg6CuB9Zs=
-37,46,g/2mwFumc+Coxe6TzJJ+zdOrrBc=,/yT5p8ZUJotqdiiAvkWg6CuB9Zs=
-38,46,g/2mwFumc+Coxe6TzJJ+zdOrrBc=,/yT5p8ZUJotqdiiAvkWg6CuB9Zs=
-39,46,g/2mwFumc+Coxe6TzJJ+zdOrrBc=,/yT5p8ZUJotqdiiAvkWg6CuB9Zs=
-33,41,g/2mwFumc+Coxe6TzJJ+zdOrrBc=,/yT5p8ZUJotqdiiAvkWg6CuB9Zs=
-39,41,g/2mwFumc+Coxe6TzJJ+zdOrrBc=,/yT5p8ZUJotqdiiAvkWg6CuB9Zs=
-35,41,g/2mwFumc+Coxe6TzJJ+zdOrrBc=,/yT5p8ZUJotqdiiAvkWg6CuB9Zs=
-37,41,g/2mwFumc+Coxe6TzJJ+zdOrrBc=,/yT5p8ZUJotqdiiAvkWg6CuB9Zs=
-36,41,g/2mwFumc+Coxe6TzJJ+zdOrrBc=,/yT5p8ZUJotqdiiAvkWg6CuB9Zs=
-38,41,g/2mwFumc+Coxe6TzJJ+zdOrrBc=,/yT5p8ZUJotqdiiAvkWg6CuB9Zs=
-36,42,g/2mwFumc+Coxe6TzJJ+zdOrrBc=,/yT5p8ZUJotqdiiAvkWg6CuB9Zs=
