41,64,1NtcupptR2tx8KQsWTDs4puU5Cw=,bMekB93FEseTmQLSpURzULC5QgU=
42,64,1NtcupptR2tx8KQsWTDs4puU5Cw=,bMekB93FEseTmQLSpURzULC5QgU=
43,64,1NtcupptR2tx8KQsWTDs4puU5Cw=,bMekB93FEseTmQLSpURzULC5QgU=
44,64,1NtcupptR2tx8KQsWTDs4puU5Cw=,bMekB93FEseTmQLSpURzULC5QgU=
45,64,1NtcupptR2tx8KQsWTDs4puU5Cw=,bMekB93FEseTmQLSpURzULC5QgU=
46,64,1NtcupptR2tx8KQsWTDs4puU5Cw=,bMekB93FEseTmQLSpURzULC5QgU=
47,65,1NtcupptR2tx8KQsWTDs4puU5Cw=,bMekB93FEseTmQLSpURzULC5QgU=
47,66,1NtcupptR2tx8KQsWTDs4puU5Cw=,bMekB93FEseTmQLSpURzULC5QgU=
47,67,1NtcupptR2tx8KQsWTDs4puU5Cw=,bMekB93FEseTmQLSpURzULC5QgU=
47,68,1NtcupptR2tx8KQsWTDs4puU5Cw=,bMekB93FEseTmQLSpURzULC5QgU=
47,71,1NtcupptR2tx8KQsWTDs4puU5Cw=,bMekB93FEseTmQLSpURzULC5QgU=
47,69,1NtcupptR2tx8KQsWTDs4puU5Cw=,bMekB93FEseTmQLSpURzULC5QgU=
47,70,1NtcupptR2tx8KQsWTDs4puU5Cw=,bMekB93FEseTmQLSpURzULC5QgU=
47,64,1NtcupptR2tx8KQsWTDs4puU5Cw=,bMekB93FEseTmQLSpURzULC5QgU=
37,64,1NtcupptR2tx8KQsWTDs4puU5Cw=,aDG3RliJKLVtUqthZ1OsCiHN2uk=
37,71,1NtcupptR2tx8KQsWTDs4puU5Cw=,aDG3RliJKLVtUqthZ1OsCiHN2uk=
38,69,1NtcupptR2tx8KQsWTDs4puU5Cw=,aDG3RliJKLVtUqthZ1OsCiHN2uk=
35,68,1NtcupptR2tx8KQsWTDs4puU5Cw=,aDG3RliJKLVtUqthZ1OsCiHN2uk=
36,71,1NtcupptR2tx8KQsWTDs4puU5Cw=,aDG3RliJKLVtUqthZ1OsCiHN2uk=
36,64,1NtcupptR2tx8KQsWTDs4puU5Cw=,aDG3RliJKLVtUqthZ1OsCiHN2uk=
35,71,1NtcupptR2tx8KQsWTDs4puU5Cw=,aDG3RliJKLVtUqthZ1OsCiHN2uk=
39,64,1NtcupptR2tx8KQsWTDs4puU5Cw=,aDG3RliJKLVtUqthZ1OsCiHN2uk=
34,67,1NtcupptR2tx8KQsWTDs4puU5Cw=,aDG3RliJKLVtUqthZ1OsCiHN2uk=
33,71,1NtcupptR2tx8KQsWTDs4puU5Cw=,aDG3RliJKLVtUqthZ1OsCiHN2uk=
34,71,1NtcupptR2tx8KQsWTDs4puU5Cw=,aDG3RliJKLVtUqthZ1OsCiHN2uk=
35,67,1NtcupptR2tx8KQsWTDs4puU5Cw=,aDG3RliJKLVtUqthZ1OsCiHN2uk=
32,71,1NtcupptR2tx8KQsWTDs4puU5Cw=,aDG3RliJKLVtUqthZ1OsCiHN2uk=
33,67,1NtcupptR2tx8KQsWTDs4puU5Cw=,aDG3RliJKLVtUqthZ1OsCiHN2uk=
34,68,1NtcupptR2tx8KQsWTDs4puU5Cw=,aDG3RliJKLVtUqthZ1OsCiHN2uk=
32,67,1NtcupptR2tx8KQsWTDs4puU5Cw=,aDG3RliJKLVtUqthZ1OsCiHN2uk=
39,70,1NtcupptR2tx8KQsWTDs4puU5Cw=,aDG3RliJKLVtUqthZ1OsCiHN2uk=
37,69,1NtcupptR2tx8KQsWTDs4puU5Cw=,aDG3RliJKLVtUqthZ1OsCiHN2uk=
40,65,1NtcupptR2tx8KQsWTDs4puU5Cw=,bMekB93FEseTmQLSpURzULC5QgU=
36,69,1NtcupptR2tx8KQsWTDs4puU5Cw=,aDG3RliJKLVtUqthZ1OsCiHN2uk=
33,68,1NtcupptR2tx8KQsWTDs4puU5Cw=,aDG3RliJKLVtUqthZ1OsCiHN2uk=
38,70,1NtcupptR2tx8KQsWTDs4puU5Cw=,aDG3RliJKLVtUqthZ1OsCiHN2uk=
35,65,1NtcupptR2tx8KQsWTDs4puU5Cw=,aDG3RliJKLVtUqthZ1OsCiHN2uk=
35,69,1NtcupptR2tx8KQsWTDs4puU5Cw=,aDG3RliJKLVtUqthZ1OsCiHN2uk=
39,66,1NtcupptR2tx8KQsWTDs4puU5Cw=,aDG3RliJKLVtUqthZ1OsCiHN2uk=
34,69,1NtcupptR2tx8KQsWTDs4puU5Cw=,aDG3RliJKLVtUqthZ1OsCiHN2uk=
36,65,1NtcupptR2tx8KQsWTDs4puU5Cw=,aDG3RliJKLVtUqthZ1OsCiHN2uk=
33,69,1NtcupptR2tx8KQsWTDs4puU5Cw=,aDG3RliJKLVtUqthZ1OsCiHN2uk=
32,69,1NtcupptR2tx8KQsWTDs4puU5Cw=,aDG3RliJKLVtUqthZ1OsCiHN2uk=
35,64,1NtcupptR2tx8KQsWTDs4puU5Cw=,aDG3RliJKLVtUqthZ1OsCiHN2uk=
37,65,1NtcupptR2tx8KQsWTDs4puU5Cw=,aDG3RliJKLVtUqthZ1OsCiHN2uk=
39,68,1NtcupptR2tx8KQsWTDs4puU5Cw=,aDG3RliJKLVtUqthZ1OsCiHN2uk=
38,68,1NtcupptR2tx8KQsWTDs4puU5Cw=,aDG3RliJKLVtUqthZ1OsCiHN2uk=
37,68,1NtcupptR2tx8KQsWTDs4puU5Cw=,aDG3RliJKLVtUqthZ1OsCiHN2uk=
38,65,1NtcupptR2tx8KQsWTDs4puU5Cw=,aDG3RliJKLVtUqthZ1OsCiHN2uk=
37,70,1NtcupptR2tx8KQsWTDs4puU5Cw=,aDG3RliJKLVtUqthZ1OsCiHN2uk=
36,70,1NtcupptR2tx8KQsWTDs4puU5Cw=,aDG3RliJKLVtUqthZ1OsCiHN2uk=
38,71,1NtcupptR2tx8KQsWTDs4puU5Cw=,aDG3RliJKLVtUqthZ1OsCiHN2uk=
36,68,1NtcupptR2tx8KQsWTDs4puU5Cw=,aDG3RliJKLVtUqthZ1OsCiHN2uk=
38,66,1NtcupptR2tx8KQsWTDs4puU5Cw=,aDG3RliJKLVtUqthZ1OsCiHN2uk=
39,65,1NtcupptR2tx8KQsWTDs4puU5Cw=,aDG3RliJKLVtUqthZ1OsCiHN2uk=
37,66,1NtcupptR2tx8KQsWTDs4puU5Cw=,aDG3RliJKLVtUqthZ1OsCiHN2uk=
40,71,1NtcupptR2tx8KQsWTDs4puU5Cw=,bMekB93FEseTmQLSpURzULC5QgU=
32,68,1NtcupptR2tx8KQsWTDs4puU5Cw=,aDG3RliJKLVtUqthZ1OsCiHN2uk=
38,64,1NtcupptR2tx8KQsWTDs4puU5Cw=,aDG3RliJKLVtUqthZ1OsCiHN2uk=
35,70,1NtcupptR2tx8KQsWTDs4puU5Cw=,aDG3RliJKLVtUqthZ1OsCiHN2uk=
39,67,1NtcupptR2tx8KQsWTDs4puU5Cw=,aDG3RliJKLVtUqthZ1OsCiHN2uk=
38,67,1NtcupptR2tx8KQsWTDs4puU5Cw=,aDG3RliJKLVtUqthZ1OsCiHN2uk=
40,66,1NtcupptR2tx8KQsWTDs4puU5Cw=,bMekB93FEseTmQLSpURzULC5QgU=
40,70,1NtcupptR2tx8KQsWTDs4puU5Cw=,bMekB93FEseTmQLSpURzULC5QgU=
36,66,1NtcupptR2tx8KQsWTDs4puU5Cw=,aDG3RliJKLVtUqthZ1OsCiHN2uk=
39,69,1NtcupptR2tx8KQsWTDs4puU5Cw=,aDG3RliJKLVtUqthZ1OsCiHN2uk=
40,64,1NtcupptR2tx8KQsWTDs4puU5Cw=,bMekB93FEseTmQLSpURzULC5QgU=
34,70,1NtcupptR2tx8KQsWTDs4puU5Cw=,aDG3RliJKLVtUqthZ1OsCiHN2uk=
40,69,1NtcupptR2tx8KQsWTDs4puU5Cw=,bMekB93FEseTmQLSpURzULC5QgU=
35,66,1NtcupptR2tx8KQsWTDs4puU5Cw=,aDG3RliJKLVtUqthZ1OsCiHN2uk=
40,68,1NtcupptR2tx8KQsWTDs4puU5Cw=,bMekB93FEseTmQLSpURzULC5QgU=
33,70,1NtcupptR2tx8KQsWTDs4puU5Cw=,aDG3RliJKLVtUqthZ1OsCiHN2uk=
39,71,1NtcupptR2tx8KQsWTDs4puU5Cw=,aDG3RliJKLVtUqthZ1OsCiHN2uk=
37,67,1NtcupptR2tx8KQsWTDs4puU5Cw=,aDG3RliJKLVtUqthZ1OsCiHN2uk=
32,70,1NtcupptR2tx8KQsWTDs4puU5Cw=,aDG3RliJKLVtUqthZ1OsCiHN2uk=
40,67,1NtcupptR2tx8KQsWTDs4puU5Cw=,bMekB93FEseTmQLSpURzULC5QgU=
36,67,1NtcupptR2tx8KQsWTDs4puU5Cw=,aDG3RliJKLVtUqthZ1OsCiHN2uk=
34,65,1NtcupptR2tx8KQsWTDs4puU5Cw=,aDG3RliJKLVtUqthZ1OsCiHN2uk=
32,64,1NtcupptR2tx8KQsWTDs4puU5Cw=,aDG3RliJKLVtUqthZ1OsCiHN2uk=
34,66,1NtcupptR2tx8KQsWTDs4puU5Cw=,aDG3RliJKLVtUqthZ1OsCiHN2uk=
33,65,1NtcupptR2tx8KQsWTDs4puU5Cw=,aDG3RliJKLVtUqthZ1OsCiHN2uk=
32,65,1NtcupptR2tx8KQsWTDs4puU5Cw=,aDG3RliJKLVtUqthZ1OsCiHN2uk=
32,66,1NtcupptR2tx8KQsWTDs4puU5Cw=,aDG3RliJKLVtUqthZ1OsCiHN2uk=
33,64,1NtcupptR2tx8KQsWTDs4puU5Cw=,aDG3RliJKLVtUqthZ1OsCiHN2uk=
33,66,1NtcupptR2tx8KQsWTDs4puU5Cw=,aDG3RliJKLVtUqthZ1OsCiHN2uk=
34,64,1NtcupptR2tx8KQsWTDs4puU5Cw=,aDG3RliJKLVtUqthZ1OsCiHN2uk=
52,68,KSnQDMYCm5/7FmpVYGutgKvyR/I=,P+ycUeI6lATzcXNDlXpT2haImAs=
53,69,KSnQDMYCm5/7FmpVYGutgKvyR/I=,P+ycUeI6lATzcXNDlXpT2haImAs=
49,66,KSnQDMYCm5/7FmpVYGutgKvyR/I=,P+ycUeI6lATzcXNDlXpT2haImAs=
53,70,KSnQDMYCm5/7FmpVYGutgKvyR/I=,P+ycUeI6lATzcXNDlXpT2haImAs=
54,70,KSnQDMYCm5/7FmpVYGutgKvyR/I=,P+ycUeI6lATzcXNDlXpT2haImAs=
54,71,KSnQDMYCm5/7FmpVYGutgKvyR/I=,P+ycUeI6lATzcXNDlXpT2haImAs=
53,71,KSnQDMYCm5/7FmpVYGutgKvyR/I=,P+ycUeI6lATzcXNDlXpT2haImAs=
52,71,KSnQDMYCm5/7FmpVYGutgKvyR/I=,P+ycUeI6lATzcXNDlXpT2haImAs=
50,66,KSnQDMYCm5/7FmpVYGutgKvyR/I=,P+ycUeI6lATzcXNDlXpT2haImAs=
51,66,KSnQDMYCm5/7FmpVYGutgKvyR/I=,P+ycUeI6lATzcXNDlXpT2haImAs=
52,67,KSnQDMYCm5/7FmpVYGutgKvyR/I=,P+ycUeI6lATzcXNDlXpT2haImAs=
53,67,KSnQDMYCm5/7FmpVYGutgKvyR/I=,P+ycUeI6lATzcXNDlXpT2haImAs=
52,66,KSnQDMYCm5/7FmpVYGutgKvyR/I=,P+ycUeI6lATzcXNDlXpT2haImAs=
54,69,KSnQDMYCm5/7FmpVYGutgKvyR/I=,P+ycUeI6lATzcXNDlXpT2haImAs=
53,66,KSnQDMYCm5/7FmpVYGutgKvyR/I=,P+ycUeI6lATzcXNDlXpT2haImAs=
54,66,KSnQDMYCm5/7FmpVYGutgKvyR/I=,P+ycUeI6lATzcXNDlXpT2haImAs=
54,67,KSnQDMYCm5/7FmpVYGutgKvyR/I=,P+ycUeI6lATzcXNDlXpT2haImAs=
49,70,KSnQDMYCm5/7FmpVYGutgKvyR/I=,P+ycUeI6lATzcXNDlXpT2haImAs=
51,68,KSnQDMYCm5/7FmpVYGutgKvyR/I=,P+ycUeI6lATzcXNDlXpT2haImAs=
53,65,KSnQDMYCm5/7FmpVYGutgKvyR/I=,P+ycUeI6lATzcXNDlXpT2haImAs=
50,70,KSnQDMYCm5/7FmpVYGutgKvyR/I=,P+ycUeI6lATzcXNDlXpT2haImAs=
54,65,KSnQDMYCm5/7FmpVYGutgKvyR/I=,P+ycUeI6lATzcXNDlXpT2haImAs=
53,68,KSnQDMYCm5/7FmpVYGutgKvyR/I=,P+ycUeI6lATzcXNDlXpT2haImAs=
49,67,KSnQDMYCm5/7FmpVYGutgKvyR/I=,P+ycUeI6lATzcXNDlXpT2haImAs=
54,68,KSnQDMYCm5/7FmpVYGutgKvyR/I=,P+ycUeI6lATzcXNDlXpT2haImAs=
49,68,KSnQDMYCm5/7FmpVYGutgKvyR/I=,P+ycUeI6lATzcXNDlXpT2haImAs=
51,70,KSnQDMYCm5/7FmpVYGutgKvyR/I=,P+ycUeI6lATzcXNDlXpT2haImAs=
50,67,KSnQDMYCm5/7FmpVYGutgKvyR/I=,P+ycUeI6lATzcXNDlXpT2haImAs=
49,69,KSnQDMYCm5/7FmpVYGutgKvyR/I=,P+ycUeI6lATzcXNDlXpT2haImAs=
52,70,KSnQDMYCm5/7FmpVYGutgKvyR/I=,P+ycUeI6lATzcXNDlXpT2haImAs=
50,69,KSnQDMYCm5/7FmpVYGutgKvyR/I=,P+ycUeI6lATzcXNDlXpT2haImAs=
51,67,KSnQDMYCm5/7FmpVYGutgKvyR/I=,P+ycUeI6lATzcXNDlXpT2haImAs=
49,71,KSnQDMYCm5/7FmpVYGutgKvyR/I=,P+ycUeI6lATzcXNDlXpT2haImAs=
50,71,KSnQDMYCm5/7FmpVYGutgKvyR/I=,P+ycUeI6lATzcXNDlXpT2haImAs=
51,69,KSnQDMYCm5/7FmpVYGutgKvyR/I=,P+ycUeI6lATzcXNDlXpT2haImAs=
52,69,KSnQDMYCm5/7FmpVYGutgKvyR/I=,P+ycUeI6lATzcXNDlXpT2haImAs=
51,71,KSnQDMYCm5/7FmpVYGutgKvyR/I=,P+ycUeI6lATzcXNDlXpT2haImAs=
50,68,4Zda7BpZwUk6y22v4AwWeleLVPg=,P+ycUeI6lATzcXNDlXpT2haImAs=
49,65,4Zda7BpZwUk6y22v4AwWeleLVPg=,P+ycUeI6lATzcXNDlXpT2haImAs=
50,65,4Zda7BpZwUk6y22v4AwWeleLVPg=,P+ycUeI6lATzcXNDlXpT2haImAs=
51,65,4Zda7BpZwUk6y22v4AwWeleLVPg=,P+ycUeI6lATzcXNDlXpT2haImAs=
52,65,4Zda7BpZwUk6y22v4AwWeleLVPg=,P+ycUeI6lATzcXNDlXpT2haImAs=
56,73,4Zda7BpZwUk6y22v4AwWeleLVPg=,P+ycUeI6lATzcXNDlXpT2haImAs=
57,73,4Zda7BpZwUk6y22v4AwWeleLVPg=,P+ycUeI6lATzcXNDlXpT2haImAs=
58,73,4Zda7BpZwUk6y22v4AwWeleLVPg=,P+ycUeI6lATzcXNDlXpT2haImAs=
59,73,4Zda7BpZwUk6y22v4AwWeleLVPg=,P+ycUeI6lATzcXNDlXpT2haImAs=
60,73,4Zda7BpZwUk6y22v4AwWeleLVPg=,P+ycUeI6lATzcXNDlXpT2haImAs=
61,73,4Zda7BpZwUk6y22v4AwWeleLVPg=,P+ycUeI6lATzcXNDlXpT2haImAs=
62,73,4Zda7BpZwUk6y22v4AwWeleLVPg=,P+ycUeI6lATzcXNDlXpT2haImAs=
56,74,4Zda7BpZwUk6y22v4AwWeleLVPg=,P+ycUeI6lATzcXNDlXpT2haImAs=
57,74,4Zda7BpZwUk6y22v4AwWeleLVPg=,P+ycUeI6lATzcXNDlXpT2haImAs=
58,74,4Zda7BpZwUk6y22v4AwWeleLVPg=,P+ycUeI6lATzcXNDlXpT2haImAs=
59,74,4Zda7BpZwUk6y22v4AwWeleLVPg=,P+ycUeI6lATzcXNDlXpT2haImAs=
60,74,4Zda7BpZwUk6y22v4AwWeleLVPg=,P+ycUeI6lATzcXNDlXpT2haImAs=
61,74,4Zda7BpZwUk6y22v4AwWeleLVPg=,P+ycUeI6lATzcXNDlXpT2haImAs=
62,74,4Zda7BpZwUk6y22v4AwWeleLVPg=,P+ycUeI6lATzcXNDlXpT2haImAs=
56,75,4Zda7BpZwUk6y22v4AwWeleLVPg=,P+ycUeI6lATzcXNDlXpT2haImAs=
57,75,4Zda7BpZwUk6y22v4AwWeleLVPg=,P+ycUeI6lATzcXNDlXpT2haImAs=
58,75,4Zda7BpZwUk6y22v4AwWeleLVPg=,P+ycUeI6lATzcXNDlXpT2haImAs=
59,75,4Zda7BpZwUk6y22v4AwWeleLVPg=,P+ycUeI6lATzcXNDlXpT2haImAs=
60,75,4Zda7BpZwUk6y22v4AwWeleLVPg=,P+ycUeI6lATzcXNDlXpT2haImAs=
61,75,4Zda7BpZwUk6y22v4AwWeleLVPg=,P+ycUeI6lATzcXNDlXpT2haImAs=
62,75,4Zda7BpZwUk6y22v4AwWeleLVPg=,P+ycUeI6lATzcXNDlXpT2haImAs=
56,76,4Zda7BpZwUk6y22v4AwWeleLVPg=,P+ycUeI6lATzcXNDlXpT2haImAs=
57,76,4Zda7BpZwUk6y22v4AwWeleLVPg=,P+ycUeI6lATzcXNDlXpT2haImAs=
58,76,4Zda7BpZwUk6y22v4AwWeleLVPg=,P+ycUeI6lATzcXNDlXpT2haImAs=
59,76,4Zda7BpZwUk6y22v4AwWeleLVPg=,P+ycUeI6lATzcXNDlXpT2haImAs=
60,76,4Zda7BpZwUk6y22v4AwWeleLVPg=,P+ycUeI6lATzcXNDlXpT2haImAs=
61,76,4Zda7BpZwUk6y22v4AwWeleLVPg=,P+ycUeI6lATzcXNDlXpT2haImAs=
62,76,4Zda7BpZwUk6y22v4AwWeleLVPg=,P+ycUeI6lATzcXNDlXpT2haImAs=
56,77,4Zda7BpZwUk6y22v4AwWeleLVPg=,P+ycUeI6lATzcXNDlXpT2haImAs=
57,77,4Zda7BpZwUk6y22v4AwWeleLVPg=,P+ycUeI6lATzcXNDlXpT2haImAs=
58,77,4Zda7BpZwUk6y22v4AwWeleLVPg=,P+ycUeI6lATzcXNDlXpT2haImAs=
59,77,4Zda7BpZwUk6y22v4AwWeleLVPg=,P+ycUeI6lATzcXNDlXpT2haImAs=
60,77,4Zda7BpZwUk6y22v4AwWeleLVPg=,P+ycUeI6lATzcXNDlXpT2haImAs=
61,77,4Zda7BpZwUk6y22v4AwWeleLVPg=,P+ycUeI6lATzcXNDlXpT2haImAs=
62,77,4Zda7BpZwUk6y22v4AwWeleLVPg=,P+ycUeI6lATzcXNDlXpT2haImAs=
56,78,4Zda7BpZwUk6y22v4AwWeleLVPg=,P+ycUeI6lATzcXNDlXpT2haImAs=
57,78,4Zda7BpZwUk6y22v4AwWeleLVPg=,P+ycUeI6lATzcXNDlXpT2haImAs=
58,78,4Zda7BpZwUk6y22v4AwWeleLVPg=,P+ycUeI6lATzcXNDlXpT2haImAs=
59,78,4Zda7BpZwUk6y22v4AwWeleLVPg=,P+ycUeI6lATzcXNDlXpT2haImAs=
60,78,4Zda7BpZwUk6y22v4AwWeleLVPg=,P+ycUeI6lATzcXNDlXpT2haImAs=
61,78,4Zda7BpZwUk6y22v4AwWeleLVPg=,P+ycUeI6lATzcXNDlXpT2haImAs=
62,78,4Zda7BpZwUk6y22v4AwWeleLVPg=,P+ycUeI6lATzcXNDlXpT2haImAs=
50,64,4Zda7BpZwUk6y22v4AwWeleLVPg=,P+ycUeI6lATzcXNDlXpT2haImAs=
52,64,4Zda7BpZwUk6y22v4AwWeleLVPg=,P+ycUeI6lATzcXNDlXpT2haImAs=
49,64,4Zda7BpZwUk6y22v4AwWeleLVPg=,P+ycUeI6lATzcXNDlXpT2haImAs=
51,64,4Zda7BpZwUk6y22v4AwWeleLVPg=,P+ycUeI6lATzcXNDlXpT2haImAs=
54,64,4Zda7BpZwUk6y22v4AwWeleLVPg=,P+ycUeI6lATzcXNDlXpT2haImAs=
53,64,4Zda7BpZwUk6y22v4AwWeleLVPg=,P+ycUeI6lATzcXNDlXpT2haImAs=
62,79,4Zda7BpZwUk6y22v4AwWeleLVPg=,P+ycUeI6lATzcXNDlXpT2haImAs=
61,79,4Zda7BpZwUk6y22v4AwWeleLVPg=,P+ycUeI6lATzcXNDlXpT2haImAs=
60,79,4Zda7BpZwUk6y22v4AwWeleLVPg=,P+ycUeI6lATzcXNDlXpT2haImAs=
59,79,4Zda7BpZwUk6y22v4AwWeleLVPg=,P+ycUeI6lATzcXNDlXpT2haImAs=
58,79,4Zda7BpZwUk6y22v4AwWeleLVPg=,P+ycUeI6lATzcXNDlXpT2haImAs=
57,79,4Zda7BpZwUk6y22v4AwWeleLVPg=,P+ycUeI6lATzcXNDlXpT2haImAs=
48,66,4Zda7BpZwUk6y22v4AwWeleLVPg=,P+ycUeI6lATzcXNDlXpT2haImAs=
48,70,4Zda7BpZwUk6y22v4AwWeleLVPg=,P+ycUeI6lATzcXNDlXpT2haImAs=
48,65,4Zda7BpZwUk6y22v4AwWeleLVPg=,P+ycUeI6lATzcXNDlXpT2haImAs=
48,67,4Zda7BpZwUk6y22v4AwWeleLVPg=,P+ycUeI6lATzcXNDlXpT2haImAs=
48,69,4Zda7BpZwUk6y22v4AwWeleLVPg=,P+ycUeI6lATzcXNDlXpT2haImAs=
48,68,4Zda7BpZwUk6y22v4AwWeleLVPg=,P+ycUeI6lATzcXNDlXpT2haImAs=
48,71,4Zda7BpZwUk6y22v4AwWeleLVPg=,P+ycUeI6lATzcXNDlXpT2haImAs=
56,79,4Zda7BpZwUk6y22v4AwWeleLVPg=,P+ycUeI6lATzcXNDlXpT2haImAs=
48,64,4Zda7BpZwUk6y22v4AwWeleLVPg=,P+ycUeI6lATzcXNDlXpT2haImAs=
63,73,4Zda7BpZwUk6y22v4AwWeleLVPg=,P+ycUeI6lATzcXNDlXpT2haImAs=
63,74,4Zda7BpZwUk6y22v4AwWeleLVPg=,P+ycUeI6lATzcXNDlXpT2haImAs=
63,75,4Zda7BpZwUk6y22v4AwWeleLVPg=,P+ycUeI6lATzcXNDlXpT2haImAs=
63,76,4Zda7BpZwUk6y22v4AwWeleLVPg=,P+ycUeI6lATzcXNDlXpT2haImAs=
63,77,4Zda7BpZwUk6y22v4AwWeleLVPg=,P+ycUeI6lATzcXNDlXpT2haImAs=
63,78,4Zda7BpZwUk6y22v4AwWeleLVPg=,P+ycUeI6lATzcXNDlXpT2haImAs=
63,79,4Zda7BpZwUk6y22v4AwWeleLVPg=,P+ycUeI6lATzcXNDlXpT2haImAs=
55,71,4Zda7BpZwUk6y22v4AwWeleLVPg=,P+ycUeI6lATzcXNDlXpT2haImAs=
56,72,4Zda7BpZwUk6y22v4AwWeleLVPg=,P+ycUeI6lATzcXNDlXpT2haImAs=
59,65,4Zda7BpZwUk6y22v4AwWeleLVPg=,P+ycUeI6lATzcXNDlXpT2haImAs=
56,66,4Zda7BpZwUk6y22v4AwWeleLVPg=,P+ycUeI6lATzcXNDlXpT2haImAs=
57,72,4Zda7BpZwUk6y22v4AwWeleLVPg=,P+ycUeI6lATzcXNDlXpT2haImAs=
55,70,4Zda7BpZwUk6y22v4AwWeleLVPg=,P+ycUeI6lATzcXNDlXpT2haImAs=
57,66,4Zda7BpZwUk6y22v4AwWeleLVPg=,P+ycUeI6lATzcXNDlXpT2haImAs=
58,65,4Zda7BpZwUk6y22v4AwWeleLVPg=,P+ycUeI6lATzcXNDlXpT2haImAs=
55,65,4Zda7BpZwUk6y22v4AwWeleLVPg=,P+ycUeI6lATzcXNDlXpT2haImAs=
58,66,4Zda7BpZwUk6y22v4AwWeleLVPg=,P+ycUeI6lATzcXNDlXpT2haImAs=
57,65,4Zda7BpZwUk6y22v4AwWeleLVPg=,P+ycUeI6lATzcXNDlXpT2haImAs=
59,66,4Zda7BpZwUk6y22v4AwWeleLVPg=,P+ycUeI6lATzcXNDlXpT2haImAs=
56,65,4Zda7BpZwUk6y22v4AwWeleLVPg=,P+ycUeI6lATzcXNDlXpT2haImAs=
60,66,4Zda7BpZwUk6y22v4AwWeleLVPg=,P+ycUeI6lATzcXNDlXpT2haImAs=
59,64,4Zda7BpZwUk6y22v4AwWeleLVPg=,P+ycUeI6lATzcXNDlXpT2haImAs=
58,64,4Zda7BpZwUk6y22v4AwWeleLVPg=,P+ycUeI6lATzcXNDlXpT2haImAs=
57,64,4Zda7BpZwUk6y22v4AwWeleLVPg=,P+ycUeI6lATzcXNDlXpT2haImAs=
56,64,4Zda7BpZwUk6y22v4AwWeleLVPg=,P+ycUeI6lATzcXNDlXpT2haImAs=
58,72,4Zda7BpZwUk6y22v4AwWeleLVPg=,P+ycUeI6lATzcXNDlXpT2haImAs=
62,71,4Zda7BpZwUk6y22v4AwWeleLVPg=,P+ycUeI6lATzcXNDlXpT2haImAs=
61,71,4Zda7BpZwUk6y22v4AwWeleLVPg=,P+ycUeI6lATzcXNDlXpT2haImAs=
59,72,4Zda7BpZwUk6y22v4AwWeleLVPg=,P+ycUeI6lATzcXNDlXpT2haImAs=
59,71,4Zda7BpZwUk6y22v4AwWeleLVPg=,P+ycUeI6lATzcXNDlXpT2haImAs=
55,64,4Zda7BpZwUk6y22v4AwWeleLVPg=,P+ycUeI6lATzcXNDlXpT2haImAs=
55,68,4Zda7BpZwUk6y22v4AwWeleLVPg=,P+ycUeI6lATzcXNDlXpT2haImAs=
58,71,4Zda7BpZwUk6y22v4AwWeleLVPg=,P+ycUeI6lATzcXNDlXpT2haImAs=
60,71,4Zda7BpZwUk6y22v4AwWeleLVPg=,P+ycUeI6lATzcXNDlXpT2haImAs=
56,67,4Zda7BpZwUk6y22v4AwWeleLVPg=,P+ycUeI6lATzcXNDlXpT2haImAs=
57,71,4Zda7BpZwUk6y22v4AwWeleLVPg=,P+ycUeI6lATzcXNDlXpT2haImAs=
56,71,4Zda7BpZwUk6y22v4AwWeleLVPg=,P+ycUeI6lATzcXNDlXpT2haImAs=
62,70,4Zda7BpZwUk6y22v4AwWeleLVPg=,P+ycUeI6lATzcXNDlXpT2haImAs=
61,70,4Zda7BpZwUk6y22v4AwWeleLVPg=,P+ycUeI6lATzcXNDlXpT2haImAs=
57,67,4Zda7BpZwUk6y22v4AwWeleLVPg=,P+ycUeI6lATzcXNDlXpT2haImAs=
62,72,4Zda7BpZwUk6y22v4AwWeleLVPg=,P+ycUeI6lATzcXNDlXpT2haImAs=
60,70,4Zda7BpZwUk6y22v4AwWeleLVPg=,P+ycUeI6lATzcXNDlXpT2haImAs=
59,70,4Zda7BpZwUk6y22v4AwWeleLVPg=,P+ycUeI6lATzcXNDlXpT2haImAs=
58,70,4Zda7BpZwUk6y22v4AwWeleLVPg=,P+ycUeI6lATzcXNDlXpT2haImAs=
60,72,4Zda7BpZwUk6y22v4AwWeleLVPg=,P+ycUeI6lATzcXNDlXpT2haImAs=
55,67,4Zda7BpZwUk6y22v4AwWeleLVPg=,P+ycUeI6lATzcXNDlXpT2haImAs=
57,70,4Zda7BpZwUk6y22v4AwWeleLVPg=,P+ycUeI6lATzcXNDlXpT2haImAs=
56,70,4Zda7BpZwUk6y22v4AwWeleLVPg=,P+ycUeI6lATzcXNDlXpT2haImAs=
61,72,4Zda7BpZwUk6y22v4AwWeleLVPg=,P+ycUeI6lATzcXNDlXpT2haImAs=
61,69,4Zda7BpZwUk6y22v4AwWeleLVPg=,P+ycUeI6lATzcXNDlXpT2haImAs=
60,69,4Zda7BpZwUk6y22v4AwWeleLVPg=,P+ycUeI6lATzcXNDlXpT2haImAs=
58,67,4Zda7BpZwUk6y22v4AwWeleLVPg=,P+ycUeI6lATzcXNDlXpT2haImAs=
59,69,4Zda7BpZwUk6y22v4AwWeleLVPg=,P+ycUeI6lATzcXNDlXpT2haImAs=
55,66,4Zda7BpZwUk6y22v4AwWeleLVPg=,P+ycUeI6lATzcXNDlXpT2haImAs=
58,69,4Zda7BpZwUk6y22v4AwWeleLVPg=,P+ycUeI6lATzcXNDlXpT2haImAs=
57,69,4Zda7BpZwUk6y22v4AwWeleLVPg=,P+ycUeI6lATzcXNDlXpT2haImAs=
59,67,4Zda7BpZwUk6y22v4AwWeleLVPg=,P+ycUeI6lATzcXNDlXpT2haImAs=
56,69,4Zda7BpZwUk6y22v4AwWeleLVPg=,P+ycUeI6lATzcXNDlXpT2haImAs=
61,68,4Zda7BpZwUk6y22v4AwWeleLVPg=,P+ycUeI6lATzcXNDlXpT2haImAs=
60,68,4Zda7BpZwUk6y22v4AwWeleLVPg=,P+ycUeI6lATzcXNDlXpT2haImAs=
59,68,4Zda7BpZwUk6y22v4AwWeleLVPg=,P+ycUeI6lATzcXNDlXpT2haImAs=
60,67,4Zda7BpZwUk6y22v4AwWeleLVPg=,P+ycUeI6lATzcXNDlXpT2haImAs=
58,68,4Zda7BpZwUk6y22v4AwWeleLVPg=,P+ycUeI6lATzcXNDlXpT2haImAs=
57,68,4Zda7BpZwUk6y22v4AwWeleLVPg=,P+ycUeI6lATzcXNDlXpT2haImAs=
55,69,4Zda7BpZwUk6y22v4AwWeleLVPg=,P+ycUeI6lATzcXNDlXpT2haImAs=
56,68,4Zda7BpZwUk6y22v4AwWeleLVPg=,P+ycUeI6lATzcXNDlXpT2haImAs=
63,72,4Zda7BpZwUk6y22v4AwWeleLVPg=,P+ycUeI6lATzcXNDlXpT2haImAs=
63,71,4Zda7BpZwUk6y22v4AwWeleLVPg=,P+ycUeI6lATzcXNDlXpT2haImAs=
63,70,4Zda7BpZwUk6y22v4AwWeleLVPg=,P+ycUeI6lATzcXNDlXpT2haImAs=
60,65,4Zda7BpZwUk6y22v4AwWeleLVPg=,P+ycUeI6lATzcXNDlXpT2haImAs=
62,69,4Zda7BpZwUk6y22v4AwWeleLVPg=,P+ycUeI6lATzcXNDlXpT2haImAs=
60,64,4Zda7BpZwUk6y22v4AwWeleLVPg=,P+ycUeI6lATzcXNDlXpT2haImAs=
61,67,4Zda7BpZwUk6y22v4AwWeleLVPg=,P+ycUeI6lATzcXNDlXpT2haImAs=
63,68,4Zda7BpZwUk6y22v4AwWeleLVPg=,P+ycUeI6lATzcXNDlXpT2haImAs=
62,68,4Zda7BpZwUk6y22v4AwWeleLVPg=,P+ycUeI6lATzcXNDlXpT2haImAs=
62,64,4Zda7BpZwUk6y22v4AwWeleLVPg=,P+ycUeI6lATzcXNDlXpT2haImAs=
62,66,4Zda7BpZwUk6y22v4AwWeleLVPg=,P+ycUeI6lATzcXNDlXpT2haImAs=
61,66,4Zda7BpZwUk6y22v4AwWeleLVPg=,P+ycUeI6lATzcXNDlXpT2haImAs=
63,69,4Zda7BpZwUk6y22v4AwWeleLVPg=,P+ycUeI6lATzcXNDlXpT2haImAs=
62,65,4Zda7BpZwUk6y22v4AwWeleLVPg=,P+ycUeI6lATzcXNDlXpT2haImAs=
63,64,4Zda7BpZwUk6y22v4AwWeleLVPg=,P+ycUeI6lATzcXNDlXpT2haImAs=
61,64,JXTrU+AVdl9gMFJyBMLvYPvj1i4=,P+ycUeI6lATzcXNDlXpT2haImAs=
62,67,JXTrU+AVdl9gMFJyBMLvYPvj1i4=,P+ycUeI6lATzcXNDlXpT2haImAs=
61,65,JXTrU+AVdl9gMFJyBMLvYPvj1i4=,P+ycUeI6lATzcXNDlXpT2haImAs=
63,65,JXTrU+AVdl9gMFJyBMLvYPvj1i4=,P+ycUeI6lATzcXNDlXpT2haImAs=
63,67,JXTrU+AVdl9gMFJyBMLvYPvj1i4=,P+ycUeI6lATzcXNDlXpT2haImAs=
63,66,JXTrU+AVdl9gMFJyBMLvYPvj1i4=,P+ycUeI6lATzcXNDlXpT2haImAs=
