57,-47,NI4HI7Mcloi0Vi8wBSxg8Z6vNJ4=,BrTY9rY8sYqfBFQg2rm5SwYj2Ts=
58,-47,NI4HI7Mcloi0Vi8wBSxg8Z6vNJ4=,BrTY9rY8sYqfBFQg2rm5SwYj2Ts=
59,-47,NI4HI7Mcloi0Vi8wBSxg8Z6vNJ4=,BrTY9rY8sYqfBFQg2rm5SwYj2Ts=
60,-47,NI4HI7Mcloi0Vi8wBSxg8Z6vNJ4=,BrTY9rY8sYqfBFQg2rm5SwYj2Ts=
61,-47,NI4HI7Mcloi0Vi8wBSxg8Z6vNJ4=,BrTY9rY8sYqfBFQg2rm5SwYj2Ts=
62,-47,NI4HI7Mcloi0Vi8wBSxg8Z6vNJ4=,BrTY9rY8sYqfBFQg2rm5SwYj2Ts=
57,-46,NI4HI7Mcloi0Vi8wBSxg8Z6vNJ4=,BrTY9rY8sYqfBFQg2rm5SwYj2Ts=
58,-46,NI4HI7Mcloi0Vi8wBSxg8Z6vNJ4=,BrTY9rY8sYqfBFQg2rm5SwYj2Ts=
59,-46,NI4HI7Mcloi0Vi8wBSxg8Z6vNJ4=,BrTY9rY8sYqfBFQg2rm5SwYj2Ts=
60,-46,BZMzTbp1gHp7CGQyWTb1yc+wsWQ=,BrTY9rY8sYqfBFQg2rm5SwYj2Ts=
61,-46,BZMzTbp1gHp7CGQyWTb1yc+wsWQ=,BrTY9rY8sYqfBFQg2rm5SwYj2Ts=
62,-46,BZMzTbp1gHp7CGQyWTb1yc+wsWQ=,BrTY9rY8sYqfBFQg2rm5SwYj2Ts=
57,-45,BZMzTbp1gHp7CGQyWTb1yc+wsWQ=,BrTY9rY8sYqfBFQg2rm5SwYj2Ts=
58,-45,BZMzTbp1gHp7CGQyWTb1yc+wsWQ=,BrTY9rY8sYqfBFQg2rm5SwYj2Ts=
59,-45,BZMzTbp1gHp7CGQyWTb1yc+wsWQ=,BrTY9rY8sYqfBFQg2rm5SwYj2Ts=
60,-45,BZMzTbp1gHp7CGQyWTb1yc+wsWQ=,BrTY9rY8sYqfBFQg2rm5SwYj2Ts=
61,-45,BZMzTbp1gHp7CGQyWTb1yc+wsWQ=,BrTY9rY8sYqfBFQg2rm5SwYj2Ts=
62,-45,BZMzTbp1gHp7CGQyWTb1yc+wsWQ=,BrTY9rY8sYqfBFQg2rm5SwYj2Ts=
57,-44,BZMzTbp1gHp7CGQyWTb1yc+wsWQ=,BrTY9rY8sYqfBFQg2rm5SwYj2Ts=
58,-44,BZMzTbp1gHp7CGQyWTb1yc+wsWQ=,BrTY9rY8sYqfBFQg2rm5SwYj2Ts=
59,-44,BZMzTbp1gHp7CGQyWTb1yc+wsWQ=,BrTY9rY8sYqfBFQg2rm5SwYj2Ts=
60,-44,BZMzTbp1gHp7CGQyWTb1yc+wsWQ=,BrTY9rY8sYqfBFQg2rm5SwYj2Ts=
61,-44,BZMzTbp1gHp7CGQyWTb1yc+wsWQ=,BrTY9rY8sYqfBFQg2rm5SwYj2Ts=
62,-44,BZMzTbp1gHp7CGQyWTb1yc+wsWQ=,BrTY9rY8sYqfBFQg2rm5SwYj2Ts=
57,-43,BZMzTbp1gHp7CGQyWTb1yc+wsWQ=,BrTY9rY8sYqfBFQg2rm5SwYj2Ts=
58,-43,BZMzTbp1gHp7CGQyWTb1yc+wsWQ=,BrTY9rY8sYqfBFQg2rm5SwYj2Ts=
59,-43,BZMzTbp1gHp7CGQyWTb1yc+wsWQ=,BrTY9rY8sYqfBFQg2rm5SwYj2Ts=
60,-43,BZMzTbp1gHp7CGQyWTb1yc+wsWQ=,BrTY9rY8sYqfBFQg2rm5SwYj2Ts=
61,-43,BZMzTbp1gHp7CGQyWTb1yc+wsWQ=,BrTY9rY8sYqfBFQg2rm5SwYj2Ts=
62,-43,BZMzTbp1gHp7CGQyWTb1yc+wsWQ=,BrTY9rY8sYqfBFQg2rm5SwYj2Ts=
57,-42,BZMzTbp1gHp7CGQyWTb1yc+wsWQ=,BrTY9rY8sYqfBFQg2rm5SwYj2Ts=
58,-42,BZMzTbp1gHp7CGQyWTb1yc+wsWQ=,BrTY9rY8sYqfBFQg2rm5SwYj2Ts=
59,-42,BZMzTbp1gHp7CGQyWTb1yc+wsWQ=,BrTY9rY8sYqfBFQg2rm5SwYj2Ts=
60,-42,BZMzTbp1gHp7CGQyWTb1yc+wsWQ=,BrTY9rY8sYqfBFQg2rm5SwYj2Ts=
61,-42,BZMzTbp1gHp7CGQyWTb1yc+wsWQ=,BrTY9rY8sYqfBFQg2rm5SwYj2Ts=
62,-42,BZMzTbp1gHp7CGQyWTb1yc+wsWQ=,BrTY9rY8sYqfBFQg2rm5SwYj2Ts=
60,-41,BZMzTbp1gHp7CGQyWTb1yc+wsWQ=,BrTY9rY8sYqfBFQg2rm5SwYj2Ts=
60,-33,BZMzTbp1gHp7CGQyWTb1yc+wsWQ=,KIDIMgPt8D8T4Otr/SNwZWGTryU=
52,-37,BZMzTbp1gHp7CGQyWTb1yc+wsWQ=,JmBfWoi/oE/p1qLYFuZuYT8WVis=
58,-36,BZMzTbp1gHp7CGQyWTb1yc+wsWQ=,KIDIMgPt8D8T4Otr/SNwZWGTryU=
57,-38,BZMzTbp1gHp7CGQyWTb1yc+wsWQ=,KIDIMgPt8D8T4Otr/SNwZWGTryU=
61,-41,BZMzTbp1gHp7CGQyWTb1yc+wsWQ=,BrTY9rY8sYqfBFQg2rm5SwYj2Ts=
58,-37,BZMzTbp1gHp7CGQyWTb1yc+wsWQ=,KIDIMgPt8D8T4Otr/SNwZWGTryU=
62,-41,BZMzTbp1gHp7CGQyWTb1yc+wsWQ=,BrTY9rY8sYqfBFQg2rm5SwYj2Ts=
51,-37,BZMzTbp1gHp7CGQyWTb1yc+wsWQ=,JmBfWoi/oE/p1qLYFuZuYT8WVis=
48,-36,BZMzTbp1gHp7CGQyWTb1yc+wsWQ=,JmBfWoi/oE/p1qLYFuZuYT8WVis=
58,-35,BZMzTbp1gHp7CGQyWTb1yc+wsWQ=,KIDIMgPt8D8T4Otr/SNwZWGTryU=
48,-35,BZMzTbp1gHp7CGQyWTb1yc+wsWQ=,JmBfWoi/oE/p1qLYFuZuYT8WVis=
61,-33,BZMzTbp1gHp7CGQyWTb1yc+wsWQ=,KIDIMgPt8D8T4Otr/SNwZWGTryU=
48,-39,BZMzTbp1gHp7CGQyWTb1yc+wsWQ=,JmBfWoi/oE/p1qLYFuZuYT8WVis=
62,-33,BZMzTbp1gHp7CGQyWTb1yc+wsWQ=,KIDIMgPt8D8T4Otr/SNwZWGTryU=
48,-38,BZMzTbp1gHp7CGQyWTb1yc+wsWQ=,JmBfWoi/oE/p1qLYFuZuYT8WVis=
48,-34,BZMzTbp1gHp7CGQyWTb1yc+wsWQ=,JmBfWoi/oE/p1qLYFuZuYT8WVis=
48,-37,BZMzTbp1gHp7CGQyWTb1yc+wsWQ=,JmBfWoi/oE/p1qLYFuZuYT8WVis=
59,-37,BZMzTbp1gHp7CGQyWTb1yc+wsWQ=,KIDIMgPt8D8T4Otr/SNwZWGTryU=
60,-37,BZMzTbp1gHp7CGQyWTb1yc+wsWQ=,KIDIMgPt8D8T4Otr/SNwZWGTryU=
57,-37,BZMzTbp1gHp7CGQyWTb1yc+wsWQ=,KIDIMgPt8D8T4Otr/SNwZWGTryU=
58,-40,BZMzTbp1gHp7CGQyWTb1yc+wsWQ=,KIDIMgPt8D8T4Otr/SNwZWGTryU=
59,-40,BZMzTbp1gHp7CGQyWTb1yc+wsWQ=,KIDIMgPt8D8T4Otr/SNwZWGTryU=
59,-35,BZMzTbp1gHp7CGQyWTb1yc+wsWQ=,KIDIMgPt8D8T4Otr/SNwZWGTryU=
60,-40,BZMzTbp1gHp7CGQyWTb1yc+wsWQ=,KIDIMgPt8D8T4Otr/SNwZWGTryU=
61,-40,BZMzTbp1gHp7CGQyWTb1yc+wsWQ=,KIDIMgPt8D8T4Otr/SNwZWGTryU=
62,-40,BZMzTbp1gHp7CGQyWTb1yc+wsWQ=,KIDIMgPt8D8T4Otr/SNwZWGTryU=
59,-36,BZMzTbp1gHp7CGQyWTb1yc+wsWQ=,KIDIMgPt8D8T4Otr/SNwZWGTryU=
60,-36,BZMzTbp1gHp7CGQyWTb1yc+wsWQ=,KIDIMgPt8D8T4Otr/SNwZWGTryU=
61,-36,BZMzTbp1gHp7CGQyWTb1yc+wsWQ=,KIDIMgPt8D8T4Otr/SNwZWGTryU=
57,-36,BZMzTbp1gHp7CGQyWTb1yc+wsWQ=,KIDIMgPt8D8T4Otr/SNwZWGTryU=
57,-40,BZMzTbp1gHp7CGQyWTb1yc+wsWQ=,KIDIMgPt8D8T4Otr/SNwZWGTryU=
59,-41,BZMzTbp1gHp7CGQyWTb1yc+wsWQ=,BrTY9rY8sYqfBFQg2rm5SwYj2Ts=
58,-33,BZMzTbp1gHp7CGQyWTb1yc+wsWQ=,KIDIMgPt8D8T4Otr/SNwZWGTryU=
58,-41,BZMzTbp1gHp7CGQyWTb1yc+wsWQ=,BrTY9rY8sYqfBFQg2rm5SwYj2Ts=
62,-34,BZMzTbp1gHp7CGQyWTb1yc+wsWQ=,KIDIMgPt8D8T4Otr/SNwZWGTryU=
58,-38,BZMzTbp1gHp7CGQyWTb1yc+wsWQ=,KIDIMgPt8D8T4Otr/SNwZWGTryU=
57,-41,BZMzTbp1gHp7CGQyWTb1yc+wsWQ=,BrTY9rY8sYqfBFQg2rm5SwYj2Ts=
57,-35,BZMzTbp1gHp7CGQyWTb1yc+wsWQ=,KIDIMgPt8D8T4Otr/SNwZWGTryU=
62,-38,BZMzTbp1gHp7CGQyWTb1yc+wsWQ=,KIDIMgPt8D8T4Otr/SNwZWGTryU=
56,-36,BZMzTbp1gHp7CGQyWTb1yc+wsWQ=,KIDIMgPt8D8T4Otr/SNwZWGTryU=
49,-37,BZMzTbp1gHp7CGQyWTb1yc+wsWQ=,JmBfWoi/oE/p1qLYFuZuYT8WVis=
50,-37,BZMzTbp1gHp7CGQyWTb1yc+wsWQ=,JmBfWoi/oE/p1qLYFuZuYT8WVis=
58,-39,BZMzTbp1gHp7CGQyWTb1yc+wsWQ=,KIDIMgPt8D8T4Otr/SNwZWGTryU=
59,-33,BZMzTbp1gHp7CGQyWTb1yc+wsWQ=,KIDIMgPt8D8T4Otr/SNwZWGTryU=
57,-33,BZMzTbp1gHp7CGQyWTb1yc+wsWQ=,KIDIMgPt8D8T4Otr/SNwZWGTryU=
59,-39,BZMzTbp1gHp7CGQyWTb1yc+wsWQ=,KIDIMgPt8D8T4Otr/SNwZWGTryU=
62,-35,BZMzTbp1gHp7CGQyWTb1yc+wsWQ=,KIDIMgPt8D8T4Otr/SNwZWGTryU=
61,-34,BZMzTbp1gHp7CGQyWTb1yc+wsWQ=,KIDIMgPt8D8T4Otr/SNwZWGTryU=
62,-37,BZMzTbp1gHp7CGQyWTb1yc+wsWQ=,KIDIMgPt8D8T4Otr/SNwZWGTryU=
61,-38,BZMzTbp1gHp7CGQyWTb1yc+wsWQ=,KIDIMgPt8D8T4Otr/SNwZWGTryU=
60,-35,BZMzTbp1gHp7CGQyWTb1yc+wsWQ=,KIDIMgPt8D8T4Otr/SNwZWGTryU=
60,-34,BZMzTbp1gHp7CGQyWTb1yc+wsWQ=,KIDIMgPt8D8T4Otr/SNwZWGTryU=
61,-35,BZMzTbp1gHp7CGQyWTb1yc+wsWQ=,KIDIMgPt8D8T4Otr/SNwZWGTryU=
54,-38,BZMzTbp1gHp7CGQyWTb1yc+wsWQ=,JmBfWoi/oE/p1qLYFuZuYT8WVis=
61,-37,BZMzTbp1gHp7CGQyWTb1yc+wsWQ=,KIDIMgPt8D8T4Otr/SNwZWGTryU=
60,-38,BZMzTbp1gHp7CGQyWTb1yc+wsWQ=,KIDIMgPt8D8T4Otr/SNwZWGTryU=
59,-34,BZMzTbp1gHp7CGQyWTb1yc+wsWQ=,KIDIMgPt8D8T4Otr/SNwZWGTryU=
59,-38,BZMzTbp1gHp7CGQyWTb1yc+wsWQ=,KIDIMgPt8D8T4Otr/SNwZWGTryU=
62,-36,BZMzTbp1gHp7CGQyWTb1yc+wsWQ=,KIDIMgPt8D8T4Otr/SNwZWGTryU=
60,-39,BZMzTbp1gHp7CGQyWTb1yc+wsWQ=,KIDIMgPt8D8T4Otr/SNwZWGTryU=
58,-34,BZMzTbp1gHp7CGQyWTb1yc+wsWQ=,KIDIMgPt8D8T4Otr/SNwZWGTryU=
62,-39,BZMzTbp1gHp7CGQyWTb1yc+wsWQ=,KIDIMgPt8D8T4Otr/SNwZWGTryU=
53,-38,BZMzTbp1gHp7CGQyWTb1yc+wsWQ=,JmBfWoi/oE/p1qLYFuZuYT8WVis=
57,-34,BZMzTbp1gHp7CGQyWTb1yc+wsWQ=,KIDIMgPt8D8T4Otr/SNwZWGTryU=
56,-37,BZMzTbp1gHp7CGQyWTb1yc+wsWQ=,KIDIMgPt8D8T4Otr/SNwZWGTryU=
57,-39,BZMzTbp1gHp7CGQyWTb1yc+wsWQ=,KIDIMgPt8D8T4Otr/SNwZWGTryU=
55,-38,BZMzTbp1gHp7CGQyWTb1yc+wsWQ=,JmBfWoi/oE/p1qLYFuZuYT8WVis=
63,-46,BZMzTbp1gHp7CGQyWTb1yc+wsWQ=,BrTY9rY8sYqfBFQg2rm5SwYj2Ts=
63,-47,BZMzTbp1gHp7CGQyWTb1yc+wsWQ=,BrTY9rY8sYqfBFQg2rm5SwYj2Ts=
63,-45,BZMzTbp1gHp7CGQyWTb1yc+wsWQ=,BrTY9rY8sYqfBFQg2rm5SwYj2Ts=
63,-44,BZMzTbp1gHp7CGQyWTb1yc+wsWQ=,BrTY9rY8sYqfBFQg2rm5SwYj2Ts=
63,-43,BZMzTbp1gHp7CGQyWTb1yc+wsWQ=,BrTY9rY8sYqfBFQg2rm5SwYj2Ts=
63,-42,BZMzTbp1gHp7CGQyWTb1yc+wsWQ=,BrTY9rY8sYqfBFQg2rm5SwYj2Ts=
57,-48,BZMzTbp1gHp7CGQyWTb1yc+wsWQ=,BrTY9rY8sYqfBFQg2rm5SwYj2Ts=
58,-48,BZMzTbp1gHp7CGQyWTb1yc+wsWQ=,BrTY9rY8sYqfBFQg2rm5SwYj2Ts=
59,-48,BZMzTbp1gHp7CGQyWTb1yc+wsWQ=,BrTY9rY8sYqfBFQg2rm5SwYj2Ts=
60,-48,BZMzTbp1gHp7CGQyWTb1yc+wsWQ=,BrTY9rY8sYqfBFQg2rm5SwYj2Ts=
61,-48,BZMzTbp1gHp7CGQyWTb1yc+wsWQ=,BrTY9rY8sYqfBFQg2rm5SwYj2Ts=
62,-48,BZMzTbp1gHp7CGQyWTb1yc+wsWQ=,BrTY9rY8sYqfBFQg2rm5SwYj2Ts=
56,-38,BZMzTbp1gHp7CGQyWTb1yc+wsWQ=,KIDIMgPt8D8T4Otr/SNwZWGTryU=
50,-38,BZMzTbp1gHp7CGQyWTb1yc+wsWQ=,JmBfWoi/oE/p1qLYFuZuYT8WVis=
55,-34,BZMzTbp1gHp7CGQyWTb1yc+wsWQ=,JmBfWoi/oE/p1qLYFuZuYT8WVis=
51,-38,BZMzTbp1gHp7CGQyWTb1yc+wsWQ=,JmBfWoi/oE/p1qLYFuZuYT8WVis=
63,-41,BZMzTbp1gHp7CGQyWTb1yc+wsWQ=,BrTY9rY8sYqfBFQg2rm5SwYj2Ts=
63,-40,BZMzTbp1gHp7CGQyWTb1yc+wsWQ=,KIDIMgPt8D8T4Otr/SNwZWGTryU=
63,-39,BZMzTbp1gHp7CGQyWTb1yc+wsWQ=,KIDIMgPt8D8T4Otr/SNwZWGTryU=
63,-36,BZMzTbp1gHp7CGQyWTb1yc+wsWQ=,KIDIMgPt8D8T4Otr/SNwZWGTryU=
63,-38,BZMzTbp1gHp7CGQyWTb1yc+wsWQ=,KIDIMgPt8D8T4Otr/SNwZWGTryU=
63,-35,BZMzTbp1gHp7CGQyWTb1yc+wsWQ=,KIDIMgPt8D8T4Otr/SNwZWGTryU=
63,-37,BZMzTbp1gHp7CGQyWTb1yc+wsWQ=,KIDIMgPt8D8T4Otr/SNwZWGTryU=
52,-38,BZMzTbp1gHp7CGQyWTb1yc+wsWQ=,JmBfWoi/oE/p1qLYFuZuYT8WVis=
61,-39,BZMzTbp1gHp7CGQyWTb1yc+wsWQ=,KIDIMgPt8D8T4Otr/SNwZWGTryU=
63,-33,BZMzTbp1gHp7CGQyWTb1yc+wsWQ=,KIDIMgPt8D8T4Otr/SNwZWGTryU=
56,-35,BZMzTbp1gHp7CGQyWTb1yc+wsWQ=,KIDIMgPt8D8T4Otr/SNwZWGTryU=
54,-34,BZMzTbp1gHp7CGQyWTb1yc+wsWQ=,JmBfWoi/oE/p1qLYFuZuYT8WVis=
49,-38,BZMzTbp1gHp7CGQyWTb1yc+wsWQ=,JmBfWoi/oE/p1qLYFuZuYT8WVis=
63,-34,BZMzTbp1gHp7CGQyWTb1yc+wsWQ=,KIDIMgPt8D8T4Otr/SNwZWGTryU=
52,-34,BZMzTbp1gHp7CGQyWTb1yc+wsWQ=,JmBfWoi/oE/p1qLYFuZuYT8WVis=
51,-34,BZMzTbp1gHp7CGQyWTb1yc+wsWQ=,JmBfWoi/oE/p1qLYFuZuYT8WVis=
50,-34,BZMzTbp1gHp7CGQyWTb1yc+wsWQ=,JmBfWoi/oE/p1qLYFuZuYT8WVis=
49,-34,BZMzTbp1gHp7CGQyWTb1yc+wsWQ=,JmBfWoi/oE/p1qLYFuZuYT8WVis=
52,-43,BZMzTbp1gHp7CGQyWTb1yc+wsWQ=,BrTY9rY8sYqfBFQg2rm5SwYj2Ts=
55,-39,BZMzTbp1gHp7CGQyWTb1yc+wsWQ=,JmBfWoi/oE/p1qLYFuZuYT8WVis=
55,-35,BZMzTbp1gHp7CGQyWTb1yc+wsWQ=,JmBfWoi/oE/p1qLYFuZuYT8WVis=
51,-43,BZMzTbp1gHp7CGQyWTb1yc+wsWQ=,BrTY9rY8sYqfBFQg2rm5SwYj2Ts=
63,-48,BZMzTbp1gHp7CGQyWTb1yc+wsWQ=,BrTY9rY8sYqfBFQg2rm5SwYj2Ts=
53,-43,BZMzTbp1gHp7CGQyWTb1yc+wsWQ=,BrTY9rY8sYqfBFQg2rm5SwYj2Ts=
53,-34,BZMzTbp1gHp7CGQyWTb1yc+wsWQ=,JmBfWoi/oE/p1qLYFuZuYT8WVis=
53,-35,BZMzTbp1gHp7CGQyWTb1yc+wsWQ=,JmBfWoi/oE/p1qLYFuZuYT8WVis=
54,-39,BZMzTbp1gHp7CGQyWTb1yc+wsWQ=,JmBfWoi/oE/p1qLYFuZuYT8WVis=
50,-43,BZMzTbp1gHp7CGQyWTb1yc+wsWQ=,BrTY9rY8sYqfBFQg2rm5SwYj2Ts=
49,-43,BZMzTbp1gHp7CGQyWTb1yc+wsWQ=,BrTY9rY8sYqfBFQg2rm5SwYj2Ts=
52,-35,BZMzTbp1gHp7CGQyWTb1yc+wsWQ=,JmBfWoi/oE/p1qLYFuZuYT8WVis=
52,-39,BZMzTbp1gHp7CGQyWTb1yc+wsWQ=,JmBfWoi/oE/p1qLYFuZuYT8WVis=
53,-39,BZMzTbp1gHp7CGQyWTb1yc+wsWQ=,JmBfWoi/oE/p1qLYFuZuYT8WVis=
48,-33,BZMzTbp1gHp7CGQyWTb1yc+wsWQ=,JmBfWoi/oE/p1qLYFuZuYT8WVis=
54,-35,BZMzTbp1gHp7CGQyWTb1yc+wsWQ=,JmBfWoi/oE/p1qLYFuZuYT8WVis=
51,-35,BZMzTbp1gHp7CGQyWTb1yc+wsWQ=,JmBfWoi/oE/p1qLYFuZuYT8WVis=
55,-33,BZMzTbp1gHp7CGQyWTb1yc+wsWQ=,JmBfWoi/oE/p1qLYFuZuYT8WVis=
54,-33,BZMzTbp1gHp7CGQyWTb1yc+wsWQ=,JmBfWoi/oE/p1qLYFuZuYT8WVis=
48,-48,BZMzTbp1gHp7CGQyWTb1yc+wsWQ=,BrTY9rY8sYqfBFQg2rm5SwYj2Ts=
54,-43,BZMzTbp1gHp7CGQyWTb1yc+wsWQ=,BrTY9rY8sYqfBFQg2rm5SwYj2Ts=
51,-39,BZMzTbp1gHp7CGQyWTb1yc+wsWQ=,JmBfWoi/oE/p1qLYFuZuYT8WVis=
53,-33,BZMzTbp1gHp7CGQyWTb1yc+wsWQ=,JmBfWoi/oE/p1qLYFuZuYT8WVis=
51,-33,BZMzTbp1gHp7CGQyWTb1yc+wsWQ=,JmBfWoi/oE/p1qLYFuZuYT8WVis=
50,-39,BZMzTbp1gHp7CGQyWTb1yc+wsWQ=,JmBfWoi/oE/p1qLYFuZuYT8WVis=
50,-33,BZMzTbp1gHp7CGQyWTb1yc+wsWQ=,JmBfWoi/oE/p1qLYFuZuYT8WVis=
49,-39,BZMzTbp1gHp7CGQyWTb1yc+wsWQ=,JmBfWoi/oE/p1qLYFuZuYT8WVis=
50,-35,BZMzTbp1gHp7CGQyWTb1yc+wsWQ=,JmBfWoi/oE/p1qLYFuZuYT8WVis=
49,-35,BZMzTbp1gHp7CGQyWTb1yc+wsWQ=,JmBfWoi/oE/p1qLYFuZuYT8WVis=
54,-36,BZMzTbp1gHp7CGQyWTb1yc+wsWQ=,JmBfWoi/oE/p1qLYFuZuYT8WVis=
53,-36,BZMzTbp1gHp7CGQyWTb1yc+wsWQ=,JmBfWoi/oE/p1qLYFuZuYT8WVis=
52,-36,BZMzTbp1gHp7CGQyWTb1yc+wsWQ=,JmBfWoi/oE/p1qLYFuZuYT8WVis=
55,-43,BZMzTbp1gHp7CGQyWTb1yc+wsWQ=,BrTY9rY8sYqfBFQg2rm5SwYj2Ts=
52,-33,BZMzTbp1gHp7CGQyWTb1yc+wsWQ=,JmBfWoi/oE/p1qLYFuZuYT8WVis=
55,-36,BZMzTbp1gHp7CGQyWTb1yc+wsWQ=,JmBfWoi/oE/p1qLYFuZuYT8WVis=
50,-36,BZMzTbp1gHp7CGQyWTb1yc+wsWQ=,JmBfWoi/oE/p1qLYFuZuYT8WVis=
56,-33,BZMzTbp1gHp7CGQyWTb1yc+wsWQ=,KIDIMgPt8D8T4Otr/SNwZWGTryU=
49,-33,BZMzTbp1gHp7CGQyWTb1yc+wsWQ=,JmBfWoi/oE/p1qLYFuZuYT8WVis=
55,-37,BZMzTbp1gHp7CGQyWTb1yc+wsWQ=,JmBfWoi/oE/p1qLYFuZuYT8WVis=
56,-34,BZMzTbp1gHp7CGQyWTb1yc+wsWQ=,KIDIMgPt8D8T4Otr/SNwZWGTryU=
54,-37,BZMzTbp1gHp7CGQyWTb1yc+wsWQ=,JmBfWoi/oE/p1qLYFuZuYT8WVis=
56,-39,BZMzTbp1gHp7CGQyWTb1yc+wsWQ=,KIDIMgPt8D8T4Otr/SNwZWGTryU=
48,-43,BZMzTbp1gHp7CGQyWTb1yc+wsWQ=,BrTY9rY8sYqfBFQg2rm5SwYj2Ts=
53,-37,BZMzTbp1gHp7CGQyWTb1yc+wsWQ=,JmBfWoi/oE/p1qLYFuZuYT8WVis=
56,-48,BZMzTbp1gHp7CGQyWTb1yc+wsWQ=,BrTY9rY8sYqfBFQg2rm5SwYj2Ts=
56,-41,BZMzTbp1gHp7CGQyWTb1yc+wsWQ=,BrTY9rY8sYqfBFQg2rm5SwYj2Ts=
55,-44,BZMzTbp1gHp7CGQyWTb1yc+wsWQ=,BrTY9rY8sYqfBFQg2rm5SwYj2Ts=
49,-36,BZMzTbp1gHp7CGQyWTb1yc+wsWQ=,JmBfWoi/oE/p1qLYFuZuYT8WVis=
53,-44,BZMzTbp1gHp7CGQyWTb1yc+wsWQ=,BrTY9rY8sYqfBFQg2rm5SwYj2Ts=
52,-44,BZMzTbp1gHp7CGQyWTb1yc+wsWQ=,BrTY9rY8sYqfBFQg2rm5SwYj2Ts=
56,-42,BZMzTbp1gHp7CGQyWTb1yc+wsWQ=,BrTY9rY8sYqfBFQg2rm5SwYj2Ts=
48,-44,BZMzTbp1gHp7CGQyWTb1yc+wsWQ=,BrTY9rY8sYqfBFQg2rm5SwYj2Ts=
56,-43,BZMzTbp1gHp7CGQyWTb1yc+wsWQ=,BrTY9rY8sYqfBFQg2rm5SwYj2Ts=
55,-45,BZMzTbp1gHp7CGQyWTb1yc+wsWQ=,BrTY9rY8sYqfBFQg2rm5SwYj2Ts=
54,-45,BZMzTbp1gHp7CGQyWTb1yc+wsWQ=,BrTY9rY8sYqfBFQg2rm5SwYj2Ts=
50,-44,BZMzTbp1gHp7CGQyWTb1yc+wsWQ=,BrTY9rY8sYqfBFQg2rm5SwYj2Ts=
49,-44,BZMzTbp1gHp7CGQyWTb1yc+wsWQ=,BrTY9rY8sYqfBFQg2rm5SwYj2Ts=
54,-44,BZMzTbp1gHp7CGQyWTb1yc+wsWQ=,BrTY9rY8sYqfBFQg2rm5SwYj2Ts=
53,-45,BZMzTbp1gHp7CGQyWTb1yc+wsWQ=,BrTY9rY8sYqfBFQg2rm5SwYj2Ts=
51,-45,BZMzTbp1gHp7CGQyWTb1yc+wsWQ=,BrTY9rY8sYqfBFQg2rm5SwYj2Ts=
56,-44,BZMzTbp1gHp7CGQyWTb1yc+wsWQ=,BrTY9rY8sYqfBFQg2rm5SwYj2Ts=
50,-45,BZMzTbp1gHp7CGQyWTb1yc+wsWQ=,BrTY9rY8sYqfBFQg2rm5SwYj2Ts=
52,-45,BZMzTbp1gHp7CGQyWTb1yc+wsWQ=,BrTY9rY8sYqfBFQg2rm5SwYj2Ts=
49,-45,BZMzTbp1gHp7CGQyWTb1yc+wsWQ=,BrTY9rY8sYqfBFQg2rm5SwYj2Ts=
56,-45,BZMzTbp1gHp7CGQyWTb1yc+wsWQ=,BrTY9rY8sYqfBFQg2rm5SwYj2Ts=
48,-45,BZMzTbp1gHp7CGQyWTb1yc+wsWQ=,BrTY9rY8sYqfBFQg2rm5SwYj2Ts=
55,-46,BZMzTbp1gHp7CGQyWTb1yc+wsWQ=,BrTY9rY8sYqfBFQg2rm5SwYj2Ts=
54,-46,BZMzTbp1gHp7CGQyWTb1yc+wsWQ=,BrTY9rY8sYqfBFQg2rm5SwYj2Ts=
49,-48,BZMzTbp1gHp7CGQyWTb1yc+wsWQ=,BrTY9rY8sYqfBFQg2rm5SwYj2Ts=
53,-46,BZMzTbp1gHp7CGQyWTb1yc+wsWQ=,BrTY9rY8sYqfBFQg2rm5SwYj2Ts=
56,-46,BZMzTbp1gHp7CGQyWTb1yc+wsWQ=,BrTY9rY8sYqfBFQg2rm5SwYj2Ts=
51,-46,BZMzTbp1gHp7CGQyWTb1yc+wsWQ=,BrTY9rY8sYqfBFQg2rm5SwYj2Ts=
52,-46,BZMzTbp1gHp7CGQyWTb1yc+wsWQ=,BrTY9rY8sYqfBFQg2rm5SwYj2Ts=
55,-40,BZMzTbp1gHp7CGQyWTb1yc+wsWQ=,JmBfWoi/oE/p1qLYFuZuYT8WVis=
53,-40,BZMzTbp1gHp7CGQyWTb1yc+wsWQ=,JmBfWoi/oE/p1qLYFuZuYT8WVis=
48,-42,BZMzTbp1gHp7CGQyWTb1yc+wsWQ=,BrTY9rY8sYqfBFQg2rm5SwYj2Ts=
52,-40,BZMzTbp1gHp7CGQyWTb1yc+wsWQ=,JmBfWoi/oE/p1qLYFuZuYT8WVis=
51,-40,BZMzTbp1gHp7CGQyWTb1yc+wsWQ=,JmBfWoi/oE/p1qLYFuZuYT8WVis=
56,-47,BZMzTbp1gHp7CGQyWTb1yc+wsWQ=,BrTY9rY8sYqfBFQg2rm5SwYj2Ts=
50,-40,BZMzTbp1gHp7CGQyWTb1yc+wsWQ=,JmBfWoi/oE/p1qLYFuZuYT8WVis=
54,-40,BZMzTbp1gHp7CGQyWTb1yc+wsWQ=,JmBfWoi/oE/p1qLYFuZuYT8WVis=
48,-40,BZMzTbp1gHp7CGQyWTb1yc+wsWQ=,JmBfWoi/oE/p1qLYFuZuYT8WVis=
51,-44,BZMzTbp1gHp7CGQyWTb1yc+wsWQ=,BrTY9rY8sYqfBFQg2rm5SwYj2Ts=
50,-48,BZMzTbp1gHp7CGQyWTb1yc+wsWQ=,BrTY9rY8sYqfBFQg2rm5SwYj2Ts=
49,-46,BZMzTbp1gHp7CGQyWTb1yc+wsWQ=,BrTY9rY8sYqfBFQg2rm5SwYj2Ts=
48,-46,BZMzTbp1gHp7CGQyWTb1yc+wsWQ=,BrTY9rY8sYqfBFQg2rm5SwYj2Ts=
50,-46,BZMzTbp1gHp7CGQyWTb1yc+wsWQ=,BrTY9rY8sYqfBFQg2rm5SwYj2Ts=
51,-36,BZMzTbp1gHp7CGQyWTb1yc+wsWQ=,JmBfWoi/oE/p1qLYFuZuYT8WVis=
55,-47,BZMzTbp1gHp7CGQyWTb1yc+wsWQ=,BrTY9rY8sYqfBFQg2rm5SwYj2Ts=
53,-47,BZMzTbp1gHp7CGQyWTb1yc+wsWQ=,BrTY9rY8sYqfBFQg2rm5SwYj2Ts=
52,-47,BZMzTbp1gHp7CGQyWTb1yc+wsWQ=,BrTY9rY8sYqfBFQg2rm5SwYj2Ts=
53,-41,BZMzTbp1gHp7CGQyWTb1yc+wsWQ=,BrTY9rY8sYqfBFQg2rm5SwYj2Ts=
52,-41,BZMzTbp1gHp7CGQyWTb1yc+wsWQ=,BrTY9rY8sYqfBFQg2rm5SwYj2Ts=
49,-40,BZMzTbp1gHp7CGQyWTb1yc+wsWQ=,JmBfWoi/oE/p1qLYFuZuYT8WVis=
49,-42,BZMzTbp1gHp7CGQyWTb1yc+wsWQ=,BrTY9rY8sYqfBFQg2rm5SwYj2Ts=
56,-40,BZMzTbp1gHp7CGQyWTb1yc+wsWQ=,KIDIMgPt8D8T4Otr/SNwZWGTryU=
55,-41,BZMzTbp1gHp7CGQyWTb1yc+wsWQ=,BrTY9rY8sYqfBFQg2rm5SwYj2Ts=
54,-41,BZMzTbp1gHp7CGQyWTb1yc+wsWQ=,BrTY9rY8sYqfBFQg2rm5SwYj2Ts=
49,-41,BZMzTbp1gHp7CGQyWTb1yc+wsWQ=,BrTY9rY8sYqfBFQg2rm5SwYj2Ts=
50,-41,BZMzTbp1gHp7CGQyWTb1yc+wsWQ=,BrTY9rY8sYqfBFQg2rm5SwYj2Ts=
51,-47,BZMzTbp1gHp7CGQyWTb1yc+wsWQ=,BrTY9rY8sYqfBFQg2rm5SwYj2Ts=
48,-41,BZMzTbp1gHp7CGQyWTb1yc+wsWQ=,BrTY9rY8sYqfBFQg2rm5SwYj2Ts=
50,-42,BZMzTbp1gHp7CGQyWTb1yc+wsWQ=,BrTY9rY8sYqfBFQg2rm5SwYj2Ts=
54,-48,BZMzTbp1gHp7CGQyWTb1yc+wsWQ=,BrTY9rY8sYqfBFQg2rm5SwYj2Ts=
55,-42,BZMzTbp1gHp7CGQyWTb1yc+wsWQ=,BrTY9rY8sYqfBFQg2rm5SwYj2Ts=
55,-48,BZMzTbp1gHp7CGQyWTb1yc+wsWQ=,BrTY9rY8sYqfBFQg2rm5SwYj2Ts=
48,-47,BZMzTbp1gHp7CGQyWTb1yc+wsWQ=,BrTY9rY8sYqfBFQg2rm5SwYj2Ts=
54,-42,BZMzTbp1gHp7CGQyWTb1yc+wsWQ=,BrTY9rY8sYqfBFQg2rm5SwYj2Ts=
53,-48,BZMzTbp1gHp7CGQyWTb1yc+wsWQ=,BrTY9rY8sYqfBFQg2rm5SwYj2Ts=
50,-47,BZMzTbp1gHp7CGQyWTb1yc+wsWQ=,BrTY9rY8sYqfBFQg2rm5SwYj2Ts=
49,-47,BZMzTbp1gHp7CGQyWTb1yc+wsWQ=,BrTY9rY8sYqfBFQg2rm5SwYj2Ts=
52,-42,BZMzTbp1gHp7CGQyWTb1yc+wsWQ=,BrTY9rY8sYqfBFQg2rm5SwYj2Ts=
52,-48,BZMzTbp1gHp7CGQyWTb1yc+wsWQ=,BrTY9rY8sYqfBFQg2rm5SwYj2Ts=
53,-42,BZMzTbp1gHp7CGQyWTb1yc+wsWQ=,BrTY9rY8sYqfBFQg2rm5SwYj2Ts=
51,-48,BZMzTbp1gHp7CGQyWTb1yc+wsWQ=,BrTY9rY8sYqfBFQg2rm5SwYj2Ts=
51,-42,BZMzTbp1gHp7CGQyWTb1yc+wsWQ=,BrTY9rY8sYqfBFQg2rm5SwYj2Ts=
54,-47,BZMzTbp1gHp7CGQyWTb1yc+wsWQ=,BrTY9rY8sYqfBFQg2rm5SwYj2Ts=
51,-41,BZMzTbp1gHp7CGQyWTb1yc+wsWQ=,BrTY9rY8sYqfBFQg2rm5SwYj2Ts=
60,-49,BZMzTbp1gHp7CGQyWTb1yc+wsWQ=,BrTY9rY8sYqfBFQg2rm5SwYj2Ts=
59,-49,BZMzTbp1gHp7CGQyWTb1yc+wsWQ=,BrTY9rY8sYqfBFQg2rm5SwYj2Ts=
58,-49,BZMzTbp1gHp7CGQyWTb1yc+wsWQ=,BrTY9rY8sYqfBFQg2rm5SwYj2Ts=
57,-49,BZMzTbp1gHp7CGQyWTb1yc+wsWQ=,BrTY9rY8sYqfBFQg2rm5SwYj2Ts=
61,-50,BZMzTbp1gHp7CGQyWTb1yc+wsWQ=,BrTY9rY8sYqfBFQg2rm5SwYj2Ts=
62,-50,BZMzTbp1gHp7CGQyWTb1yc+wsWQ=,BrTY9rY8sYqfBFQg2rm5SwYj2Ts=
61,-49,BZMzTbp1gHp7CGQyWTb1yc+wsWQ=,BrTY9rY8sYqfBFQg2rm5SwYj2Ts=
62,-49,BZMzTbp1gHp7CGQyWTb1yc+wsWQ=,BrTY9rY8sYqfBFQg2rm5SwYj2Ts=
63,-49,BZMzTbp1gHp7CGQyWTb1yc+wsWQ=,BrTY9rY8sYqfBFQg2rm5SwYj2Ts=
63,-50,BZMzTbp1gHp7CGQyWTb1yc+wsWQ=,BrTY9rY8sYqfBFQg2rm5SwYj2Ts=
59,-55,BZMzTbp1gHp7CGQyWTb1yc+wsWQ=,BrTY9rY8sYqfBFQg2rm5SwYj2Ts=
58,-55,BZMzTbp1gHp7CGQyWTb1yc+wsWQ=,BrTY9rY8sYqfBFQg2rm5SwYj2Ts=
59,-54,BZMzTbp1gHp7CGQyWTb1yc+wsWQ=,BrTY9rY8sYqfBFQg2rm5SwYj2Ts=
57,-55,BZMzTbp1gHp7CGQyWTb1yc+wsWQ=,BrTY9rY8sYqfBFQg2rm5SwYj2Ts=
63,-56,BZMzTbp1gHp7CGQyWTb1yc+wsWQ=,BrTY9rY8sYqfBFQg2rm5SwYj2Ts=
58,-54,BZMzTbp1gHp7CGQyWTb1yc+wsWQ=,BrTY9rY8sYqfBFQg2rm5SwYj2Ts=
63,-51,BZMzTbp1gHp7CGQyWTb1yc+wsWQ=,BrTY9rY8sYqfBFQg2rm5SwYj2Ts=
57,-53,BZMzTbp1gHp7CGQyWTb1yc+wsWQ=,BrTY9rY8sYqfBFQg2rm5SwYj2Ts=
62,-56,BZMzTbp1gHp7CGQyWTb1yc+wsWQ=,BrTY9rY8sYqfBFQg2rm5SwYj2Ts=
61,-56,BZMzTbp1gHp7CGQyWTb1yc+wsWQ=,BrTY9rY8sYqfBFQg2rm5SwYj2Ts=
60,-56,BZMzTbp1gHp7CGQyWTb1yc+wsWQ=,BrTY9rY8sYqfBFQg2rm5SwYj2Ts=
59,-56,BZMzTbp1gHp7CGQyWTb1yc+wsWQ=,BrTY9rY8sYqfBFQg2rm5SwYj2Ts=
58,-56,BZMzTbp1gHp7CGQyWTb1yc+wsWQ=,BrTY9rY8sYqfBFQg2rm5SwYj2Ts=
60,-55,BZMzTbp1gHp7CGQyWTb1yc+wsWQ=,BrTY9rY8sYqfBFQg2rm5SwYj2Ts=
58,-53,BZMzTbp1gHp7CGQyWTb1yc+wsWQ=,BrTY9rY8sYqfBFQg2rm5SwYj2Ts=
59,-53,BZMzTbp1gHp7CGQyWTb1yc+wsWQ=,BrTY9rY8sYqfBFQg2rm5SwYj2Ts=
58,-52,BZMzTbp1gHp7CGQyWTb1yc+wsWQ=,BrTY9rY8sYqfBFQg2rm5SwYj2Ts=
57,-54,BZMzTbp1gHp7CGQyWTb1yc+wsWQ=,BrTY9rY8sYqfBFQg2rm5SwYj2Ts=
60,-50,BZMzTbp1gHp7CGQyWTb1yc+wsWQ=,BrTY9rY8sYqfBFQg2rm5SwYj2Ts=
59,-50,BZMzTbp1gHp7CGQyWTb1yc+wsWQ=,BrTY9rY8sYqfBFQg2rm5SwYj2Ts=
62,-51,BZMzTbp1gHp7CGQyWTb1yc+wsWQ=,BrTY9rY8sYqfBFQg2rm5SwYj2Ts=
63,-54,BZMzTbp1gHp7CGQyWTb1yc+wsWQ=,BrTY9rY8sYqfBFQg2rm5SwYj2Ts=
63,-55,BZMzTbp1gHp7CGQyWTb1yc+wsWQ=,BrTY9rY8sYqfBFQg2rm5SwYj2Ts=
62,-54,BZMzTbp1gHp7CGQyWTb1yc+wsWQ=,BrTY9rY8sYqfBFQg2rm5SwYj2Ts=
61,-51,BZMzTbp1gHp7CGQyWTb1yc+wsWQ=,BrTY9rY8sYqfBFQg2rm5SwYj2Ts=
61,-54,BZMzTbp1gHp7CGQyWTb1yc+wsWQ=,BrTY9rY8sYqfBFQg2rm5SwYj2Ts=
60,-54,BZMzTbp1gHp7CGQyWTb1yc+wsWQ=,BrTY9rY8sYqfBFQg2rm5SwYj2Ts=
58,-50,BZMzTbp1gHp7CGQyWTb1yc+wsWQ=,BrTY9rY8sYqfBFQg2rm5SwYj2Ts=
62,-55,BZMzTbp1gHp7CGQyWTb1yc+wsWQ=,BrTY9rY8sYqfBFQg2rm5SwYj2Ts=
57,-50,BZMzTbp1gHp7CGQyWTb1yc+wsWQ=,BrTY9rY8sYqfBFQg2rm5SwYj2Ts=
60,-51,BZMzTbp1gHp7CGQyWTb1yc+wsWQ=,BrTY9rY8sYqfBFQg2rm5SwYj2Ts=
59,-51,BZMzTbp1gHp7CGQyWTb1yc+wsWQ=,BrTY9rY8sYqfBFQg2rm5SwYj2Ts=
57,-56,BZMzTbp1gHp7CGQyWTb1yc+wsWQ=,BrTY9rY8sYqfBFQg2rm5SwYj2Ts=
57,-52,BZMzTbp1gHp7CGQyWTb1yc+wsWQ=,BrTY9rY8sYqfBFQg2rm5SwYj2Ts=
58,-51,BZMzTbp1gHp7CGQyWTb1yc+wsWQ=,BrTY9rY8sYqfBFQg2rm5SwYj2Ts=
61,-55,BZMzTbp1gHp7CGQyWTb1yc+wsWQ=,BrTY9rY8sYqfBFQg2rm5SwYj2Ts=
57,-51,BZMzTbp1gHp7CGQyWTb1yc+wsWQ=,BrTY9rY8sYqfBFQg2rm5SwYj2Ts=
63,-52,BZMzTbp1gHp7CGQyWTb1yc+wsWQ=,BrTY9rY8sYqfBFQg2rm5SwYj2Ts=
63,-53,BZMzTbp1gHp7CGQyWTb1yc+wsWQ=,BrTY9rY8sYqfBFQg2rm5SwYj2Ts=
62,-53,BZMzTbp1gHp7CGQyWTb1yc+wsWQ=,BrTY9rY8sYqfBFQg2rm5SwYj2Ts=
61,-53,BZMzTbp1gHp7CGQyWTb1yc+wsWQ=,BrTY9rY8sYqfBFQg2rm5SwYj2Ts=
62,-52,BZMzTbp1gHp7CGQyWTb1yc+wsWQ=,BrTY9rY8sYqfBFQg2rm5SwYj2Ts=
61,-52,BZMzTbp1gHp7CGQyWTb1yc+wsWQ=,BrTY9rY8sYqfBFQg2rm5SwYj2Ts=
60,-52,BZMzTbp1gHp7CGQyWTb1yc+wsWQ=,BrTY9rY8sYqfBFQg2rm5SwYj2Ts=
59,-52,BZMzTbp1gHp7CGQyWTb1yc+wsWQ=,BrTY9rY8sYqfBFQg2rm5SwYj2Ts=
60,-53,BZMzTbp1gHp7CGQyWTb1yc+wsWQ=,BrTY9rY8sYqfBFQg2rm5SwYj2Ts=
56,-55,DLAW0pIBdT2bRTnPITnP4FsEsUo=,BrTY9rY8sYqfBFQg2rm5SwYj2Ts=
56,-54,DLAW0pIBdT2bRTnPITnP4FsEsUo=,BrTY9rY8sYqfBFQg2rm5SwYj2Ts=
50,-49,DLAW0pIBdT2bRTnPITnP4FsEsUo=,BrTY9rY8sYqfBFQg2rm5SwYj2Ts=
49,-49,DLAW0pIBdT2bRTnPITnP4FsEsUo=,BrTY9rY8sYqfBFQg2rm5SwYj2Ts=
48,-49,DLAW0pIBdT2bRTnPITnP4FsEsUo=,BrTY9rY8sYqfBFQg2rm5SwYj2Ts=
54,-50,DLAW0pIBdT2bRTnPITnP4FsEsUo=,BrTY9rY8sYqfBFQg2rm5SwYj2Ts=
52,-49,DLAW0pIBdT2bRTnPITnP4FsEsUo=,BrTY9rY8sYqfBFQg2rm5SwYj2Ts=
56,-53,DLAW0pIBdT2bRTnPITnP4FsEsUo=,BrTY9rY8sYqfBFQg2rm5SwYj2Ts=
55,-50,DLAW0pIBdT2bRTnPITnP4FsEsUo=,BrTY9rY8sYqfBFQg2rm5SwYj2Ts=
52,-50,DLAW0pIBdT2bRTnPITnP4FsEsUo=,BrTY9rY8sYqfBFQg2rm5SwYj2Ts=
51,-49,DLAW0pIBdT2bRTnPITnP4FsEsUo=,BrTY9rY8sYqfBFQg2rm5SwYj2Ts=
51,-50,DLAW0pIBdT2bRTnPITnP4FsEsUo=,BrTY9rY8sYqfBFQg2rm5SwYj2Ts=
53,-50,DLAW0pIBdT2bRTnPITnP4FsEsUo=,BrTY9rY8sYqfBFQg2rm5SwYj2Ts=
55,-51,DLAW0pIBdT2bRTnPITnP4FsEsUo=,BrTY9rY8sYqfBFQg2rm5SwYj2Ts=
54,-51,DLAW0pIBdT2bRTnPITnP4FsEsUo=,BrTY9rY8sYqfBFQg2rm5SwYj2Ts=
54,-52,DLAW0pIBdT2bRTnPITnP4FsEsUo=,BrTY9rY8sYqfBFQg2rm5SwYj2Ts=
55,-52,DLAW0pIBdT2bRTnPITnP4FsEsUo=,BrTY9rY8sYqfBFQg2rm5SwYj2Ts=
52,-52,DLAW0pIBdT2bRTnPITnP4FsEsUo=,BrTY9rY8sYqfBFQg2rm5SwYj2Ts=
51,-52,DLAW0pIBdT2bRTnPITnP4FsEsUo=,BrTY9rY8sYqfBFQg2rm5SwYj2Ts=
53,-52,DLAW0pIBdT2bRTnPITnP4FsEsUo=,BrTY9rY8sYqfBFQg2rm5SwYj2Ts=
52,-51,DLAW0pIBdT2bRTnPITnP4FsEsUo=,BrTY9rY8sYqfBFQg2rm5SwYj2Ts=
50,-52,DLAW0pIBdT2bRTnPITnP4FsEsUo=,BrTY9rY8sYqfBFQg2rm5SwYj2Ts=
53,-51,DLAW0pIBdT2bRTnPITnP4FsEsUo=,BrTY9rY8sYqfBFQg2rm5SwYj2Ts=
55,-53,DLAW0pIBdT2bRTnPITnP4FsEsUo=,BrTY9rY8sYqfBFQg2rm5SwYj2Ts=
54,-53,DLAW0pIBdT2bRTnPITnP4FsEsUo=,BrTY9rY8sYqfBFQg2rm5SwYj2Ts=
53,-53,DLAW0pIBdT2bRTnPITnP4FsEsUo=,BrTY9rY8sYqfBFQg2rm5SwYj2Ts=
52,-53,DLAW0pIBdT2bRTnPITnP4FsEsUo=,BrTY9rY8sYqfBFQg2rm5SwYj2Ts=
51,-53,DLAW0pIBdT2bRTnPITnP4FsEsUo=,BrTY9rY8sYqfBFQg2rm5SwYj2Ts=
50,-53,DLAW0pIBdT2bRTnPITnP4FsEsUo=,BrTY9rY8sYqfBFQg2rm5SwYj2Ts=
49,-53,DLAW0pIBdT2bRTnPITnP4FsEsUo=,BrTY9rY8sYqfBFQg2rm5SwYj2Ts=
48,-53,DLAW0pIBdT2bRTnPITnP4FsEsUo=,BrTY9rY8sYqfBFQg2rm5SwYj2Ts=
50,-50,DLAW0pIBdT2bRTnPITnP4FsEsUo=,BrTY9rY8sYqfBFQg2rm5SwYj2Ts=
55,-54,DLAW0pIBdT2bRTnPITnP4FsEsUo=,BrTY9rY8sYqfBFQg2rm5SwYj2Ts=
54,-54,DLAW0pIBdT2bRTnPITnP4FsEsUo=,BrTY9rY8sYqfBFQg2rm5SwYj2Ts=
53,-54,DLAW0pIBdT2bRTnPITnP4FsEsUo=,BrTY9rY8sYqfBFQg2rm5SwYj2Ts=
52,-54,DLAW0pIBdT2bRTnPITnP4FsEsUo=,BrTY9rY8sYqfBFQg2rm5SwYj2Ts=
51,-54,DLAW0pIBdT2bRTnPITnP4FsEsUo=,BrTY9rY8sYqfBFQg2rm5SwYj2Ts=
50,-54,DLAW0pIBdT2bRTnPITnP4FsEsUo=,BrTY9rY8sYqfBFQg2rm5SwYj2Ts=
49,-54,DLAW0pIBdT2bRTnPITnP4FsEsUo=,BrTY9rY8sYqfBFQg2rm5SwYj2Ts=
55,-55,DLAW0pIBdT2bRTnPITnP4FsEsUo=,BrTY9rY8sYqfBFQg2rm5SwYj2Ts=
48,-54,DLAW0pIBdT2bRTnPITnP4FsEsUo=,BrTY9rY8sYqfBFQg2rm5SwYj2Ts=
54,-55,DLAW0pIBdT2bRTnPITnP4FsEsUo=,BrTY9rY8sYqfBFQg2rm5SwYj2Ts=
51,-51,DLAW0pIBdT2bRTnPITnP4FsEsUo=,BrTY9rY8sYqfBFQg2rm5SwYj2Ts=
53,-55,DLAW0pIBdT2bRTnPITnP4FsEsUo=,BrTY9rY8sYqfBFQg2rm5SwYj2Ts=
52,-55,DLAW0pIBdT2bRTnPITnP4FsEsUo=,BrTY9rY8sYqfBFQg2rm5SwYj2Ts=
51,-55,DLAW0pIBdT2bRTnPITnP4FsEsUo=,BrTY9rY8sYqfBFQg2rm5SwYj2Ts=
50,-55,DLAW0pIBdT2bRTnPITnP4FsEsUo=,BrTY9rY8sYqfBFQg2rm5SwYj2Ts=
49,-55,DLAW0pIBdT2bRTnPITnP4FsEsUo=,BrTY9rY8sYqfBFQg2rm5SwYj2Ts=
48,-55,DLAW0pIBdT2bRTnPITnP4FsEsUo=,BrTY9rY8sYqfBFQg2rm5SwYj2Ts=
55,-56,DLAW0pIBdT2bRTnPITnP4FsEsUo=,BrTY9rY8sYqfBFQg2rm5SwYj2Ts=
54,-56,DLAW0pIBdT2bRTnPITnP4FsEsUo=,BrTY9rY8sYqfBFQg2rm5SwYj2Ts=
53,-56,DLAW0pIBdT2bRTnPITnP4FsEsUo=,BrTY9rY8sYqfBFQg2rm5SwYj2Ts=
56,-52,DLAW0pIBdT2bRTnPITnP4FsEsUo=,BrTY9rY8sYqfBFQg2rm5SwYj2Ts=
51,-56,DLAW0pIBdT2bRTnPITnP4FsEsUo=,BrTY9rY8sYqfBFQg2rm5SwYj2Ts=
52,-56,DLAW0pIBdT2bRTnPITnP4FsEsUo=,BrTY9rY8sYqfBFQg2rm5SwYj2Ts=
50,-56,DLAW0pIBdT2bRTnPITnP4FsEsUo=,BrTY9rY8sYqfBFQg2rm5SwYj2Ts=
49,-56,DLAW0pIBdT2bRTnPITnP4FsEsUo=,BrTY9rY8sYqfBFQg2rm5SwYj2Ts=
48,-56,DLAW0pIBdT2bRTnPITnP4FsEsUo=,BrTY9rY8sYqfBFQg2rm5SwYj2Ts=
56,-56,DLAW0pIBdT2bRTnPITnP4FsEsUo=,BrTY9rY8sYqfBFQg2rm5SwYj2Ts=
49,-50,DLAW0pIBdT2bRTnPITnP4FsEsUo=,BrTY9rY8sYqfBFQg2rm5SwYj2Ts=
49,-52,DLAW0pIBdT2bRTnPITnP4FsEsUo=,BrTY9rY8sYqfBFQg2rm5SwYj2Ts=
53,-49,DLAW0pIBdT2bRTnPITnP4FsEsUo=,BrTY9rY8sYqfBFQg2rm5SwYj2Ts=
48,-52,DLAW0pIBdT2bRTnPITnP4FsEsUo=,BrTY9rY8sYqfBFQg2rm5SwYj2Ts=
50,-51,DLAW0pIBdT2bRTnPITnP4FsEsUo=,BrTY9rY8sYqfBFQg2rm5SwYj2Ts=
49,-51,DLAW0pIBdT2bRTnPITnP4FsEsUo=,BrTY9rY8sYqfBFQg2rm5SwYj2Ts=
48,-50,DLAW0pIBdT2bRTnPITnP4FsEsUo=,BrTY9rY8sYqfBFQg2rm5SwYj2Ts=
56,-51,DLAW0pIBdT2bRTnPITnP4FsEsUo=,BrTY9rY8sYqfBFQg2rm5SwYj2Ts=
48,-51,DLAW0pIBdT2bRTnPITnP4FsEsUo=,BrTY9rY8sYqfBFQg2rm5SwYj2Ts=
56,-49,DLAW0pIBdT2bRTnPITnP4FsEsUo=,BrTY9rY8sYqfBFQg2rm5SwYj2Ts=
56,-50,DLAW0pIBdT2bRTnPITnP4FsEsUo=,BrTY9rY8sYqfBFQg2rm5SwYj2Ts=
55,-49,DLAW0pIBdT2bRTnPITnP4FsEsUo=,BrTY9rY8sYqfBFQg2rm5SwYj2Ts=
54,-49,DLAW0pIBdT2bRTnPITnP4FsEsUo=,BrTY9rY8sYqfBFQg2rm5SwYj2Ts=
41,-63,l6XBZ/iIrI0HXlmRMuV9iGIN4MA=,hbjhKQytd0RH4TXiE3phXDKc8wI=
42,-63,l6XBZ/iIrI0HXlmRMuV9iGIN4MA=,hbjhKQytd0RH4TXiE3phXDKc8wI=
43,-63,l6XBZ/iIrI0HXlmRMuV9iGIN4MA=,hbjhKQytd0RH4TXiE3phXDKc8wI=
44,-63,l6XBZ/iIrI0HXlmRMuV9iGIN4MA=,hbjhKQytd0RH4TXiE3phXDKc8wI=
45,-63,l6XBZ/iIrI0HXlmRMuV9iGIN4MA=,hbjhKQytd0RH4TXiE3phXDKc8wI=
46,-63,l6XBZ/iIrI0HXlmRMuV9iGIN4MA=,hbjhKQytd0RH4TXiE3phXDKc8wI=
41,-62,l6XBZ/iIrI0HXlmRMuV9iGIN4MA=,hbjhKQytd0RH4TXiE3phXDKc8wI=
42,-62,l6XBZ/iIrI0HXlmRMuV9iGIN4MA=,hbjhKQytd0RH4TXiE3phXDKc8wI=
43,-62,l6XBZ/iIrI0HXlmRMuV9iGIN4MA=,hbjhKQytd0RH4TXiE3phXDKc8wI=
44,-62,l6XBZ/iIrI0HXlmRMuV9iGIN4MA=,hbjhKQytd0RH4TXiE3phXDKc8wI=
45,-62,l6XBZ/iIrI0HXlmRMuV9iGIN4MA=,hbjhKQytd0RH4TXiE3phXDKc8wI=
46,-62,l6XBZ/iIrI0HXlmRMuV9iGIN4MA=,hbjhKQytd0RH4TXiE3phXDKc8wI=
41,-61,l6XBZ/iIrI0HXlmRMuV9iGIN4MA=,hbjhKQytd0RH4TXiE3phXDKc8wI=
42,-61,l6XBZ/iIrI0HXlmRMuV9iGIN4MA=,hbjhKQytd0RH4TXiE3phXDKc8wI=
43,-61,l6XBZ/iIrI0HXlmRMuV9iGIN4MA=,hbjhKQytd0RH4TXiE3phXDKc8wI=
44,-61,l6XBZ/iIrI0HXlmRMuV9iGIN4MA=,hbjhKQytd0RH4TXiE3phXDKc8wI=
45,-61,l6XBZ/iIrI0HXlmRMuV9iGIN4MA=,hbjhKQytd0RH4TXiE3phXDKc8wI=
46,-61,l6XBZ/iIrI0HXlmRMuV9iGIN4MA=,hbjhKQytd0RH4TXiE3phXDKc8wI=
41,-60,l6XBZ/iIrI0HXlmRMuV9iGIN4MA=,hbjhKQytd0RH4TXiE3phXDKc8wI=
42,-60,l6XBZ/iIrI0HXlmRMuV9iGIN4MA=,hbjhKQytd0RH4TXiE3phXDKc8wI=
43,-60,l6XBZ/iIrI0HXlmRMuV9iGIN4MA=,hbjhKQytd0RH4TXiE3phXDKc8wI=
44,-60,l6XBZ/iIrI0HXlmRMuV9iGIN4MA=,hbjhKQytd0RH4TXiE3phXDKc8wI=
45,-60,l6XBZ/iIrI0HXlmRMuV9iGIN4MA=,hbjhKQytd0RH4TXiE3phXDKc8wI=
46,-60,l6XBZ/iIrI0HXlmRMuV9iGIN4MA=,hbjhKQytd0RH4TXiE3phXDKc8wI=
41,-59,l6XBZ/iIrI0HXlmRMuV9iGIN4MA=,hbjhKQytd0RH4TXiE3phXDKc8wI=
42,-59,l6XBZ/iIrI0HXlmRMuV9iGIN4MA=,hbjhKQytd0RH4TXiE3phXDKc8wI=
43,-59,l6XBZ/iIrI0HXlmRMuV9iGIN4MA=,hbjhKQytd0RH4TXiE3phXDKc8wI=
44,-59,l6XBZ/iIrI0HXlmRMuV9iGIN4MA=,hbjhKQytd0RH4TXiE3phXDKc8wI=
45,-59,l6XBZ/iIrI0HXlmRMuV9iGIN4MA=,hbjhKQytd0RH4TXiE3phXDKc8wI=
46,-59,l6XBZ/iIrI0HXlmRMuV9iGIN4MA=,hbjhKQytd0RH4TXiE3phXDKc8wI=
41,-58,l6XBZ/iIrI0HXlmRMuV9iGIN4MA=,hbjhKQytd0RH4TXiE3phXDKc8wI=
42,-58,l6XBZ/iIrI0HXlmRMuV9iGIN4MA=,hbjhKQytd0RH4TXiE3phXDKc8wI=
43,-58,l6XBZ/iIrI0HXlmRMuV9iGIN4MA=,hbjhKQytd0RH4TXiE3phXDKc8wI=
44,-58,l6XBZ/iIrI0HXlmRMuV9iGIN4MA=,hbjhKQytd0RH4TXiE3phXDKc8wI=
45,-58,l6XBZ/iIrI0HXlmRMuV9iGIN4MA=,hbjhKQytd0RH4TXiE3phXDKc8wI=
46,-58,l6XBZ/iIrI0HXlmRMuV9iGIN4MA=,hbjhKQytd0RH4TXiE3phXDKc8wI=
44,-49,u14LdixXuhCejdA2sjUZAyB5cRs=,BrTY9rY8sYqfBFQg2rm5SwYj2Ts=
45,-49,u14LdixXuhCejdA2sjUZAyB5cRs=,BrTY9rY8sYqfBFQg2rm5SwYj2Ts=
44,-56,u14LdixXuhCejdA2sjUZAyB5cRs=,BrTY9rY8sYqfBFQg2rm5SwYj2Ts=
46,-49,u14LdixXuhCejdA2sjUZAyB5cRs=,BrTY9rY8sYqfBFQg2rm5SwYj2Ts=
44,-57,u14LdixXuhCejdA2sjUZAyB5cRs=,hbjhKQytd0RH4TXiE3phXDKc8wI=
45,-57,u14LdixXuhCejdA2sjUZAyB5cRs=,hbjhKQytd0RH4TXiE3phXDKc8wI=
44,-55,u14LdixXuhCejdA2sjUZAyB5cRs=,BrTY9rY8sYqfBFQg2rm5SwYj2Ts=
46,-57,u14LdixXuhCejdA2sjUZAyB5cRs=,hbjhKQytd0RH4TXiE3phXDKc8wI=
42,-56,u14LdixXuhCejdA2sjUZAyB5cRs=,BrTY9rY8sYqfBFQg2rm5SwYj2Ts=
44,-52,u14LdixXuhCejdA2sjUZAyB5cRs=,BrTY9rY8sYqfBFQg2rm5SwYj2Ts=
43,-57,u14LdixXuhCejdA2sjUZAyB5cRs=,hbjhKQytd0RH4TXiE3phXDKc8wI=
43,-55,u14LdixXuhCejdA2sjUZAyB5cRs=,BrTY9rY8sYqfBFQg2rm5SwYj2Ts=
39,-49,u14LdixXuhCejdA2sjUZAyB5cRs=,Z8WjpAej/SexXiYUtxz7CHUd/j8=
43,-49,u14LdixXuhCejdA2sjUZAyB5cRs=,BrTY9rY8sYqfBFQg2rm5SwYj2Ts=
43,-53,u14LdixXuhCejdA2sjUZAyB5cRs=,BrTY9rY8sYqfBFQg2rm5SwYj2Ts=
36,-53,u14LdixXuhCejdA2sjUZAyB5cRs=,Z8WjpAej/SexXiYUtxz7CHUd/j8=
42,-49,u14LdixXuhCejdA2sjUZAyB5cRs=,BrTY9rY8sYqfBFQg2rm5SwYj2Ts=
34,-53,u14LdixXuhCejdA2sjUZAyB5cRs=,Z8WjpAej/SexXiYUtxz7CHUd/j8=
42,-57,u14LdixXuhCejdA2sjUZAyB5cRs=,hbjhKQytd0RH4TXiE3phXDKc8wI=
35,-53,u14LdixXuhCejdA2sjUZAyB5cRs=,Z8WjpAej/SexXiYUtxz7CHUd/j8=
41,-57,u14LdixXuhCejdA2sjUZAyB5cRs=,hbjhKQytd0RH4TXiE3phXDKc8wI=
36,-59,u14LdixXuhCejdA2sjUZAyB5cRs=,hbjhKQytd0RH4TXiE3phXDKc8wI=
42,-55,u14LdixXuhCejdA2sjUZAyB5cRs=,BrTY9rY8sYqfBFQg2rm5SwYj2Ts=
45,-50,u14LdixXuhCejdA2sjUZAyB5cRs=,BrTY9rY8sYqfBFQg2rm5SwYj2Ts=
37,-53,u14LdixXuhCejdA2sjUZAyB5cRs=,Z8WjpAej/SexXiYUtxz7CHUd/j8=
40,-57,u14LdixXuhCejdA2sjUZAyB5cRs=,hbjhKQytd0RH4TXiE3phXDKc8wI=
34,-59,u14LdixXuhCejdA2sjUZAyB5cRs=,hbjhKQytd0RH4TXiE3phXDKc8wI=
35,-59,u14LdixXuhCejdA2sjUZAyB5cRs=,hbjhKQytd0RH4TXiE3phXDKc8wI=
39,-60,u14LdixXuhCejdA2sjUZAyB5cRs=,hbjhKQytd0RH4TXiE3phXDKc8wI=
38,-60,u14LdixXuhCejdA2sjUZAyB5cRs=,hbjhKQytd0RH4TXiE3phXDKc8wI=
43,-54,u14LdixXuhCejdA2sjUZAyB5cRs=,BrTY9rY8sYqfBFQg2rm5SwYj2Ts=
42,-53,u14LdixXuhCejdA2sjUZAyB5cRs=,BrTY9rY8sYqfBFQg2rm5SwYj2Ts=
37,-59,u14LdixXuhCejdA2sjUZAyB5cRs=,hbjhKQytd0RH4TXiE3phXDKc8wI=
38,-59,u14LdixXuhCejdA2sjUZAyB5cRs=,hbjhKQytd0RH4TXiE3phXDKc8wI=
41,-56,u14LdixXuhCejdA2sjUZAyB5cRs=,BrTY9rY8sYqfBFQg2rm5SwYj2Ts=
40,-58,u14LdixXuhCejdA2sjUZAyB5cRs=,hbjhKQytd0RH4TXiE3phXDKc8wI=
41,-49,u14LdixXuhCejdA2sjUZAyB5cRs=,BrTY9rY8sYqfBFQg2rm5SwYj2Ts=
33,-59,u14LdixXuhCejdA2sjUZAyB5cRs=,hbjhKQytd0RH4TXiE3phXDKc8wI=
32,-59,u14LdixXuhCejdA2sjUZAyB5cRs=,hbjhKQytd0RH4TXiE3phXDKc8wI=
38,-53,u14LdixXuhCejdA2sjUZAyB5cRs=,Z8WjpAej/SexXiYUtxz7CHUd/j8=
46,-50,u14LdixXuhCejdA2sjUZAyB5cRs=,BrTY9rY8sYqfBFQg2rm5SwYj2Ts=
40,-56,u14LdixXuhCejdA2sjUZAyB5cRs=,BrTY9rY8sYqfBFQg2rm5SwYj2Ts=
39,-59,u14LdixXuhCejdA2sjUZAyB5cRs=,hbjhKQytd0RH4TXiE3phXDKc8wI=
44,-50,u14LdixXuhCejdA2sjUZAyB5cRs=,BrTY9rY8sYqfBFQg2rm5SwYj2Ts=
41,-53,u14LdixXuhCejdA2sjUZAyB5cRs=,BrTY9rY8sYqfBFQg2rm5SwYj2Ts=
46,-51,u14LdixXuhCejdA2sjUZAyB5cRs=,BrTY9rY8sYqfBFQg2rm5SwYj2Ts=
45,-51,u14LdixXuhCejdA2sjUZAyB5cRs=,BrTY9rY8sYqfBFQg2rm5SwYj2Ts=
39,-53,u14LdixXuhCejdA2sjUZAyB5cRs=,Z8WjpAej/SexXiYUtxz7CHUd/j8=
41,-55,u14LdixXuhCejdA2sjUZAyB5cRs=,BrTY9rY8sYqfBFQg2rm5SwYj2Ts=
46,-55,u14LdixXuhCejdA2sjUZAyB5cRs=,BrTY9rY8sYqfBFQg2rm5SwYj2Ts=
42,-54,u14LdixXuhCejdA2sjUZAyB5cRs=,BrTY9rY8sYqfBFQg2rm5SwYj2Ts=
38,-56,u14LdixXuhCejdA2sjUZAyB5cRs=,Z8WjpAej/SexXiYUtxz7CHUd/j8=
32,-58,u14LdixXuhCejdA2sjUZAyB5cRs=,hbjhKQytd0RH4TXiE3phXDKc8wI=
40,-63,u14LdixXuhCejdA2sjUZAyB5cRs=,hbjhKQytd0RH4TXiE3phXDKc8wI=
44,-51,u14LdixXuhCejdA2sjUZAyB5cRs=,BrTY9rY8sYqfBFQg2rm5SwYj2Ts=
37,-56,u14LdixXuhCejdA2sjUZAyB5cRs=,Z8WjpAej/SexXiYUtxz7CHUd/j8=
43,-51,u14LdixXuhCejdA2sjUZAyB5cRs=,BrTY9rY8sYqfBFQg2rm5SwYj2Ts=
32,-52,u14LdixXuhCejdA2sjUZAyB5cRs=,Z8WjpAej/SexXiYUtxz7CHUd/j8=
36,-56,u14LdixXuhCejdA2sjUZAyB5cRs=,Z8WjpAej/SexXiYUtxz7CHUd/j8=
39,-56,u14LdixXuhCejdA2sjUZAyB5cRs=,Z8WjpAej/SexXiYUtxz7CHUd/j8=
41,-54,u14LdixXuhCejdA2sjUZAyB5cRs=,BrTY9rY8sYqfBFQg2rm5SwYj2Ts=
47,-52,u14LdixXuhCejdA2sjUZAyB5cRs=,BrTY9rY8sYqfBFQg2rm5SwYj2Ts=
47,-53,u14LdixXuhCejdA2sjUZAyB5cRs=,BrTY9rY8sYqfBFQg2rm5SwYj2Ts=
47,-54,u14LdixXuhCejdA2sjUZAyB5cRs=,BrTY9rY8sYqfBFQg2rm5SwYj2Ts=
47,-55,u14LdixXuhCejdA2sjUZAyB5cRs=,BrTY9rY8sYqfBFQg2rm5SwYj2Ts=
42,-50,u14LdixXuhCejdA2sjUZAyB5cRs=,BrTY9rY8sYqfBFQg2rm5SwYj2Ts=
42,-51,u14LdixXuhCejdA2sjUZAyB5cRs=,BrTY9rY8sYqfBFQg2rm5SwYj2Ts=
45,-54,u14LdixXuhCejdA2sjUZAyB5cRs=,BrTY9rY8sYqfBFQg2rm5SwYj2Ts=
33,-53,u14LdixXuhCejdA2sjUZAyB5cRs=,Z8WjpAej/SexXiYUtxz7CHUd/j8=
43,-52,u14LdixXuhCejdA2sjUZAyB5cRs=,BrTY9rY8sYqfBFQg2rm5SwYj2Ts=
46,-54,u14LdixXuhCejdA2sjUZAyB5cRs=,BrTY9rY8sYqfBFQg2rm5SwYj2Ts=
33,-52,u14LdixXuhCejdA2sjUZAyB5cRs=,Z8WjpAej/SexXiYUtxz7CHUd/j8=
44,-54,u14LdixXuhCejdA2sjUZAyB5cRs=,BrTY9rY8sYqfBFQg2rm5SwYj2Ts=
41,-50,u14LdixXuhCejdA2sjUZAyB5cRs=,BrTY9rY8sYqfBFQg2rm5SwYj2Ts=
32,-63,u14LdixXuhCejdA2sjUZAyB5cRs=,hbjhKQytd0RH4TXiE3phXDKc8wI=
47,-51,u14LdixXuhCejdA2sjUZAyB5cRs=,BrTY9rY8sYqfBFQg2rm5SwYj2Ts=
40,-50,u14LdixXuhCejdA2sjUZAyB5cRs=,BrTY9rY8sYqfBFQg2rm5SwYj2Ts=
47,-50,u14LdixXuhCejdA2sjUZAyB5cRs=,BrTY9rY8sYqfBFQg2rm5SwYj2Ts=
37,-60,u14LdixXuhCejdA2sjUZAyB5cRs=,hbjhKQytd0RH4TXiE3phXDKc8wI=
35,-56,u14LdixXuhCejdA2sjUZAyB5cRs=,Z8WjpAej/SexXiYUtxz7CHUd/j8=
33,-63,u14LdixXuhCejdA2sjUZAyB5cRs=,hbjhKQytd0RH4TXiE3phXDKc8wI=
41,-51,u14LdixXuhCejdA2sjUZAyB5cRs=,BrTY9rY8sYqfBFQg2rm5SwYj2Ts=
45,-55,u14LdixXuhCejdA2sjUZAyB5cRs=,BrTY9rY8sYqfBFQg2rm5SwYj2Ts=
43,-56,u14LdixXuhCejdA2sjUZAyB5cRs=,BrTY9rY8sYqfBFQg2rm5SwYj2Ts=
40,-52,u14LdixXuhCejdA2sjUZAyB5cRs=,BrTY9rY8sYqfBFQg2rm5SwYj2Ts=
34,-63,u14LdixXuhCejdA2sjUZAyB5cRs=,hbjhKQytd0RH4TXiE3phXDKc8wI=
42,-52,u14LdixXuhCejdA2sjUZAyB5cRs=,BrTY9rY8sYqfBFQg2rm5SwYj2Ts=
37,-49,u14LdixXuhCejdA2sjUZAyB5cRs=,Z8WjpAej/SexXiYUtxz7CHUd/j8=
46,-53,u14LdixXuhCejdA2sjUZAyB5cRs=,BrTY9rY8sYqfBFQg2rm5SwYj2Ts=
40,-59,u14LdixXuhCejdA2sjUZAyB5cRs=,hbjhKQytd0RH4TXiE3phXDKc8wI=
45,-53,u14LdixXuhCejdA2sjUZAyB5cRs=,BrTY9rY8sYqfBFQg2rm5SwYj2Ts=
33,-56,u14LdixXuhCejdA2sjUZAyB5cRs=,Z8WjpAej/SexXiYUtxz7CHUd/j8=
41,-52,u14LdixXuhCejdA2sjUZAyB5cRs=,BrTY9rY8sYqfBFQg2rm5SwYj2Ts=
38,-49,u14LdixXuhCejdA2sjUZAyB5cRs=,Z8WjpAej/SexXiYUtxz7CHUd/j8=
34,-52,u14LdixXuhCejdA2sjUZAyB5cRs=,Z8WjpAej/SexXiYUtxz7CHUd/j8=
46,-52,u14LdixXuhCejdA2sjUZAyB5cRs=,BrTY9rY8sYqfBFQg2rm5SwYj2Ts=
32,-53,u14LdixXuhCejdA2sjUZAyB5cRs=,Z8WjpAej/SexXiYUtxz7CHUd/j8=
36,-60,u14LdixXuhCejdA2sjUZAyB5cRs=,hbjhKQytd0RH4TXiE3phXDKc8wI=
35,-60,u14LdixXuhCejdA2sjUZAyB5cRs=,hbjhKQytd0RH4TXiE3phXDKc8wI=
39,-57,u14LdixXuhCejdA2sjUZAyB5cRs=,hbjhKQytd0RH4TXiE3phXDKc8wI=
46,-56,u14LdixXuhCejdA2sjUZAyB5cRs=,BrTY9rY8sYqfBFQg2rm5SwYj2Ts=
38,-64,u14LdixXuhCejdA2sjUZAyB5cRs=,hbjhKQytd0RH4TXiE3phXDKc8wI=
45,-56,u14LdixXuhCejdA2sjUZAyB5cRs=,BrTY9rY8sYqfBFQg2rm5SwYj2Ts=
40,-64,u14LdixXuhCejdA2sjUZAyB5cRs=,hbjhKQytd0RH4TXiE3phXDKc8wI=
41,-64,u14LdixXuhCejdA2sjUZAyB5cRs=,hbjhKQytd0RH4TXiE3phXDKc8wI=
43,-64,u14LdixXuhCejdA2sjUZAyB5cRs=,hbjhKQytd0RH4TXiE3phXDKc8wI=
44,-64,u14LdixXuhCejdA2sjUZAyB5cRs=,hbjhKQytd0RH4TXiE3phXDKc8wI=
42,-64,u14LdixXuhCejdA2sjUZAyB5cRs=,hbjhKQytd0RH4TXiE3phXDKc8wI=
45,-64,u14LdixXuhCejdA2sjUZAyB5cRs=,hbjhKQytd0RH4TXiE3phXDKc8wI=
46,-64,u14LdixXuhCejdA2sjUZAyB5cRs=,hbjhKQytd0RH4TXiE3phXDKc8wI=
40,-51,u14LdixXuhCejdA2sjUZAyB5cRs=,BrTY9rY8sYqfBFQg2rm5SwYj2Ts=
35,-63,u14LdixXuhCejdA2sjUZAyB5cRs=,hbjhKQytd0RH4TXiE3phXDKc8wI=
39,-64,u14LdixXuhCejdA2sjUZAyB5cRs=,hbjhKQytd0RH4TXiE3phXDKc8wI=
47,-57,u14LdixXuhCejdA2sjUZAyB5cRs=,hbjhKQytd0RH4TXiE3phXDKc8wI=
47,-63,u14LdixXuhCejdA2sjUZAyB5cRs=,hbjhKQytd0RH4TXiE3phXDKc8wI=
47,-62,u14LdixXuhCejdA2sjUZAyB5cRs=,hbjhKQytd0RH4TXiE3phXDKc8wI=
47,-61,u14LdixXuhCejdA2sjUZAyB5cRs=,hbjhKQytd0RH4TXiE3phXDKc8wI=
47,-56,u14LdixXuhCejdA2sjUZAyB5cRs=,BrTY9rY8sYqfBFQg2rm5SwYj2Ts=
47,-60,u14LdixXuhCejdA2sjUZAyB5cRs=,hbjhKQytd0RH4TXiE3phXDKc8wI=
47,-59,u14LdixXuhCejdA2sjUZAyB5cRs=,hbjhKQytd0RH4TXiE3phXDKc8wI=
47,-58,u14LdixXuhCejdA2sjUZAyB5cRs=,hbjhKQytd0RH4TXiE3phXDKc8wI=
47,-64,u14LdixXuhCejdA2sjUZAyB5cRs=,hbjhKQytd0RH4TXiE3phXDKc8wI=
34,-56,u14LdixXuhCejdA2sjUZAyB5cRs=,Z8WjpAej/SexXiYUtxz7CHUd/j8=
38,-57,u14LdixXuhCejdA2sjUZAyB5cRs=,hbjhKQytd0RH4TXiE3phXDKc8wI=
45,-52,u14LdixXuhCejdA2sjUZAyB5cRs=,BrTY9rY8sYqfBFQg2rm5SwYj2Ts=
32,-56,u14LdixXuhCejdA2sjUZAyB5cRs=,Z8WjpAej/SexXiYUtxz7CHUd/j8=
43,-50,u14LdixXuhCejdA2sjUZAyB5cRs=,BrTY9rY8sYqfBFQg2rm5SwYj2Ts=
37,-64,u14LdixXuhCejdA2sjUZAyB5cRs=,hbjhKQytd0RH4TXiE3phXDKc8wI=
35,-52,u14LdixXuhCejdA2sjUZAyB5cRs=,Z8WjpAej/SexXiYUtxz7CHUd/j8=
36,-63,u14LdixXuhCejdA2sjUZAyB5cRs=,hbjhKQytd0RH4TXiE3phXDKc8wI=
33,-64,u14LdixXuhCejdA2sjUZAyB5cRs=,hbjhKQytd0RH4TXiE3phXDKc8wI=
39,-54,u14LdixXuhCejdA2sjUZAyB5cRs=,Z8WjpAej/SexXiYUtxz7CHUd/j8=
38,-54,u14LdixXuhCejdA2sjUZAyB5cRs=,Z8WjpAej/SexXiYUtxz7CHUd/j8=
36,-64,u14LdixXuhCejdA2sjUZAyB5cRs=,hbjhKQytd0RH4TXiE3phXDKc8wI=
40,-60,u14LdixXuhCejdA2sjUZAyB5cRs=,hbjhKQytd0RH4TXiE3phXDKc8wI=
37,-63,u14LdixXuhCejdA2sjUZAyB5cRs=,hbjhKQytd0RH4TXiE3phXDKc8wI=
32,-49,u14LdixXuhCejdA2sjUZAyB5cRs=,Z8WjpAej/SexXiYUtxz7CHUd/j8=
38,-63,u14LdixXuhCejdA2sjUZAyB5cRs=,hbjhKQytd0RH4TXiE3phXDKc8wI=
39,-63,u14LdixXuhCejdA2sjUZAyB5cRs=,hbjhKQytd0RH4TXiE3phXDKc8wI=
44,-53,u14LdixXuhCejdA2sjUZAyB5cRs=,BrTY9rY8sYqfBFQg2rm5SwYj2Ts=
34,-64,u14LdixXuhCejdA2sjUZAyB5cRs=,hbjhKQytd0RH4TXiE3phXDKc8wI=
36,-52,u14LdixXuhCejdA2sjUZAyB5cRs=,Z8WjpAej/SexXiYUtxz7CHUd/j8=
35,-64,u14LdixXuhCejdA2sjUZAyB5cRs=,hbjhKQytd0RH4TXiE3phXDKc8wI=
32,-64,u14LdixXuhCejdA2sjUZAyB5cRs=,hbjhKQytd0RH4TXiE3phXDKc8wI=
36,-57,u14LdixXuhCejdA2sjUZAyB5cRs=,hbjhKQytd0RH4TXiE3phXDKc8wI=
47,-49,u14LdixXuhCejdA2sjUZAyB5cRs=,BrTY9rY8sYqfBFQg2rm5SwYj2Ts=
35,-57,u14LdixXuhCejdA2sjUZAyB5cRs=,hbjhKQytd0RH4TXiE3phXDKc8wI=
39,-58,u14LdixXuhCejdA2sjUZAyB5cRs=,hbjhKQytd0RH4TXiE3phXDKc8wI=
38,-58,u14LdixXuhCejdA2sjUZAyB5cRs=,hbjhKQytd0RH4TXiE3phXDKc8wI=
40,-61,u14LdixXuhCejdA2sjUZAyB5cRs=,hbjhKQytd0RH4TXiE3phXDKc8wI=
32,-62,u14LdixXuhCejdA2sjUZAyB5cRs=,hbjhKQytd0RH4TXiE3phXDKc8wI=
37,-57,u14LdixXuhCejdA2sjUZAyB5cRs=,hbjhKQytd0RH4TXiE3phXDKc8wI=
39,-61,u14LdixXuhCejdA2sjUZAyB5cRs=,hbjhKQytd0RH4TXiE3phXDKc8wI=
38,-61,u14LdixXuhCejdA2sjUZAyB5cRs=,hbjhKQytd0RH4TXiE3phXDKc8wI=
34,-60,u14LdixXuhCejdA2sjUZAyB5cRs=,hbjhKQytd0RH4TXiE3phXDKc8wI=
33,-60,u14LdixXuhCejdA2sjUZAyB5cRs=,hbjhKQytd0RH4TXiE3phXDKc8wI=
37,-52,u14LdixXuhCejdA2sjUZAyB5cRs=,Z8WjpAej/SexXiYUtxz7CHUd/j8=
33,-57,u14LdixXuhCejdA2sjUZAyB5cRs=,hbjhKQytd0RH4TXiE3phXDKc8wI=
37,-58,u14LdixXuhCejdA2sjUZAyB5cRs=,hbjhKQytd0RH4TXiE3phXDKc8wI=
32,-60,u14LdixXuhCejdA2sjUZAyB5cRs=,hbjhKQytd0RH4TXiE3phXDKc8wI=
34,-57,u14LdixXuhCejdA2sjUZAyB5cRs=,hbjhKQytd0RH4TXiE3phXDKc8wI=
32,-57,u14LdixXuhCejdA2sjUZAyB5cRs=,hbjhKQytd0RH4TXiE3phXDKc8wI=
37,-61,u14LdixXuhCejdA2sjUZAyB5cRs=,hbjhKQytd0RH4TXiE3phXDKc8wI=
33,-58,u14LdixXuhCejdA2sjUZAyB5cRs=,hbjhKQytd0RH4TXiE3phXDKc8wI=
36,-61,u14LdixXuhCejdA2sjUZAyB5cRs=,hbjhKQytd0RH4TXiE3phXDKc8wI=
39,-62,u14LdixXuhCejdA2sjUZAyB5cRs=,hbjhKQytd0RH4TXiE3phXDKc8wI=
38,-62,u14LdixXuhCejdA2sjUZAyB5cRs=,hbjhKQytd0RH4TXiE3phXDKc8wI=
37,-54,u14LdixXuhCejdA2sjUZAyB5cRs=,Z8WjpAej/SexXiYUtxz7CHUd/j8=
35,-61,u14LdixXuhCejdA2sjUZAyB5cRs=,hbjhKQytd0RH4TXiE3phXDKc8wI=
40,-62,u14LdixXuhCejdA2sjUZAyB5cRs=,hbjhKQytd0RH4TXiE3phXDKc8wI=
33,-61,u14LdixXuhCejdA2sjUZAyB5cRs=,hbjhKQytd0RH4TXiE3phXDKc8wI=
34,-61,u14LdixXuhCejdA2sjUZAyB5cRs=,hbjhKQytd0RH4TXiE3phXDKc8wI=
34,-58,u14LdixXuhCejdA2sjUZAyB5cRs=,hbjhKQytd0RH4TXiE3phXDKc8wI=
35,-54,u14LdixXuhCejdA2sjUZAyB5cRs=,Z8WjpAej/SexXiYUtxz7CHUd/j8=
36,-62,u14LdixXuhCejdA2sjUZAyB5cRs=,hbjhKQytd0RH4TXiE3phXDKc8wI=
34,-62,u14LdixXuhCejdA2sjUZAyB5cRs=,hbjhKQytd0RH4TXiE3phXDKc8wI=
35,-58,u14LdixXuhCejdA2sjUZAyB5cRs=,hbjhKQytd0RH4TXiE3phXDKc8wI=
36,-58,u14LdixXuhCejdA2sjUZAyB5cRs=,hbjhKQytd0RH4TXiE3phXDKc8wI=
33,-54,u14LdixXuhCejdA2sjUZAyB5cRs=,Z8WjpAej/SexXiYUtxz7CHUd/j8=
39,-55,u14LdixXuhCejdA2sjUZAyB5cRs=,Z8WjpAej/SexXiYUtxz7CHUd/j8=
32,-54,u14LdixXuhCejdA2sjUZAyB5cRs=,Z8WjpAej/SexXiYUtxz7CHUd/j8=
33,-62,u14LdixXuhCejdA2sjUZAyB5cRs=,hbjhKQytd0RH4TXiE3phXDKc8wI=
36,-54,u14LdixXuhCejdA2sjUZAyB5cRs=,Z8WjpAej/SexXiYUtxz7CHUd/j8=
34,-54,u14LdixXuhCejdA2sjUZAyB5cRs=,Z8WjpAej/SexXiYUtxz7CHUd/j8=
32,-61,u14LdixXuhCejdA2sjUZAyB5cRs=,hbjhKQytd0RH4TXiE3phXDKc8wI=
38,-52,u14LdixXuhCejdA2sjUZAyB5cRs=,Z8WjpAej/SexXiYUtxz7CHUd/j8=
35,-49,u14LdixXuhCejdA2sjUZAyB5cRs=,Z8WjpAej/SexXiYUtxz7CHUd/j8=
38,-55,u14LdixXuhCejdA2sjUZAyB5cRs=,Z8WjpAej/SexXiYUtxz7CHUd/j8=
36,-55,u14LdixXuhCejdA2sjUZAyB5cRs=,Z8WjpAej/SexXiYUtxz7CHUd/j8=
34,-49,u14LdixXuhCejdA2sjUZAyB5cRs=,Z8WjpAej/SexXiYUtxz7CHUd/j8=
37,-62,u14LdixXuhCejdA2sjUZAyB5cRs=,hbjhKQytd0RH4TXiE3phXDKc8wI=
40,-49,u14LdixXuhCejdA2sjUZAyB5cRs=,BrTY9rY8sYqfBFQg2rm5SwYj2Ts=
34,-55,u14LdixXuhCejdA2sjUZAyB5cRs=,Z8WjpAej/SexXiYUtxz7CHUd/j8=
33,-55,u14LdixXuhCejdA2sjUZAyB5cRs=,Z8WjpAej/SexXiYUtxz7CHUd/j8=
40,-55,u14LdixXuhCejdA2sjUZAyB5cRs=,BrTY9rY8sYqfBFQg2rm5SwYj2Ts=
32,-55,u14LdixXuhCejdA2sjUZAyB5cRs=,Z8WjpAej/SexXiYUtxz7CHUd/j8=
38,-50,u14LdixXuhCejdA2sjUZAyB5cRs=,Z8WjpAej/SexXiYUtxz7CHUd/j8=
36,-49,u14LdixXuhCejdA2sjUZAyB5cRs=,Z8WjpAej/SexXiYUtxz7CHUd/j8=
39,-50,u14LdixXuhCejdA2sjUZAyB5cRs=,Z8WjpAej/SexXiYUtxz7CHUd/j8=
33,-49,u14LdixXuhCejdA2sjUZAyB5cRs=,Z8WjpAej/SexXiYUtxz7CHUd/j8=
39,-52,u14LdixXuhCejdA2sjUZAyB5cRs=,Z8WjpAej/SexXiYUtxz7CHUd/j8=
37,-50,u14LdixXuhCejdA2sjUZAyB5cRs=,Z8WjpAej/SexXiYUtxz7CHUd/j8=
35,-62,u14LdixXuhCejdA2sjUZAyB5cRs=,hbjhKQytd0RH4TXiE3phXDKc8wI=
35,-55,u14LdixXuhCejdA2sjUZAyB5cRs=,Z8WjpAej/SexXiYUtxz7CHUd/j8=
37,-55,u14LdixXuhCejdA2sjUZAyB5cRs=,Z8WjpAej/SexXiYUtxz7CHUd/j8=
35,-50,u14LdixXuhCejdA2sjUZAyB5cRs=,Z8WjpAej/SexXiYUtxz7CHUd/j8=
36,-50,u14LdixXuhCejdA2sjUZAyB5cRs=,Z8WjpAej/SexXiYUtxz7CHUd/j8=
33,-50,u14LdixXuhCejdA2sjUZAyB5cRs=,Z8WjpAej/SexXiYUtxz7CHUd/j8=
40,-53,u14LdixXuhCejdA2sjUZAyB5cRs=,BrTY9rY8sYqfBFQg2rm5SwYj2Ts=
32,-50,u14LdixXuhCejdA2sjUZAyB5cRs=,Z8WjpAej/SexXiYUtxz7CHUd/j8=
40,-54,u14LdixXuhCejdA2sjUZAyB5cRs=,BrTY9rY8sYqfBFQg2rm5SwYj2Ts=
32,-51,u14LdixXuhCejdA2sjUZAyB5cRs=,Z8WjpAej/SexXiYUtxz7CHUd/j8=
39,-51,u14LdixXuhCejdA2sjUZAyB5cRs=,Z8WjpAej/SexXiYUtxz7CHUd/j8=
38,-51,u14LdixXuhCejdA2sjUZAyB5cRs=,Z8WjpAej/SexXiYUtxz7CHUd/j8=
36,-51,u14LdixXuhCejdA2sjUZAyB5cRs=,Z8WjpAej/SexXiYUtxz7CHUd/j8=
35,-51,u14LdixXuhCejdA2sjUZAyB5cRs=,Z8WjpAej/SexXiYUtxz7CHUd/j8=
34,-50,u14LdixXuhCejdA2sjUZAyB5cRs=,Z8WjpAej/SexXiYUtxz7CHUd/j8=
34,-51,u14LdixXuhCejdA2sjUZAyB5cRs=,Z8WjpAej/SexXiYUtxz7CHUd/j8=
33,-51,u14LdixXuhCejdA2sjUZAyB5cRs=,Z8WjpAej/SexXiYUtxz7CHUd/j8=
37,-51,u14LdixXuhCejdA2sjUZAyB5cRs=,Z8WjpAej/SexXiYUtxz7CHUd/j8=
36,-37,iIc/hjRZMiwbpwP7xCNfk/U7Q7A=,UcmMmK1zjp/MQRVRAp2jmj7TFoM=
37,-37,iIc/hjRZMiwbpwP7xCNfk/U7Q7A=,UcmMmK1zjp/MQRVRAp2jmj7TFoM=
41,-47,iIc/hjRZMiwbpwP7xCNfk/U7Q7A=,mNJhAJm/G0dyomrVhHCmqrh013M=
38,-37,iIc/hjRZMiwbpwP7xCNfk/U7Q7A=,UcmMmK1zjp/MQRVRAp2jmj7TFoM=
33,-36,iIc/hjRZMiwbpwP7xCNfk/U7Q7A=,UcmMmK1zjp/MQRVRAp2jmj7TFoM=
34,-36,iIc/hjRZMiwbpwP7xCNfk/U7Q7A=,UcmMmK1zjp/MQRVRAp2jmj7TFoM=
35,-36,iIc/hjRZMiwbpwP7xCNfk/U7Q7A=,UcmMmK1zjp/MQRVRAp2jmj7TFoM=
36,-36,iIc/hjRZMiwbpwP7xCNfk/U7Q7A=,UcmMmK1zjp/MQRVRAp2jmj7TFoM=
37,-36,iIc/hjRZMiwbpwP7xCNfk/U7Q7A=,UcmMmK1zjp/MQRVRAp2jmj7TFoM=
38,-36,iIc/hjRZMiwbpwP7xCNfk/U7Q7A=,UcmMmK1zjp/MQRVRAp2jmj7TFoM=
33,-35,iIc/hjRZMiwbpwP7xCNfk/U7Q7A=,UcmMmK1zjp/MQRVRAp2jmj7TFoM=
34,-35,iIc/hjRZMiwbpwP7xCNfk/U7Q7A=,UcmMmK1zjp/MQRVRAp2jmj7TFoM=
42,-47,iIc/hjRZMiwbpwP7xCNfk/U7Q7A=,mNJhAJm/G0dyomrVhHCmqrh013M=
35,-35,iIc/hjRZMiwbpwP7xCNfk/U7Q7A=,UcmMmK1zjp/MQRVRAp2jmj7TFoM=
43,-47,iIc/hjRZMiwbpwP7xCNfk/U7Q7A=,mNJhAJm/G0dyomrVhHCmqrh013M=
44,-47,iIc/hjRZMiwbpwP7xCNfk/U7Q7A=,mNJhAJm/G0dyomrVhHCmqrh013M=
45,-47,iIc/hjRZMiwbpwP7xCNfk/U7Q7A=,mNJhAJm/G0dyomrVhHCmqrh013M=
46,-47,iIc/hjRZMiwbpwP7xCNfk/U7Q7A=,mNJhAJm/G0dyomrVhHCmqrh013M=
41,-46,iIc/hjRZMiwbpwP7xCNfk/U7Q7A=,mNJhAJm/G0dyomrVhHCmqrh013M=
42,-46,iIc/hjRZMiwbpwP7xCNfk/U7Q7A=,mNJhAJm/G0dyomrVhHCmqrh013M=
43,-46,iIc/hjRZMiwbpwP7xCNfk/U7Q7A=,mNJhAJm/G0dyomrVhHCmqrh013M=
44,-46,iIc/hjRZMiwbpwP7xCNfk/U7Q7A=,mNJhAJm/G0dyomrVhHCmqrh013M=
45,-46,iIc/hjRZMiwbpwP7xCNfk/U7Q7A=,mNJhAJm/G0dyomrVhHCmqrh013M=
46,-46,iIc/hjRZMiwbpwP7xCNfk/U7Q7A=,mNJhAJm/G0dyomrVhHCmqrh013M=
41,-45,iIc/hjRZMiwbpwP7xCNfk/U7Q7A=,mNJhAJm/G0dyomrVhHCmqrh013M=
42,-45,iIc/hjRZMiwbpwP7xCNfk/U7Q7A=,mNJhAJm/G0dyomrVhHCmqrh013M=
43,-45,iIc/hjRZMiwbpwP7xCNfk/U7Q7A=,mNJhAJm/G0dyomrVhHCmqrh013M=
44,-45,iIc/hjRZMiwbpwP7xCNfk/U7Q7A=,mNJhAJm/G0dyomrVhHCmqrh013M=
45,-45,iIc/hjRZMiwbpwP7xCNfk/U7Q7A=,mNJhAJm/G0dyomrVhHCmqrh013M=
46,-45,iIc/hjRZMiwbpwP7xCNfk/U7Q7A=,mNJhAJm/G0dyomrVhHCmqrh013M=
41,-44,iIc/hjRZMiwbpwP7xCNfk/U7Q7A=,mNJhAJm/G0dyomrVhHCmqrh013M=
42,-44,iIc/hjRZMiwbpwP7xCNfk/U7Q7A=,mNJhAJm/G0dyomrVhHCmqrh013M=
43,-44,iIc/hjRZMiwbpwP7xCNfk/U7Q7A=,mNJhAJm/G0dyomrVhHCmqrh013M=
44,-44,iIc/hjRZMiwbpwP7xCNfk/U7Q7A=,mNJhAJm/G0dyomrVhHCmqrh013M=
45,-44,iIc/hjRZMiwbpwP7xCNfk/U7Q7A=,mNJhAJm/G0dyomrVhHCmqrh013M=
46,-44,iIc/hjRZMiwbpwP7xCNfk/U7Q7A=,mNJhAJm/G0dyomrVhHCmqrh013M=
41,-43,iIc/hjRZMiwbpwP7xCNfk/U7Q7A=,mNJhAJm/G0dyomrVhHCmqrh013M=
42,-43,iIc/hjRZMiwbpwP7xCNfk/U7Q7A=,mNJhAJm/G0dyomrVhHCmqrh013M=
43,-43,iIc/hjRZMiwbpwP7xCNfk/U7Q7A=,mNJhAJm/G0dyomrVhHCmqrh013M=
44,-43,iIc/hjRZMiwbpwP7xCNfk/U7Q7A=,mNJhAJm/G0dyomrVhHCmqrh013M=
45,-43,iIc/hjRZMiwbpwP7xCNfk/U7Q7A=,mNJhAJm/G0dyomrVhHCmqrh013M=
46,-43,iIc/hjRZMiwbpwP7xCNfk/U7Q7A=,mNJhAJm/G0dyomrVhHCmqrh013M=
41,-42,iIc/hjRZMiwbpwP7xCNfk/U7Q7A=,mNJhAJm/G0dyomrVhHCmqrh013M=
42,-42,iIc/hjRZMiwbpwP7xCNfk/U7Q7A=,mNJhAJm/G0dyomrVhHCmqrh013M=
43,-42,iIc/hjRZMiwbpwP7xCNfk/U7Q7A=,mNJhAJm/G0dyomrVhHCmqrh013M=
44,-42,iIc/hjRZMiwbpwP7xCNfk/U7Q7A=,mNJhAJm/G0dyomrVhHCmqrh013M=
45,-42,iIc/hjRZMiwbpwP7xCNfk/U7Q7A=,mNJhAJm/G0dyomrVhHCmqrh013M=
46,-42,iIc/hjRZMiwbpwP7xCNfk/U7Q7A=,mNJhAJm/G0dyomrVhHCmqrh013M=
36,-43,iIc/hjRZMiwbpwP7xCNfk/U7Q7A=,hbjhKQytd0RH4TXiE3phXDKc8wI=
37,-43,iIc/hjRZMiwbpwP7xCNfk/U7Q7A=,hbjhKQytd0RH4TXiE3phXDKc8wI=
38,-43,iIc/hjRZMiwbpwP7xCNfk/U7Q7A=,hbjhKQytd0RH4TXiE3phXDKc8wI=
39,-43,iIc/hjRZMiwbpwP7xCNfk/U7Q7A=,hbjhKQytd0RH4TXiE3phXDKc8wI=
33,-42,iIc/hjRZMiwbpwP7xCNfk/U7Q7A=,hbjhKQytd0RH4TXiE3phXDKc8wI=
34,-42,iIc/hjRZMiwbpwP7xCNfk/U7Q7A=,hbjhKQytd0RH4TXiE3phXDKc8wI=
35,-42,iIc/hjRZMiwbpwP7xCNfk/U7Q7A=,hbjhKQytd0RH4TXiE3phXDKc8wI=
36,-42,iIc/hjRZMiwbpwP7xCNfk/U7Q7A=,hbjhKQytd0RH4TXiE3phXDKc8wI=
37,-42,iIc/hjRZMiwbpwP7xCNfk/U7Q7A=,hbjhKQytd0RH4TXiE3phXDKc8wI=
38,-42,iIc/hjRZMiwbpwP7xCNfk/U7Q7A=,hbjhKQytd0RH4TXiE3phXDKc8wI=
39,-42,iIc/hjRZMiwbpwP7xCNfk/U7Q7A=,hbjhKQytd0RH4TXiE3phXDKc8wI=
33,-41,iIc/hjRZMiwbpwP7xCNfk/U7Q7A=,hbjhKQytd0RH4TXiE3phXDKc8wI=
34,-41,iIc/hjRZMiwbpwP7xCNfk/U7Q7A=,hbjhKQytd0RH4TXiE3phXDKc8wI=
35,-41,iIc/hjRZMiwbpwP7xCNfk/U7Q7A=,hbjhKQytd0RH4TXiE3phXDKc8wI=
36,-41,iIc/hjRZMiwbpwP7xCNfk/U7Q7A=,hbjhKQytd0RH4TXiE3phXDKc8wI=
37,-41,iIc/hjRZMiwbpwP7xCNfk/U7Q7A=,hbjhKQytd0RH4TXiE3phXDKc8wI=
38,-41,iIc/hjRZMiwbpwP7xCNfk/U7Q7A=,hbjhKQytd0RH4TXiE3phXDKc8wI=
40,-47,iIc/hjRZMiwbpwP7xCNfk/U7Q7A=,mNJhAJm/G0dyomrVhHCmqrh013M=
33,-47,iIc/hjRZMiwbpwP7xCNfk/U7Q7A=,hbjhKQytd0RH4TXiE3phXDKc8wI=
33,-40,iIc/hjRZMiwbpwP7xCNfk/U7Q7A=,UcmMmK1zjp/MQRVRAp2jmj7TFoM=
34,-47,iIc/hjRZMiwbpwP7xCNfk/U7Q7A=,hbjhKQytd0RH4TXiE3phXDKc8wI=
34,-40,iIc/hjRZMiwbpwP7xCNfk/U7Q7A=,UcmMmK1zjp/MQRVRAp2jmj7TFoM=
33,-33,iIc/hjRZMiwbpwP7xCNfk/U7Q7A=,UcmMmK1zjp/MQRVRAp2jmj7TFoM=
38,-33,iIc/hjRZMiwbpwP7xCNfk/U7Q7A=,UcmMmK1zjp/MQRVRAp2jmj7TFoM=
35,-47,iIc/hjRZMiwbpwP7xCNfk/U7Q7A=,hbjhKQytd0RH4TXiE3phXDKc8wI=
37,-33,iIc/hjRZMiwbpwP7xCNfk/U7Q7A=,UcmMmK1zjp/MQRVRAp2jmj7TFoM=
36,-33,iIc/hjRZMiwbpwP7xCNfk/U7Q7A=,UcmMmK1zjp/MQRVRAp2jmj7TFoM=
35,-33,iIc/hjRZMiwbpwP7xCNfk/U7Q7A=,UcmMmK1zjp/MQRVRAp2jmj7TFoM=
34,-33,iIc/hjRZMiwbpwP7xCNfk/U7Q7A=,UcmMmK1zjp/MQRVRAp2jmj7TFoM=
35,-43,iIc/hjRZMiwbpwP7xCNfk/U7Q7A=,hbjhKQytd0RH4TXiE3phXDKc8wI=
36,-47,iIc/hjRZMiwbpwP7xCNfk/U7Q7A=,hbjhKQytd0RH4TXiE3phXDKc8wI=
35,-37,iIc/hjRZMiwbpwP7xCNfk/U7Q7A=,UcmMmK1zjp/MQRVRAp2jmj7TFoM=
40,-42,iIc/hjRZMiwbpwP7xCNfk/U7Q7A=,mNJhAJm/G0dyomrVhHCmqrh013M=
39,-44,iIc/hjRZMiwbpwP7xCNfk/U7Q7A=,hbjhKQytd0RH4TXiE3phXDKc8wI=
34,-43,iIc/hjRZMiwbpwP7xCNfk/U7Q7A=,hbjhKQytd0RH4TXiE3phXDKc8wI=
38,-44,iIc/hjRZMiwbpwP7xCNfk/U7Q7A=,hbjhKQytd0RH4TXiE3phXDKc8wI=
34,-37,iIc/hjRZMiwbpwP7xCNfk/U7Q7A=,UcmMmK1zjp/MQRVRAp2jmj7TFoM=
36,-44,iIc/hjRZMiwbpwP7xCNfk/U7Q7A=,hbjhKQytd0RH4TXiE3phXDKc8wI=
35,-44,iIc/hjRZMiwbpwP7xCNfk/U7Q7A=,hbjhKQytd0RH4TXiE3phXDKc8wI=
37,-44,iIc/hjRZMiwbpwP7xCNfk/U7Q7A=,hbjhKQytd0RH4TXiE3phXDKc8wI=
33,-44,iIc/hjRZMiwbpwP7xCNfk/U7Q7A=,hbjhKQytd0RH4TXiE3phXDKc8wI=
33,-43,iIc/hjRZMiwbpwP7xCNfk/U7Q7A=,hbjhKQytd0RH4TXiE3phXDKc8wI=
39,-45,iIc/hjRZMiwbpwP7xCNfk/U7Q7A=,hbjhKQytd0RH4TXiE3phXDKc8wI=
34,-44,iIc/hjRZMiwbpwP7xCNfk/U7Q7A=,hbjhKQytd0RH4TXiE3phXDKc8wI=
36,-45,iIc/hjRZMiwbpwP7xCNfk/U7Q7A=,hbjhKQytd0RH4TXiE3phXDKc8wI=
40,-43,iIc/hjRZMiwbpwP7xCNfk/U7Q7A=,mNJhAJm/G0dyomrVhHCmqrh013M=
38,-45,iIc/hjRZMiwbpwP7xCNfk/U7Q7A=,hbjhKQytd0RH4TXiE3phXDKc8wI=
33,-37,iIc/hjRZMiwbpwP7xCNfk/U7Q7A=,UcmMmK1zjp/MQRVRAp2jmj7TFoM=
35,-45,iIc/hjRZMiwbpwP7xCNfk/U7Q7A=,hbjhKQytd0RH4TXiE3phXDKc8wI=
33,-45,iIc/hjRZMiwbpwP7xCNfk/U7Q7A=,hbjhKQytd0RH4TXiE3phXDKc8wI=
40,-44,iIc/hjRZMiwbpwP7xCNfk/U7Q7A=,mNJhAJm/G0dyomrVhHCmqrh013M=
37,-45,iIc/hjRZMiwbpwP7xCNfk/U7Q7A=,hbjhKQytd0RH4TXiE3phXDKc8wI=
38,-38,iIc/hjRZMiwbpwP7xCNfk/U7Q7A=,UcmMmK1zjp/MQRVRAp2jmj7TFoM=
37,-38,iIc/hjRZMiwbpwP7xCNfk/U7Q7A=,UcmMmK1zjp/MQRVRAp2jmj7TFoM=
34,-45,iIc/hjRZMiwbpwP7xCNfk/U7Q7A=,hbjhKQytd0RH4TXiE3phXDKc8wI=
37,-40,iIc/hjRZMiwbpwP7xCNfk/U7Q7A=,UcmMmK1zjp/MQRVRAp2jmj7TFoM=
38,-40,iIc/hjRZMiwbpwP7xCNfk/U7Q7A=,UcmMmK1zjp/MQRVRAp2jmj7TFoM=
40,-45,iIc/hjRZMiwbpwP7xCNfk/U7Q7A=,mNJhAJm/G0dyomrVhHCmqrh013M=
36,-46,iIc/hjRZMiwbpwP7xCNfk/U7Q7A=,hbjhKQytd0RH4TXiE3phXDKc8wI=
38,-46,iIc/hjRZMiwbpwP7xCNfk/U7Q7A=,hbjhKQytd0RH4TXiE3phXDKc8wI=
39,-46,iIc/hjRZMiwbpwP7xCNfk/U7Q7A=,hbjhKQytd0RH4TXiE3phXDKc8wI=
37,-47,iIc/hjRZMiwbpwP7xCNfk/U7Q7A=,hbjhKQytd0RH4TXiE3phXDKc8wI=
46,-35,iIc/hjRZMiwbpwP7xCNfk/U7Q7A=,s48lPRylTigmGmhhmeOGr0wqplE=
37,-46,iIc/hjRZMiwbpwP7xCNfk/U7Q7A=,hbjhKQytd0RH4TXiE3phXDKc8wI=
34,-46,iIc/hjRZMiwbpwP7xCNfk/U7Q7A=,hbjhKQytd0RH4TXiE3phXDKc8wI=
44,-34,iIc/hjRZMiwbpwP7xCNfk/U7Q7A=,s48lPRylTigmGmhhmeOGr0wqplE=
45,-34,iIc/hjRZMiwbpwP7xCNfk/U7Q7A=,s48lPRylTigmGmhhmeOGr0wqplE=
35,-38,iIc/hjRZMiwbpwP7xCNfk/U7Q7A=,UcmMmK1zjp/MQRVRAp2jmj7TFoM=
40,-46,iIc/hjRZMiwbpwP7xCNfk/U7Q7A=,mNJhAJm/G0dyomrVhHCmqrh013M=
40,-34,iIc/hjRZMiwbpwP7xCNfk/U7Q7A=,s48lPRylTigmGmhhmeOGr0wqplE=
43,-34,iIc/hjRZMiwbpwP7xCNfk/U7Q7A=,s48lPRylTigmGmhhmeOGr0wqplE=
36,-40,iIc/hjRZMiwbpwP7xCNfk/U7Q7A=,UcmMmK1zjp/MQRVRAp2jmj7TFoM=
33,-46,iIc/hjRZMiwbpwP7xCNfk/U7Q7A=,hbjhKQytd0RH4TXiE3phXDKc8wI=
36,-34,iIc/hjRZMiwbpwP7xCNfk/U7Q7A=,UcmMmK1zjp/MQRVRAp2jmj7TFoM=
35,-40,iIc/hjRZMiwbpwP7xCNfk/U7Q7A=,UcmMmK1zjp/MQRVRAp2jmj7TFoM=
38,-34,iIc/hjRZMiwbpwP7xCNfk/U7Q7A=,UcmMmK1zjp/MQRVRAp2jmj7TFoM=
39,-47,iIc/hjRZMiwbpwP7xCNfk/U7Q7A=,hbjhKQytd0RH4TXiE3phXDKc8wI=
37,-34,iIc/hjRZMiwbpwP7xCNfk/U7Q7A=,UcmMmK1zjp/MQRVRAp2jmj7TFoM=
35,-46,iIc/hjRZMiwbpwP7xCNfk/U7Q7A=,hbjhKQytd0RH4TXiE3phXDKc8wI=
38,-47,iIc/hjRZMiwbpwP7xCNfk/U7Q7A=,hbjhKQytd0RH4TXiE3phXDKc8wI=
43,-41,iIc/hjRZMiwbpwP7xCNfk/U7Q7A=,mNJhAJm/G0dyomrVhHCmqrh013M=
45,-35,iIc/hjRZMiwbpwP7xCNfk/U7Q7A=,s48lPRylTigmGmhhmeOGr0wqplE=
39,-38,iIc/hjRZMiwbpwP7xCNfk/U7Q7A=,UcmMmK1zjp/MQRVRAp2jmj7TFoM=
36,-38,iIc/hjRZMiwbpwP7xCNfk/U7Q7A=,UcmMmK1zjp/MQRVRAp2jmj7TFoM=
35,-34,iIc/hjRZMiwbpwP7xCNfk/U7Q7A=,UcmMmK1zjp/MQRVRAp2jmj7TFoM=
40,-40,iIc/hjRZMiwbpwP7xCNfk/U7Q7A=,s48lPRylTigmGmhhmeOGr0wqplE=
34,-34,iIc/hjRZMiwbpwP7xCNfk/U7Q7A=,UcmMmK1zjp/MQRVRAp2jmj7TFoM=
33,-38,iIc/hjRZMiwbpwP7xCNfk/U7Q7A=,UcmMmK1zjp/MQRVRAp2jmj7TFoM=
34,-38,iIc/hjRZMiwbpwP7xCNfk/U7Q7A=,UcmMmK1zjp/MQRVRAp2jmj7TFoM=
44,-41,iIc/hjRZMiwbpwP7xCNfk/U7Q7A=,mNJhAJm/G0dyomrVhHCmqrh013M=
42,-41,iIc/hjRZMiwbpwP7xCNfk/U7Q7A=,mNJhAJm/G0dyomrVhHCmqrh013M=
33,-34,iIc/hjRZMiwbpwP7xCNfk/U7Q7A=,UcmMmK1zjp/MQRVRAp2jmj7TFoM=
37,-39,iIc/hjRZMiwbpwP7xCNfk/U7Q7A=,UcmMmK1zjp/MQRVRAp2jmj7TFoM=
44,-35,iIc/hjRZMiwbpwP7xCNfk/U7Q7A=,s48lPRylTigmGmhhmeOGr0wqplE=
45,-41,iIc/hjRZMiwbpwP7xCNfk/U7Q7A=,mNJhAJm/G0dyomrVhHCmqrh013M=
38,-39,iIc/hjRZMiwbpwP7xCNfk/U7Q7A=,UcmMmK1zjp/MQRVRAp2jmj7TFoM=
35,-39,iIc/hjRZMiwbpwP7xCNfk/U7Q7A=,UcmMmK1zjp/MQRVRAp2jmj7TFoM=
34,-39,iIc/hjRZMiwbpwP7xCNfk/U7Q7A=,UcmMmK1zjp/MQRVRAp2jmj7TFoM=
36,-39,iIc/hjRZMiwbpwP7xCNfk/U7Q7A=,UcmMmK1zjp/MQRVRAp2jmj7TFoM=
40,-41,iIc/hjRZMiwbpwP7xCNfk/U7Q7A=,mNJhAJm/G0dyomrVhHCmqrh013M=
43,-39,iIc/hjRZMiwbpwP7xCNfk/U7Q7A=,s48lPRylTigmGmhhmeOGr0wqplE=
42,-34,iIc/hjRZMiwbpwP7xCNfk/U7Q7A=,s48lPRylTigmGmhhmeOGr0wqplE=
38,-35,iIc/hjRZMiwbpwP7xCNfk/U7Q7A=,UcmMmK1zjp/MQRVRAp2jmj7TFoM=
41,-34,iIc/hjRZMiwbpwP7xCNfk/U7Q7A=,s48lPRylTigmGmhhmeOGr0wqplE=
46,-41,iIc/hjRZMiwbpwP7xCNfk/U7Q7A=,mNJhAJm/G0dyomrVhHCmqrh013M=
33,-39,iIc/hjRZMiwbpwP7xCNfk/U7Q7A=,UcmMmK1zjp/MQRVRAp2jmj7TFoM=
41,-41,iIc/hjRZMiwbpwP7xCNfk/U7Q7A=,mNJhAJm/G0dyomrVhHCmqrh013M=
37,-35,iIc/hjRZMiwbpwP7xCNfk/U7Q7A=,UcmMmK1zjp/MQRVRAp2jmj7TFoM=
46,-37,iIc/hjRZMiwbpwP7xCNfk/U7Q7A=,s48lPRylTigmGmhhmeOGr0wqplE=
36,-35,iIc/hjRZMiwbpwP7xCNfk/U7Q7A=,UcmMmK1zjp/MQRVRAp2jmj7TFoM=
43,-35,iIc/hjRZMiwbpwP7xCNfk/U7Q7A=,s48lPRylTigmGmhhmeOGr0wqplE=
44,-39,iIc/hjRZMiwbpwP7xCNfk/U7Q7A=,s48lPRylTigmGmhhmeOGr0wqplE=
41,-39,iIc/hjRZMiwbpwP7xCNfk/U7Q7A=,s48lPRylTigmGmhhmeOGr0wqplE=
46,-36,iIc/hjRZMiwbpwP7xCNfk/U7Q7A=,s48lPRylTigmGmhhmeOGr0wqplE=
39,-39,iIc/hjRZMiwbpwP7xCNfk/U7Q7A=,UcmMmK1zjp/MQRVRAp2jmj7TFoM=
40,-35,iIc/hjRZMiwbpwP7xCNfk/U7Q7A=,s48lPRylTigmGmhhmeOGr0wqplE=
39,-37,iIc/hjRZMiwbpwP7xCNfk/U7Q7A=,UcmMmK1zjp/MQRVRAp2jmj7TFoM=
47,-47,iIc/hjRZMiwbpwP7xCNfk/U7Q7A=,mNJhAJm/G0dyomrVhHCmqrh013M=
42,-40,iIc/hjRZMiwbpwP7xCNfk/U7Q7A=,s48lPRylTigmGmhhmeOGr0wqplE=
47,-46,iIc/hjRZMiwbpwP7xCNfk/U7Q7A=,mNJhAJm/G0dyomrVhHCmqrh013M=
42,-37,iIc/hjRZMiwbpwP7xCNfk/U7Q7A=,s48lPRylTigmGmhhmeOGr0wqplE=
44,-33,iIc/hjRZMiwbpwP7xCNfk/U7Q7A=,s48lPRylTigmGmhhmeOGr0wqplE=
47,-42,iIc/hjRZMiwbpwP7xCNfk/U7Q7A=,mNJhAJm/G0dyomrVhHCmqrh013M=
47,-43,iIc/hjRZMiwbpwP7xCNfk/U7Q7A=,mNJhAJm/G0dyomrVhHCmqrh013M=
47,-45,iIc/hjRZMiwbpwP7xCNfk/U7Q7A=,mNJhAJm/G0dyomrVhHCmqrh013M=
39,-33,iIc/hjRZMiwbpwP7xCNfk/U7Q7A=,UcmMmK1zjp/MQRVRAp2jmj7TFoM=
46,-34,iIc/hjRZMiwbpwP7xCNfk/U7Q7A=,s48lPRylTigmGmhhmeOGr0wqplE=
43,-33,iIc/hjRZMiwbpwP7xCNfk/U7Q7A=,s48lPRylTigmGmhhmeOGr0wqplE=
40,-39,iIc/hjRZMiwbpwP7xCNfk/U7Q7A=,s48lPRylTigmGmhhmeOGr0wqplE=
47,-44,iIc/hjRZMiwbpwP7xCNfk/U7Q7A=,mNJhAJm/G0dyomrVhHCmqrh013M=
41,-33,iIc/hjRZMiwbpwP7xCNfk/U7Q7A=,s48lPRylTigmGmhhmeOGr0wqplE=
40,-33,iIc/hjRZMiwbpwP7xCNfk/U7Q7A=,s48lPRylTigmGmhhmeOGr0wqplE=
45,-33,iIc/hjRZMiwbpwP7xCNfk/U7Q7A=,s48lPRylTigmGmhhmeOGr0wqplE=
46,-33,iIc/hjRZMiwbpwP7xCNfk/U7Q7A=,s48lPRylTigmGmhhmeOGr0wqplE=
39,-35,iIc/hjRZMiwbpwP7xCNfk/U7Q7A=,UcmMmK1zjp/MQRVRAp2jmj7TFoM=
47,-35,iIc/hjRZMiwbpwP7xCNfk/U7Q7A=,s48lPRylTigmGmhhmeOGr0wqplE=
45,-39,iIc/hjRZMiwbpwP7xCNfk/U7Q7A=,s48lPRylTigmGmhhmeOGr0wqplE=
47,-36,iIc/hjRZMiwbpwP7xCNfk/U7Q7A=,s48lPRylTigmGmhhmeOGr0wqplE=
45,-36,iIc/hjRZMiwbpwP7xCNfk/U7Q7A=,s48lPRylTigmGmhhmeOGr0wqplE=
44,-36,iIc/hjRZMiwbpwP7xCNfk/U7Q7A=,s48lPRylTigmGmhhmeOGr0wqplE=
47,-39,iIc/hjRZMiwbpwP7xCNfk/U7Q7A=,s48lPRylTigmGmhhmeOGr0wqplE=
42,-35,iIc/hjRZMiwbpwP7xCNfk/U7Q7A=,s48lPRylTigmGmhhmeOGr0wqplE=
46,-40,iIc/hjRZMiwbpwP7xCNfk/U7Q7A=,s48lPRylTigmGmhhmeOGr0wqplE=
42,-39,iIc/hjRZMiwbpwP7xCNfk/U7Q7A=,s48lPRylTigmGmhhmeOGr0wqplE=
44,-37,iIc/hjRZMiwbpwP7xCNfk/U7Q7A=,s48lPRylTigmGmhhmeOGr0wqplE=
43,-37,iIc/hjRZMiwbpwP7xCNfk/U7Q7A=,s48lPRylTigmGmhhmeOGr0wqplE=
47,-34,iIc/hjRZMiwbpwP7xCNfk/U7Q7A=,s48lPRylTigmGmhhmeOGr0wqplE=
47,-37,iIc/hjRZMiwbpwP7xCNfk/U7Q7A=,s48lPRylTigmGmhhmeOGr0wqplE=
38,-48,iIc/hjRZMiwbpwP7xCNfk/U7Q7A=,hbjhKQytd0RH4TXiE3phXDKc8wI=
37,-48,iIc/hjRZMiwbpwP7xCNfk/U7Q7A=,hbjhKQytd0RH4TXiE3phXDKc8wI=
33,-48,iIc/hjRZMiwbpwP7xCNfk/U7Q7A=,hbjhKQytd0RH4TXiE3phXDKc8wI=
36,-48,iIc/hjRZMiwbpwP7xCNfk/U7Q7A=,hbjhKQytd0RH4TXiE3phXDKc8wI=
35,-48,iIc/hjRZMiwbpwP7xCNfk/U7Q7A=,hbjhKQytd0RH4TXiE3phXDKc8wI=
45,-37,iIc/hjRZMiwbpwP7xCNfk/U7Q7A=,s48lPRylTigmGmhhmeOGr0wqplE=
47,-38,iIc/hjRZMiwbpwP7xCNfk/U7Q7A=,s48lPRylTigmGmhhmeOGr0wqplE=
47,-40,iIc/hjRZMiwbpwP7xCNfk/U7Q7A=,s48lPRylTigmGmhhmeOGr0wqplE=
43,-36,iIc/hjRZMiwbpwP7xCNfk/U7Q7A=,s48lPRylTigmGmhhmeOGr0wqplE=
41,-35,iIc/hjRZMiwbpwP7xCNfk/U7Q7A=,s48lPRylTigmGmhhmeOGr0wqplE=
47,-41,iIc/hjRZMiwbpwP7xCNfk/U7Q7A=,mNJhAJm/G0dyomrVhHCmqrh013M=
34,-48,iIc/hjRZMiwbpwP7xCNfk/U7Q7A=,hbjhKQytd0RH4TXiE3phXDKc8wI=
42,-36,iIc/hjRZMiwbpwP7xCNfk/U7Q7A=,s48lPRylTigmGmhhmeOGr0wqplE=
45,-40,iIc/hjRZMiwbpwP7xCNfk/U7Q7A=,s48lPRylTigmGmhhmeOGr0wqplE=
39,-41,iIc/hjRZMiwbpwP7xCNfk/U7Q7A=,hbjhKQytd0RH4TXiE3phXDKc8wI=
43,-38,iIc/hjRZMiwbpwP7xCNfk/U7Q7A=,s48lPRylTigmGmhhmeOGr0wqplE=
41,-36,iIc/hjRZMiwbpwP7xCNfk/U7Q7A=,s48lPRylTigmGmhhmeOGr0wqplE=
40,-48,iIc/hjRZMiwbpwP7xCNfk/U7Q7A=,mNJhAJm/G0dyomrVhHCmqrh013M=
39,-36,iIc/hjRZMiwbpwP7xCNfk/U7Q7A=,UcmMmK1zjp/MQRVRAp2jmj7TFoM=
40,-37,iIc/hjRZMiwbpwP7xCNfk/U7Q7A=,s48lPRylTigmGmhhmeOGr0wqplE=
41,-37,iIc/hjRZMiwbpwP7xCNfk/U7Q7A=,s48lPRylTigmGmhhmeOGr0wqplE=
39,-40,iIc/hjRZMiwbpwP7xCNfk/U7Q7A=,UcmMmK1zjp/MQRVRAp2jmj7TFoM=
43,-40,iIc/hjRZMiwbpwP7xCNfk/U7Q7A=,s48lPRylTigmGmhhmeOGr0wqplE=
40,-36,iIc/hjRZMiwbpwP7xCNfk/U7Q7A=,s48lPRylTigmGmhhmeOGr0wqplE=
41,-48,iIc/hjRZMiwbpwP7xCNfk/U7Q7A=,mNJhAJm/G0dyomrVhHCmqrh013M=
44,-40,iIc/hjRZMiwbpwP7xCNfk/U7Q7A=,s48lPRylTigmGmhhmeOGr0wqplE=
42,-48,iIc/hjRZMiwbpwP7xCNfk/U7Q7A=,mNJhAJm/G0dyomrVhHCmqrh013M=
46,-38,iIc/hjRZMiwbpwP7xCNfk/U7Q7A=,s48lPRylTigmGmhhmeOGr0wqplE=
41,-38,iIc/hjRZMiwbpwP7xCNfk/U7Q7A=,s48lPRylTigmGmhhmeOGr0wqplE=
41,-40,iIc/hjRZMiwbpwP7xCNfk/U7Q7A=,s48lPRylTigmGmhhmeOGr0wqplE=
40,-38,iIc/hjRZMiwbpwP7xCNfk/U7Q7A=,s48lPRylTigmGmhhmeOGr0wqplE=
46,-39,iIc/hjRZMiwbpwP7xCNfk/U7Q7A=,s48lPRylTigmGmhhmeOGr0wqplE=
43,-48,iIc/hjRZMiwbpwP7xCNfk/U7Q7A=,mNJhAJm/G0dyomrVhHCmqrh013M=
44,-38,iIc/hjRZMiwbpwP7xCNfk/U7Q7A=,s48lPRylTigmGmhhmeOGr0wqplE=
45,-38,iIc/hjRZMiwbpwP7xCNfk/U7Q7A=,s48lPRylTigmGmhhmeOGr0wqplE=
39,-48,iIc/hjRZMiwbpwP7xCNfk/U7Q7A=,hbjhKQytd0RH4TXiE3phXDKc8wI=
32,-36,iIc/hjRZMiwbpwP7xCNfk/U7Q7A=,UcmMmK1zjp/MQRVRAp2jmj7TFoM=
45,-48,iIc/hjRZMiwbpwP7xCNfk/U7Q7A=,mNJhAJm/G0dyomrVhHCmqrh013M=
44,-48,iIc/hjRZMiwbpwP7xCNfk/U7Q7A=,mNJhAJm/G0dyomrVhHCmqrh013M=
32,-37,iIc/hjRZMiwbpwP7xCNfk/U7Q7A=,UcmMmK1zjp/MQRVRAp2jmj7TFoM=
32,-35,iIc/hjRZMiwbpwP7xCNfk/U7Q7A=,UcmMmK1zjp/MQRVRAp2jmj7TFoM=
47,-33,iIc/hjRZMiwbpwP7xCNfk/U7Q7A=,s48lPRylTigmGmhhmeOGr0wqplE=
47,-48,iIc/hjRZMiwbpwP7xCNfk/U7Q7A=,mNJhAJm/G0dyomrVhHCmqrh013M=
42,-38,iIc/hjRZMiwbpwP7xCNfk/U7Q7A=,s48lPRylTigmGmhhmeOGr0wqplE=
32,-38,iIc/hjRZMiwbpwP7xCNfk/U7Q7A=,UcmMmK1zjp/MQRVRAp2jmj7TFoM=
32,-34,iIc/hjRZMiwbpwP7xCNfk/U7Q7A=,UcmMmK1zjp/MQRVRAp2jmj7TFoM=
32,-33,iIc/hjRZMiwbpwP7xCNfk/U7Q7A=,UcmMmK1zjp/MQRVRAp2jmj7TFoM=
32,-39,iIc/hjRZMiwbpwP7xCNfk/U7Q7A=,UcmMmK1zjp/MQRVRAp2jmj7TFoM=
42,-33,iIc/hjRZMiwbpwP7xCNfk/U7Q7A=,s48lPRylTigmGmhhmeOGr0wqplE=
46,-48,iIc/hjRZMiwbpwP7xCNfk/U7Q7A=,mNJhAJm/G0dyomrVhHCmqrh013M=
32,-42,iIc/hjRZMiwbpwP7xCNfk/U7Q7A=,hbjhKQytd0RH4TXiE3phXDKc8wI=
32,-48,iIc/hjRZMiwbpwP7xCNfk/U7Q7A=,hbjhKQytd0RH4TXiE3phXDKc8wI=
32,-43,iIc/hjRZMiwbpwP7xCNfk/U7Q7A=,hbjhKQytd0RH4TXiE3phXDKc8wI=
32,-47,iIc/hjRZMiwbpwP7xCNfk/U7Q7A=,hbjhKQytd0RH4TXiE3phXDKc8wI=
32,-46,iIc/hjRZMiwbpwP7xCNfk/U7Q7A=,hbjhKQytd0RH4TXiE3phXDKc8wI=
32,-40,iIc/hjRZMiwbpwP7xCNfk/U7Q7A=,UcmMmK1zjp/MQRVRAp2jmj7TFoM=
32,-41,iIc/hjRZMiwbpwP7xCNfk/U7Q7A=,hbjhKQytd0RH4TXiE3phXDKc8wI=
32,-44,iIc/hjRZMiwbpwP7xCNfk/U7Q7A=,hbjhKQytd0RH4TXiE3phXDKc8wI=
32,-45,iIc/hjRZMiwbpwP7xCNfk/U7Q7A=,hbjhKQytd0RH4TXiE3phXDKc8wI=
39,-34,iIc/hjRZMiwbpwP7xCNfk/U7Q7A=,UcmMmK1zjp/MQRVRAp2jmj7TFoM=
