-22,17,R1mV9dvfOmj/QzDUS2wkqu1MpGI=,ABQgUzvbSXf0t0F4oUznmTlO/yQ=
-23,18,R1mV9dvfOmj/QzDUS2wkqu1MpGI=,ABQgUzvbSXf0t0F4oUznmTlO/yQ=
-22,18,R1mV9dvfOmj/QzDUS2wkqu1MpGI=,ABQgUzvbSXf0t0F4oUznmTlO/yQ=
-23,17,R1mV9dvfOmj/QzDUS2wkqu1MpGI=,ABQgUzvbSXf0t0F4oUznmTlO/yQ=
-23,20,R1mV9dvfOmj/QzDUS2wkqu1MpGI=,UPSGC8U4ZGvmTCeChjf2zh2xjtk=
-22,20,R1mV9dvfOmj/QzDUS2wkqu1MpGI=,UPSGC8U4ZGvmTCeChjf2zh2xjtk=
-23,21,R1mV9dvfOmj/QzDUS2wkqu1MpGI=,UPSGC8U4ZGvmTCeChjf2zh2xjtk=
-22,21,R1mV9dvfOmj/QzDUS2wkqu1MpGI=,UPSGC8U4ZGvmTCeChjf2zh2xjtk=
-23,22,R1mV9dvfOmj/QzDUS2wkqu1MpGI=,UPSGC8U4ZGvmTCeChjf2zh2xjtk=
-22,19,R1mV9dvfOmj/QzDUS2wkqu1MpGI=,ABQgUzvbSXf0t0F4oUznmTlO/yQ=
-23,19,R1mV9dvfOmj/QzDUS2wkqu1MpGI=,ABQgUzvbSXf0t0F4oUznmTlO/yQ=
-22,22,R1mV9dvfOmj/QzDUS2wkqu1MpGI=,UPSGC8U4ZGvmTCeChjf2zh2xjtk=
-22,24,BaCyxRCh4mcPE59YjzgbwyynotM=,36i+Q8L8c+4orKQsBSzaJLZ4HiA=
-22,26,BaCyxRCh4mcPE59YjzgbwyynotM=,36i+Q8L8c+4orKQsBSzaJLZ4HiA=
-23,23,BaCyxRCh4mcPE59YjzgbwyynotM=,UPSGC8U4ZGvmTCeChjf2zh2xjtk=
-22,23,BaCyxRCh4mcPE59YjzgbwyynotM=,UPSGC8U4ZGvmTCeChjf2zh2xjtk=
-23,25,BaCyxRCh4mcPE59YjzgbwyynotM=,36i+Q8L8c+4orKQsBSzaJLZ4HiA=
-22,25,BaCyxRCh4mcPE59YjzgbwyynotM=,36i+Q8L8c+4orKQsBSzaJLZ4HiA=
-23,24,BaCyxRCh4mcPE59YjzgbwyynotM=,36i+Q8L8c+4orKQsBSzaJLZ4HiA=
-23,26,BaCyxRCh4mcPE59YjzgbwyynotM=,36i+Q8L8c+4orKQsBSzaJLZ4HiA=
-21,17,BaCyxRCh4mcPE59YjzgbwyynotM=,ABQgUzvbSXf0t0F4oUznmTlO/yQ=
-21,18,BaCyxRCh4mcPE59YjzgbwyynotM=,ABQgUzvbSXf0t0F4oUznmTlO/yQ=
-21,20,BaCyxRCh4mcPE59YjzgbwyynotM=,UPSGC8U4ZGvmTCeChjf2zh2xjtk=
-21,21,BaCyxRCh4mcPE59YjzgbwyynotM=,UPSGC8U4ZGvmTCeChjf2zh2xjtk=
-22,29,BaCyxRCh4mcPE59YjzgbwyynotM=,FV2OOjKjX01y8BdlSbDkl8guZxw=
-23,30,BaCyxRCh4mcPE59YjzgbwyynotM=,FV2OOjKjX01y8BdlSbDkl8guZxw=
-23,29,BaCyxRCh4mcPE59YjzgbwyynotM=,FV2OOjKjX01y8BdlSbDkl8guZxw=
-22,30,BaCyxRCh4mcPE59YjzgbwyynotM=,FV2OOjKjX01y8BdlSbDkl8guZxw=
-23,27,BaCyxRCh4mcPE59YjzgbwyynotM=,36i+Q8L8c+4orKQsBSzaJLZ4HiA=
-23,28,BaCyxRCh4mcPE59YjzgbwyynotM=,FV2OOjKjX01y8BdlSbDkl8guZxw=
-22,28,XYkEF9+Zj1gqy1Gy5gH1Rc+WRCw=,FV2OOjKjX01y8BdlSbDkl8guZxw=
-19,18,XYkEF9+Zj1gqy1Gy5gH1Rc+WRCw=,ABQgUzvbSXf0t0F4oUznmTlO/yQ=
-21,19,XYkEF9+Zj1gqy1Gy5gH1Rc+WRCw=,ABQgUzvbSXf0t0F4oUznmTlO/yQ=
-22,27,XYkEF9+Zj1gqy1Gy5gH1Rc+WRCw=,36i+Q8L8c+4orKQsBSzaJLZ4HiA=
-21,23,XYkEF9+Zj1gqy1Gy5gH1Rc+WRCw=,UPSGC8U4ZGvmTCeChjf2zh2xjtk=
-21,22,XYkEF9+Zj1gqy1Gy5gH1Rc+WRCw=,UPSGC8U4ZGvmTCeChjf2zh2xjtk=
-21,24,XYkEF9+Zj1gqy1Gy5gH1Rc+WRCw=,36i+Q8L8c+4orKQsBSzaJLZ4HiA=
-19,25,XYkEF9+Zj1gqy1Gy5gH1Rc+WRCw=,36i+Q8L8c+4orKQsBSzaJLZ4HiA=
-20,18,XYkEF9+Zj1gqy1Gy5gH1Rc+WRCw=,ABQgUzvbSXf0t0F4oUznmTlO/yQ=
-20,20,XYkEF9+Zj1gqy1Gy5gH1Rc+WRCw=,UPSGC8U4ZGvmTCeChjf2zh2xjtk=
-20,19,XYkEF9+Zj1gqy1Gy5gH1Rc+WRCw=,ABQgUzvbSXf0t0F4oUznmTlO/yQ=
-20,21,XYkEF9+Zj1gqy1Gy5gH1Rc+WRCw=,UPSGC8U4ZGvmTCeChjf2zh2xjtk=
-19,23,XYkEF9+Zj1gqy1Gy5gH1Rc+WRCw=,UPSGC8U4ZGvmTCeChjf2zh2xjtk=
-20,25,XYkEF9+Zj1gqy1Gy5gH1Rc+WRCw=,36i+Q8L8c+4orKQsBSzaJLZ4HiA=
-20,23,XYkEF9+Zj1gqy1Gy5gH1Rc+WRCw=,UPSGC8U4ZGvmTCeChjf2zh2xjtk=
-19,24,XYkEF9+Zj1gqy1Gy5gH1Rc+WRCw=,36i+Q8L8c+4orKQsBSzaJLZ4HiA=
-19,19,XYkEF9+Zj1gqy1Gy5gH1Rc+WRCw=,ABQgUzvbSXf0t0F4oUznmTlO/yQ=
-21,25,XYkEF9+Zj1gqy1Gy5gH1Rc+WRCw=,36i+Q8L8c+4orKQsBSzaJLZ4HiA=
-20,22,XYkEF9+Zj1gqy1Gy5gH1Rc+WRCw=,UPSGC8U4ZGvmTCeChjf2zh2xjtk=
-19,22,XYkEF9+Zj1gqy1Gy5gH1Rc+WRCw=,UPSGC8U4ZGvmTCeChjf2zh2xjtk=
-20,24,XYkEF9+Zj1gqy1Gy5gH1Rc+WRCw=,36i+Q8L8c+4orKQsBSzaJLZ4HiA=
-19,20,XYkEF9+Zj1gqy1Gy5gH1Rc+WRCw=,UPSGC8U4ZGvmTCeChjf2zh2xjtk=
-19,21,XYkEF9+Zj1gqy1Gy5gH1Rc+WRCw=,UPSGC8U4ZGvmTCeChjf2zh2xjtk=
-21,27,XYkEF9+Zj1gqy1Gy5gH1Rc+WRCw=,36i+Q8L8c+4orKQsBSzaJLZ4HiA=
-22,31,XYkEF9+Zj1gqy1Gy5gH1Rc+WRCw=,FV2OOjKjX01y8BdlSbDkl8guZxw=
-17,23,XYkEF9+Zj1gqy1Gy5gH1Rc+WRCw=,UPSGC8U4ZGvmTCeChjf2zh2xjtk=
-19,27,XYkEF9+Zj1gqy1Gy5gH1Rc+WRCw=,36i+Q8L8c+4orKQsBSzaJLZ4HiA=
-23,31,XYkEF9+Zj1gqy1Gy5gH1Rc+WRCw=,FV2OOjKjX01y8BdlSbDkl8guZxw=
-24,30,XYkEF9+Zj1gqy1Gy5gH1Rc+WRCw=,FV2OOjKjX01y8BdlSbDkl8guZxw=
-24,29,XYkEF9+Zj1gqy1Gy5gH1Rc+WRCw=,FV2OOjKjX01y8BdlSbDkl8guZxw=
-18,27,XYkEF9+Zj1gqy1Gy5gH1Rc+WRCw=,36i+Q8L8c+4orKQsBSzaJLZ4HiA=
-20,27,XYkEF9+Zj1gqy1Gy5gH1Rc+WRCw=,36i+Q8L8c+4orKQsBSzaJLZ4HiA=
-17,26,XYkEF9+Zj1gqy1Gy5gH1Rc+WRCw=,36i+Q8L8c+4orKQsBSzaJLZ4HiA=
-18,26,XYkEF9+Zj1gqy1Gy5gH1Rc+WRCw=,36i+Q8L8c+4orKQsBSzaJLZ4HiA=
-20,26,XYkEF9+Zj1gqy1Gy5gH1Rc+WRCw=,36i+Q8L8c+4orKQsBSzaJLZ4HiA=
-19,26,XYkEF9+Zj1gqy1Gy5gH1Rc+WRCw=,36i+Q8L8c+4orKQsBSzaJLZ4HiA=
-21,26,XYkEF9+Zj1gqy1Gy5gH1Rc+WRCw=,36i+Q8L8c+4orKQsBSzaJLZ4HiA=
-21,28,XYkEF9+Zj1gqy1Gy5gH1Rc+WRCw=,FV2OOjKjX01y8BdlSbDkl8guZxw=
-17,27,XYkEF9+Zj1gqy1Gy5gH1Rc+WRCw=,36i+Q8L8c+4orKQsBSzaJLZ4HiA=
-19,16,XYkEF9+Zj1gqy1Gy5gH1Rc+WRCw=,ABQgUzvbSXf0t0F4oUznmTlO/yQ=
-18,16,XYkEF9+Zj1gqy1Gy5gH1Rc+WRCw=,ABQgUzvbSXf0t0F4oUznmTlO/yQ=
-22,16,XYkEF9+Zj1gqy1Gy5gH1Rc+WRCw=,ABQgUzvbSXf0t0F4oUznmTlO/yQ=
-21,16,XYkEF9+Zj1gqy1Gy5gH1Rc+WRCw=,ABQgUzvbSXf0t0F4oUznmTlO/yQ=
-23,16,XYkEF9+Zj1gqy1Gy5gH1Rc+WRCw=,ABQgUzvbSXf0t0F4oUznmTlO/yQ=
-20,16,XYkEF9+Zj1gqy1Gy5gH1Rc+WRCw=,ABQgUzvbSXf0t0F4oUznmTlO/yQ=
-17,22,XYkEF9+Zj1gqy1Gy5gH1Rc+WRCw=,UPSGC8U4ZGvmTCeChjf2zh2xjtk=
-19,17,XYkEF9+Zj1gqy1Gy5gH1Rc+WRCw=,ABQgUzvbSXf0t0F4oUznmTlO/yQ=
-17,24,XYkEF9+Zj1gqy1Gy5gH1Rc+WRCw=,36i+Q8L8c+4orKQsBSzaJLZ4HiA=
-18,24,XYkEF9+Zj1gqy1Gy5gH1Rc+WRCw=,36i+Q8L8c+4orKQsBSzaJLZ4HiA=
-18,25,kexYWt2Zv8FkYvtfA4NJuc7Wa7Q=,36i+Q8L8c+4orKQsBSzaJLZ4HiA=
-18,22,kexYWt2Zv8FkYvtfA4NJuc7Wa7Q=,UPSGC8U4ZGvmTCeChjf2zh2xjtk=
-17,28,kexYWt2Zv8FkYvtfA4NJuc7Wa7Q=,dnxP9oF5piSCylk57JZ4Rqw/ghY=
-20,17,kexYWt2Zv8FkYvtfA4NJuc7Wa7Q=,ABQgUzvbSXf0t0F4oUznmTlO/yQ=
-24,27,kexYWt2Zv8FkYvtfA4NJuc7Wa7Q=,36i+Q8L8c+4orKQsBSzaJLZ4HiA=
-24,28,kexYWt2Zv8FkYvtfA4NJuc7Wa7Q=,FV2OOjKjX01y8BdlSbDkl8guZxw=
-24,25,kexYWt2Zv8FkYvtfA4NJuc7Wa7Q=,36i+Q8L8c+4orKQsBSzaJLZ4HiA=
-24,26,kexYWt2Zv8FkYvtfA4NJuc7Wa7Q=,36i+Q8L8c+4orKQsBSzaJLZ4HiA=
-24,21,kexYWt2Zv8FkYvtfA4NJuc7Wa7Q=,UPSGC8U4ZGvmTCeChjf2zh2xjtk=
-24,24,kexYWt2Zv8FkYvtfA4NJuc7Wa7Q=,36i+Q8L8c+4orKQsBSzaJLZ4HiA=
-24,22,kexYWt2Zv8FkYvtfA4NJuc7Wa7Q=,UPSGC8U4ZGvmTCeChjf2zh2xjtk=
-24,23,kexYWt2Zv8FkYvtfA4NJuc7Wa7Q=,UPSGC8U4ZGvmTCeChjf2zh2xjtk=
-24,16,kexYWt2Zv8FkYvtfA4NJuc7Wa7Q=,ABQgUzvbSXf0t0F4oUznmTlO/yQ=
-24,20,kexYWt2Zv8FkYvtfA4NJuc7Wa7Q=,UPSGC8U4ZGvmTCeChjf2zh2xjtk=
-24,17,kexYWt2Zv8FkYvtfA4NJuc7Wa7Q=,ABQgUzvbSXf0t0F4oUznmTlO/yQ=
-24,19,kexYWt2Zv8FkYvtfA4NJuc7Wa7Q=,ABQgUzvbSXf0t0F4oUznmTlO/yQ=
-24,18,kexYWt2Zv8FkYvtfA4NJuc7Wa7Q=,ABQgUzvbSXf0t0F4oUznmTlO/yQ=
-24,31,kexYWt2Zv8FkYvtfA4NJuc7Wa7Q=,FV2OOjKjX01y8BdlSbDkl8guZxw=
-17,29,kexYWt2Zv8FkYvtfA4NJuc7Wa7Q=,dnxP9oF5piSCylk57JZ4Rqw/ghY=
-17,25,kexYWt2Zv8FkYvtfA4NJuc7Wa7Q=,36i+Q8L8c+4orKQsBSzaJLZ4HiA=
-20,29,kexYWt2Zv8FkYvtfA4NJuc7Wa7Q=,dnxP9oF5piSCylk57JZ4Rqw/ghY=
-21,29,kexYWt2Zv8FkYvtfA4NJuc7Wa7Q=,FV2OOjKjX01y8BdlSbDkl8guZxw=
-21,31,kexYWt2Zv8FkYvtfA4NJuc7Wa7Q=,FV2OOjKjX01y8BdlSbDkl8guZxw=
-19,29,kexYWt2Zv8FkYvtfA4NJuc7Wa7Q=,dnxP9oF5piSCylk57JZ4Rqw/ghY=
-18,23,kexYWt2Zv8FkYvtfA4NJuc7Wa7Q=,UPSGC8U4ZGvmTCeChjf2zh2xjtk=
-17,21,kexYWt2Zv8FkYvtfA4NJuc7Wa7Q=,UPSGC8U4ZGvmTCeChjf2zh2xjtk=
-18,28,kexYWt2Zv8FkYvtfA4NJuc7Wa7Q=,dnxP9oF5piSCylk57JZ4Rqw/ghY=
-20,28,kexYWt2Zv8FkYvtfA4NJuc7Wa7Q=,dnxP9oF5piSCylk57JZ4Rqw/ghY=
-17,16,kexYWt2Zv8FkYvtfA4NJuc7Wa7Q=,ABQgUzvbSXf0t0F4oUznmTlO/yQ=
-18,29,kexYWt2Zv8FkYvtfA4NJuc7Wa7Q=,dnxP9oF5piSCylk57JZ4Rqw/ghY=
-18,31,kexYWt2Zv8FkYvtfA4NJuc7Wa7Q=,dnxP9oF5piSCylk57JZ4Rqw/ghY=
-19,28,kexYWt2Zv8FkYvtfA4NJuc7Wa7Q=,dnxP9oF5piSCylk57JZ4Rqw/ghY=
-21,30,kexYWt2Zv8FkYvtfA4NJuc7Wa7Q=,FV2OOjKjX01y8BdlSbDkl8guZxw=
-18,17,kexYWt2Zv8FkYvtfA4NJuc7Wa7Q=,ABQgUzvbSXf0t0F4oUznmTlO/yQ=
-19,30,kexYWt2Zv8FkYvtfA4NJuc7Wa7Q=,dnxP9oF5piSCylk57JZ4Rqw/ghY=
-17,31,kexYWt2Zv8FkYvtfA4NJuc7Wa7Q=,dnxP9oF5piSCylk57JZ4Rqw/ghY=
-19,31,kexYWt2Zv8FkYvtfA4NJuc7Wa7Q=,dnxP9oF5piSCylk57JZ4Rqw/ghY=
-20,31,kexYWt2Zv8FkYvtfA4NJuc7Wa7Q=,dnxP9oF5piSCylk57JZ4Rqw/ghY=
-20,30,kexYWt2Zv8FkYvtfA4NJuc7Wa7Q=,dnxP9oF5piSCylk57JZ4Rqw/ghY=
-17,17,kexYWt2Zv8FkYvtfA4NJuc7Wa7Q=,ABQgUzvbSXf0t0F4oUznmTlO/yQ=
-17,30,kexYWt2Zv8FkYvtfA4NJuc7Wa7Q=,dnxP9oF5piSCylk57JZ4Rqw/ghY=
-17,20,kexYWt2Zv8FkYvtfA4NJuc7Wa7Q=,UPSGC8U4ZGvmTCeChjf2zh2xjtk=
-18,30,kexYWt2Zv8FkYvtfA4NJuc7Wa7Q=,dnxP9oF5piSCylk57JZ4Rqw/ghY=
-17,18,kexYWt2Zv8FkYvtfA4NJuc7Wa7Q=,ABQgUzvbSXf0t0F4oUznmTlO/yQ=
-18,20,kexYWt2Zv8FkYvtfA4NJuc7Wa7Q=,UPSGC8U4ZGvmTCeChjf2zh2xjtk=
-17,19,kexYWt2Zv8FkYvtfA4NJuc7Wa7Q=,ABQgUzvbSXf0t0F4oUznmTlO/yQ=
-18,18,kexYWt2Zv8FkYvtfA4NJuc7Wa7Q=,ABQgUzvbSXf0t0F4oUznmTlO/yQ=
-18,19,kexYWt2Zv8FkYvtfA4NJuc7Wa7Q=,ABQgUzvbSXf0t0F4oUznmTlO/yQ=
-18,21,kexYWt2Zv8FkYvtfA4NJuc7Wa7Q=,UPSGC8U4ZGvmTCeChjf2zh2xjtk=
-7,22,LDVd1NJXdl8NcpFOKK0FKYHdDVQ=,cSwjhEKa60ScEwRpZFi3WSO19rY=
-7,26,LDVd1NJXdl8NcpFOKK0FKYHdDVQ=,YQMyRXMMSGMp0GV0qnfq50epzOw=
-7,29,LDVd1NJXdl8NcpFOKK0FKYHdDVQ=,tGQpwUoPH/CMUc7E6U3nFzE55jU=
-6,29,LDVd1NJXdl8NcpFOKK0FKYHdDVQ=,tGQpwUoPH/CMUc7E6U3nFzE55jU=
-7,27,LDVd1NJXdl8NcpFOKK0FKYHdDVQ=,YQMyRXMMSGMp0GV0qnfq50epzOw=
-7,30,LDVd1NJXdl8NcpFOKK0FKYHdDVQ=,tGQpwUoPH/CMUc7E6U3nFzE55jU=
-6,30,LDVd1NJXdl8NcpFOKK0FKYHdDVQ=,tGQpwUoPH/CMUc7E6U3nFzE55jU=
-6,27,LDVd1NJXdl8NcpFOKK0FKYHdDVQ=,YQMyRXMMSGMp0GV0qnfq50epzOw=
-7,28,LDVd1NJXdl8NcpFOKK0FKYHdDVQ=,tGQpwUoPH/CMUc7E6U3nFzE55jU=
-6,28,LDVd1NJXdl8NcpFOKK0FKYHdDVQ=,tGQpwUoPH/CMUc7E6U3nFzE55jU=
-6,26,LDVd1NJXdl8NcpFOKK0FKYHdDVQ=,YQMyRXMMSGMp0GV0qnfq50epzOw=
-7,23,LDVd1NJXdl8NcpFOKK0FKYHdDVQ=,cSwjhEKa60ScEwRpZFi3WSO19rY=
-7,24,LDVd1NJXdl8NcpFOKK0FKYHdDVQ=,YQMyRXMMSGMp0GV0qnfq50epzOw=
-6,24,LDVd1NJXdl8NcpFOKK0FKYHdDVQ=,YQMyRXMMSGMp0GV0qnfq50epzOw=
-7,25,LDVd1NJXdl8NcpFOKK0FKYHdDVQ=,YQMyRXMMSGMp0GV0qnfq50epzOw=
-6,25,LDVd1NJXdl8NcpFOKK0FKYHdDVQ=,YQMyRXMMSGMp0GV0qnfq50epzOw=
-4,25,LDVd1NJXdl8NcpFOKK0FKYHdDVQ=,YQMyRXMMSGMp0GV0qnfq50epzOw=
-5,26,LDVd1NJXdl8NcpFOKK0FKYHdDVQ=,YQMyRXMMSGMp0GV0qnfq50epzOw=
-4,26,LDVd1NJXdl8NcpFOKK0FKYHdDVQ=,YQMyRXMMSGMp0GV0qnfq50epzOw=
-5,25,LDVd1NJXdl8NcpFOKK0FKYHdDVQ=,YQMyRXMMSGMp0GV0qnfq50epzOw=
-4,24,LDVd1NJXdl8NcpFOKK0FKYHdDVQ=,YQMyRXMMSGMp0GV0qnfq50epzOw=
-6,19,LDVd1NJXdl8NcpFOKK0FKYHdDVQ=,cSwjhEKa60ScEwRpZFi3WSO19rY=
-5,18,LDVd1NJXdl8NcpFOKK0FKYHdDVQ=,cSwjhEKa60ScEwRpZFi3WSO19rY=
-6,18,LDVd1NJXdl8NcpFOKK0FKYHdDVQ=,cSwjhEKa60ScEwRpZFi3WSO19rY=
-3,19,MKLgBcpz0qdDKbTaOTHilkVE3nw=,/NnkB47afNPTNO7j3hLQW4Cb+4Y=
-4,19,MKLgBcpz0qdDKbTaOTHilkVE3nw=,/NnkB47afNPTNO7j3hLQW4Cb+4Y=
-4,30,MKLgBcpz0qdDKbTaOTHilkVE3nw=,hWrrFkdOIRDEx9fbAMRPcFsa0dI=
-5,29,MKLgBcpz0qdDKbTaOTHilkVE3nw=,tGQpwUoPH/CMUc7E6U3nFzE55jU=
-4,27,MKLgBcpz0qdDKbTaOTHilkVE3nw=,YQMyRXMMSGMp0GV0qnfq50epzOw=
-5,30,MKLgBcpz0qdDKbTaOTHilkVE3nw=,tGQpwUoPH/CMUc7E6U3nFzE55jU=
-4,28,MKLgBcpz0qdDKbTaOTHilkVE3nw=,hWrrFkdOIRDEx9fbAMRPcFsa0dI=
-4,18,MKLgBcpz0qdDKbTaOTHilkVE3nw=,/NnkB47afNPTNO7j3hLQW4Cb+4Y=
-3,27,MKLgBcpz0qdDKbTaOTHilkVE3nw=,YQMyRXMMSGMp0GV0qnfq50epzOw=
-3,26,MKLgBcpz0qdDKbTaOTHilkVE3nw=,YQMyRXMMSGMp0GV0qnfq50epzOw=
-3,28,MKLgBcpz0qdDKbTaOTHilkVE3nw=,hWrrFkdOIRDEx9fbAMRPcFsa0dI=
-3,18,MKLgBcpz0qdDKbTaOTHilkVE3nw=,/NnkB47afNPTNO7j3hLQW4Cb+4Y=
-4,29,MKLgBcpz0qdDKbTaOTHilkVE3nw=,hWrrFkdOIRDEx9fbAMRPcFsa0dI=
-5,27,MKLgBcpz0qdDKbTaOTHilkVE3nw=,YQMyRXMMSGMp0GV0qnfq50epzOw=
-5,19,MKLgBcpz0qdDKbTaOTHilkVE3nw=,cSwjhEKa60ScEwRpZFi3WSO19rY=
-5,24,MKLgBcpz0qdDKbTaOTHilkVE3nw=,YQMyRXMMSGMp0GV0qnfq50epzOw=
-3,24,MKLgBcpz0qdDKbTaOTHilkVE3nw=,YQMyRXMMSGMp0GV0qnfq50epzOw=
-3,29,MKLgBcpz0qdDKbTaOTHilkVE3nw=,hWrrFkdOIRDEx9fbAMRPcFsa0dI=
-4,31,MKLgBcpz0qdDKbTaOTHilkVE3nw=,hWrrFkdOIRDEx9fbAMRPcFsa0dI=
-7,31,MKLgBcpz0qdDKbTaOTHilkVE3nw=,tGQpwUoPH/CMUc7E6U3nFzE55jU=
-5,28,MKLgBcpz0qdDKbTaOTHilkVE3nw=,tGQpwUoPH/CMUc7E6U3nFzE55jU=
-2,24,MKLgBcpz0qdDKbTaOTHilkVE3nw=,YQMyRXMMSGMp0GV0qnfq50epzOw=
-6,21,MKLgBcpz0qdDKbTaOTHilkVE3nw=,cSwjhEKa60ScEwRpZFi3WSO19rY=
-4,21,MKLgBcpz0qdDKbTaOTHilkVE3nw=,oD5HJGyviG6DRHsohekWDCk82ic=
-5,22,MKLgBcpz0qdDKbTaOTHilkVE3nw=,cSwjhEKa60ScEwRpZFi3WSO19rY=
-2,23,MKLgBcpz0qdDKbTaOTHilkVE3nw=,oD5HJGyviG6DRHsohekWDCk82ic=
-1,24,MKLgBcpz0qdDKbTaOTHilkVE3nw=,YQMyRXMMSGMp0GV0qnfq50epzOw=
-1,27,MKLgBcpz0qdDKbTaOTHilkVE3nw=,YQMyRXMMSGMp0GV0qnfq50epzOw=
-3,21,MKLgBcpz0qdDKbTaOTHilkVE3nw=,oD5HJGyviG6DRHsohekWDCk82ic=
-1,23,MKLgBcpz0qdDKbTaOTHilkVE3nw=,oD5HJGyviG6DRHsohekWDCk82ic=
-3,31,MKLgBcpz0qdDKbTaOTHilkVE3nw=,hWrrFkdOIRDEx9fbAMRPcFsa0dI=
-1,26,MKLgBcpz0qdDKbTaOTHilkVE3nw=,YQMyRXMMSGMp0GV0qnfq50epzOw=
-1,25,MKLgBcpz0qdDKbTaOTHilkVE3nw=,YQMyRXMMSGMp0GV0qnfq50epzOw=
-2,27,MKLgBcpz0qdDKbTaOTHilkVE3nw=,YQMyRXMMSGMp0GV0qnfq50epzOw=
-2,21,MKLgBcpz0qdDKbTaOTHilkVE3nw=,oD5HJGyviG6DRHsohekWDCk82ic=
-5,20,MKLgBcpz0qdDKbTaOTHilkVE3nw=,cSwjhEKa60ScEwRpZFi3WSO19rY=
-2,26,MKLgBcpz0qdDKbTaOTHilkVE3nw=,YQMyRXMMSGMp0GV0qnfq50epzOw=
-6,23,1y7uv05q9h07xbatndoQNIwDHj0=,cSwjhEKa60ScEwRpZFi3WSO19rY=
-6,22,1y7uv05q9h07xbatndoQNIwDHj0=,cSwjhEKa60ScEwRpZFi3WSO19rY=
-3,25,1y7uv05q9h07xbatndoQNIwDHj0=,YQMyRXMMSGMp0GV0qnfq50epzOw=
-5,31,1y7uv05q9h07xbatndoQNIwDHj0=,tGQpwUoPH/CMUc7E6U3nFzE55jU=
-4,22,1y7uv05q9h07xbatndoQNIwDHj0=,oD5HJGyviG6DRHsohekWDCk82ic=
-6,20,1y7uv05q9h07xbatndoQNIwDHj0=,cSwjhEKa60ScEwRpZFi3WSO19rY=
-6,31,1y7uv05q9h07xbatndoQNIwDHj0=,tGQpwUoPH/CMUc7E6U3nFzE55jU=
-5,23,1y7uv05q9h07xbatndoQNIwDHj0=,cSwjhEKa60ScEwRpZFi3WSO19rY=
-5,21,1y7uv05q9h07xbatndoQNIwDHj0=,cSwjhEKa60ScEwRpZFi3WSO19rY=
-3,22,1y7uv05q9h07xbatndoQNIwDHj0=,oD5HJGyviG6DRHsohekWDCk82ic=
-2,25,1y7uv05q9h07xbatndoQNIwDHj0=,YQMyRXMMSGMp0GV0qnfq50epzOw=
-1,18,1y7uv05q9h07xbatndoQNIwDHj0=,/NnkB47afNPTNO7j3hLQW4Cb+4Y=
-1,29,1y7uv05q9h07xbatndoQNIwDHj0=,hWrrFkdOIRDEx9fbAMRPcFsa0dI=
-1,28,1y7uv05q9h07xbatndoQNIwDHj0=,hWrrFkdOIRDEx9fbAMRPcFsa0dI=
-8,26,1y7uv05q9h07xbatndoQNIwDHj0=,YQMyRXMMSGMp0GV0qnfq50epzOw=
-11,25,1y7uv05q9h07xbatndoQNIwDHj0=,HrYalGfqGz6UHpckGQCCuO7eihQ=
-10,25,1y7uv05q9h07xbatndoQNIwDHj0=,HrYalGfqGz6UHpckGQCCuO7eihQ=
-9,25,1y7uv05q9h07xbatndoQNIwDHj0=,HrYalGfqGz6UHpckGQCCuO7eihQ=
-11,26,1y7uv05q9h07xbatndoQNIwDHj0=,HrYalGfqGz6UHpckGQCCuO7eihQ=
-10,26,1y7uv05q9h07xbatndoQNIwDHj0=,HrYalGfqGz6UHpckGQCCuO7eihQ=
-9,26,1y7uv05q9h07xbatndoQNIwDHj0=,HrYalGfqGz6UHpckGQCCuO7eihQ=
-8,25,1y7uv05q9h07xbatndoQNIwDHj0=,YQMyRXMMSGMp0GV0qnfq50epzOw=
-2,28,1y7uv05q9h07xbatndoQNIwDHj0=,hWrrFkdOIRDEx9fbAMRPcFsa0dI=
-1,19,1y7uv05q9h07xbatndoQNIwDHj0=,/NnkB47afNPTNO7j3hLQW4Cb+4Y=
-8,29,1y7uv05q9h07xbatndoQNIwDHj0=,tGQpwUoPH/CMUc7E6U3nFzE55jU=
-8,30,1y7uv05q9h07xbatndoQNIwDHj0=,tGQpwUoPH/CMUc7E6U3nFzE55jU=
-8,27,1y7uv05q9h07xbatndoQNIwDHj0=,YQMyRXMMSGMp0GV0qnfq50epzOw=
-11,30,1y7uv05q9h07xbatndoQNIwDHj0=,vy2SUJ3JrftJOw6Ve3I1z5bnz0M=
-11,27,1y7uv05q9h07xbatndoQNIwDHj0=,HrYalGfqGz6UHpckGQCCuO7eihQ=
-11,28,1y7uv05q9h07xbatndoQNIwDHj0=,vy2SUJ3JrftJOw6Ve3I1z5bnz0M=
-10,27,1y7uv05q9h07xbatndoQNIwDHj0=,HrYalGfqGz6UHpckGQCCuO7eihQ=
-10,28,1y7uv05q9h07xbatndoQNIwDHj0=,vy2SUJ3JrftJOw6Ve3I1z5bnz0M=
-9,28,1y7uv05q9h07xbatndoQNIwDHj0=,vy2SUJ3JrftJOw6Ve3I1z5bnz0M=
-9,27,1y7uv05q9h07xbatndoQNIwDHj0=,HrYalGfqGz6UHpckGQCCuO7eihQ=
-10,30,1y7uv05q9h07xbatndoQNIwDHj0=,vy2SUJ3JrftJOw6Ve3I1z5bnz0M=
-9,30,1y7uv05q9h07xbatndoQNIwDHj0=,vy2SUJ3JrftJOw6Ve3I1z5bnz0M=
-8,28,1y7uv05q9h07xbatndoQNIwDHj0=,tGQpwUoPH/CMUc7E6U3nFzE55jU=
-11,29,1y7uv05q9h07xbatndoQNIwDHj0=,vy2SUJ3JrftJOw6Ve3I1z5bnz0M=
-10,29,1y7uv05q9h07xbatndoQNIwDHj0=,vy2SUJ3JrftJOw6Ve3I1z5bnz0M=
-9,29,1y7uv05q9h07xbatndoQNIwDHj0=,vy2SUJ3JrftJOw6Ve3I1z5bnz0M=
-1,21,1y7uv05q9h07xbatndoQNIwDHj0=,oD5HJGyviG6DRHsohekWDCk82ic=
-2,29,1y7uv05q9h07xbatndoQNIwDHj0=,hWrrFkdOIRDEx9fbAMRPcFsa0dI=
-3,20,1y7uv05q9h07xbatndoQNIwDHj0=,oD5HJGyviG6DRHsohekWDCk82ic=
-3,30,1y7uv05q9h07xbatndoQNIwDHj0=,hWrrFkdOIRDEx9fbAMRPcFsa0dI=
-4,20,1y7uv05q9h07xbatndoQNIwDHj0=,oD5HJGyviG6DRHsohekWDCk82ic=
-2,20,1y7uv05q9h07xbatndoQNIwDHj0=,oD5HJGyviG6DRHsohekWDCk82ic=
-2,18,1y7uv05q9h07xbatndoQNIwDHj0=,/NnkB47afNPTNO7j3hLQW4Cb+4Y=
-1,20,1y7uv05q9h07xbatndoQNIwDHj0=,oD5HJGyviG6DRHsohekWDCk82ic=
-1,22,1y7uv05q9h07xbatndoQNIwDHj0=,oD5HJGyviG6DRHsohekWDCk82ic=
-3,23,1y7uv05q9h07xbatndoQNIwDHj0=,oD5HJGyviG6DRHsohekWDCk82ic=
-4,23,1y7uv05q9h07xbatndoQNIwDHj0=,oD5HJGyviG6DRHsohekWDCk82ic=
-2,22,1y7uv05q9h07xbatndoQNIwDHj0=,oD5HJGyviG6DRHsohekWDCk82ic=
-8,31,1y7uv05q9h07xbatndoQNIwDHj0=,tGQpwUoPH/CMUc7E6U3nFzE55jU=
-11,31,1y7uv05q9h07xbatndoQNIwDHj0=,vy2SUJ3JrftJOw6Ve3I1z5bnz0M=
-10,31,1y7uv05q9h07xbatndoQNIwDHj0=,vy2SUJ3JrftJOw6Ve3I1z5bnz0M=
-9,31,1y7uv05q9h07xbatndoQNIwDHj0=,vy2SUJ3JrftJOw6Ve3I1z5bnz0M=
-2,19,1y7uv05q9h07xbatndoQNIwDHj0=,/NnkB47afNPTNO7j3hLQW4Cb+4Y=
-11,23,1y7uv05q9h07xbatndoQNIwDHj0=,ewbuhvQkWzlOKlXSFVEp8AjDBA0=
-8,22,1y7uv05q9h07xbatndoQNIwDHj0=,cSwjhEKa60ScEwRpZFi3WSO19rY=
-8,23,1y7uv05q9h07xbatndoQNIwDHj0=,cSwjhEKa60ScEwRpZFi3WSO19rY=
-10,23,1y7uv05q9h07xbatndoQNIwDHj0=,ewbuhvQkWzlOKlXSFVEp8AjDBA0=
-8,24,1y7uv05q9h07xbatndoQNIwDHj0=,YQMyRXMMSGMp0GV0qnfq50epzOw=
-11,22,1y7uv05q9h07xbatndoQNIwDHj0=,ewbuhvQkWzlOKlXSFVEp8AjDBA0=
-14,22,1y7uv05q9h07xbatndoQNIwDHj0=,UPSGC8U4ZGvmTCeChjf2zh2xjtk=
-13,22,1y7uv05q9h07xbatndoQNIwDHj0=,UPSGC8U4ZGvmTCeChjf2zh2xjtk=
-12,22,1y7uv05q9h07xbatndoQNIwDHj0=,ewbuhvQkWzlOKlXSFVEp8AjDBA0=
-15,22,1y7uv05q9h07xbatndoQNIwDHj0=,UPSGC8U4ZGvmTCeChjf2zh2xjtk=
-11,24,1y7uv05q9h07xbatndoQNIwDHj0=,HrYalGfqGz6UHpckGQCCuO7eihQ=
-10,24,1y7uv05q9h07xbatndoQNIwDHj0=,HrYalGfqGz6UHpckGQCCuO7eihQ=
-10,22,1y7uv05q9h07xbatndoQNIwDHj0=,ewbuhvQkWzlOKlXSFVEp8AjDBA0=
-9,24,1y7uv05q9h07xbatndoQNIwDHj0=,HrYalGfqGz6UHpckGQCCuO7eihQ=
-9,23,1y7uv05q9h07xbatndoQNIwDHj0=,ewbuhvQkWzlOKlXSFVEp8AjDBA0=
-9,22,1y7uv05q9h07xbatndoQNIwDHj0=,ewbuhvQkWzlOKlXSFVEp8AjDBA0=
-15,25,1y7uv05q9h07xbatndoQNIwDHj0=,36i+Q8L8c+4orKQsBSzaJLZ4HiA=
-14,25,1y7uv05q9h07xbatndoQNIwDHj0=,36i+Q8L8c+4orKQsBSzaJLZ4HiA=
-12,25,1y7uv05q9h07xbatndoQNIwDHj0=,HrYalGfqGz6UHpckGQCCuO7eihQ=
-12,23,1y7uv05q9h07xbatndoQNIwDHj0=,ewbuhvQkWzlOKlXSFVEp8AjDBA0=
-13,25,1y7uv05q9h07xbatndoQNIwDHj0=,36i+Q8L8c+4orKQsBSzaJLZ4HiA=
-12,26,1y7uv05q9h07xbatndoQNIwDHj0=,HrYalGfqGz6UHpckGQCCuO7eihQ=
-15,23,1y7uv05q9h07xbatndoQNIwDHj0=,UPSGC8U4ZGvmTCeChjf2zh2xjtk=
-15,26,1y7uv05q9h07xbatndoQNIwDHj0=,36i+Q8L8c+4orKQsBSzaJLZ4HiA=
-14,23,1y7uv05q9h07xbatndoQNIwDHj0=,UPSGC8U4ZGvmTCeChjf2zh2xjtk=
-13,23,1y7uv05q9h07xbatndoQNIwDHj0=,UPSGC8U4ZGvmTCeChjf2zh2xjtk=
-14,26,1y7uv05q9h07xbatndoQNIwDHj0=,36i+Q8L8c+4orKQsBSzaJLZ4HiA=
-13,26,1y7uv05q9h07xbatndoQNIwDHj0=,36i+Q8L8c+4orKQsBSzaJLZ4HiA=
-12,24,1y7uv05q9h07xbatndoQNIwDHj0=,HrYalGfqGz6UHpckGQCCuO7eihQ=
-15,24,1y7uv05q9h07xbatndoQNIwDHj0=,36i+Q8L8c+4orKQsBSzaJLZ4HiA=
-14,24,1y7uv05q9h07xbatndoQNIwDHj0=,36i+Q8L8c+4orKQsBSzaJLZ4HiA=
-13,24,1y7uv05q9h07xbatndoQNIwDHj0=,36i+Q8L8c+4orKQsBSzaJLZ4HiA=
-8,21,1y7uv05q9h07xbatndoQNIwDHj0=,cSwjhEKa60ScEwRpZFi3WSO19rY=
-7,20,1y7uv05q9h07xbatndoQNIwDHj0=,cSwjhEKa60ScEwRpZFi3WSO19rY=
-7,21,1y7uv05q9h07xbatndoQNIwDHj0=,cSwjhEKa60ScEwRpZFi3WSO19rY=
-9,21,Jk2TAirits4eiqGlradyzgGSx6Q=,ewbuhvQkWzlOKlXSFVEp8AjDBA0=
-10,21,Jk2TAirits4eiqGlradyzgGSx6Q=,ewbuhvQkWzlOKlXSFVEp8AjDBA0=
-8,19,Jk2TAirits4eiqGlradyzgGSx6Q=,cSwjhEKa60ScEwRpZFi3WSO19rY=
-12,30,Jk2TAirits4eiqGlradyzgGSx6Q=,vy2SUJ3JrftJOw6Ve3I1z5bnz0M=
-9,19,Jk2TAirits4eiqGlradyzgGSx6Q=,ewbuhvQkWzlOKlXSFVEp8AjDBA0=
-12,28,Jk2TAirits4eiqGlradyzgGSx6Q=,vy2SUJ3JrftJOw6Ve3I1z5bnz0M=
-12,27,Jk2TAirits4eiqGlradyzgGSx6Q=,HrYalGfqGz6UHpckGQCCuO7eihQ=
-10,19,Jk2TAirits4eiqGlradyzgGSx6Q=,ewbuhvQkWzlOKlXSFVEp8AjDBA0=
-10,16,Jk2TAirits4eiqGlradyzgGSx6Q=,ewbuhvQkWzlOKlXSFVEp8AjDBA0=
-13,28,Jk2TAirits4eiqGlradyzgGSx6Q=,vy2SUJ3JrftJOw6Ve3I1z5bnz0M=
-11,16,Jk2TAirits4eiqGlradyzgGSx6Q=,ewbuhvQkWzlOKlXSFVEp8AjDBA0=
-13,30,Jk2TAirits4eiqGlradyzgGSx6Q=,vy2SUJ3JrftJOw6Ve3I1z5bnz0M=
-14,28,Jk2TAirits4eiqGlradyzgGSx6Q=,vy2SUJ3JrftJOw6Ve3I1z5bnz0M=
-15,28,Jk2TAirits4eiqGlradyzgGSx6Q=,vy2SUJ3JrftJOw6Ve3I1z5bnz0M=
-13,27,Jk2TAirits4eiqGlradyzgGSx6Q=,36i+Q8L8c+4orKQsBSzaJLZ4HiA=
-14,27,Jk2TAirits4eiqGlradyzgGSx6Q=,36i+Q8L8c+4orKQsBSzaJLZ4HiA=
-14,30,Jk2TAirits4eiqGlradyzgGSx6Q=,vy2SUJ3JrftJOw6Ve3I1z5bnz0M=
-15,29,Jk2TAirits4eiqGlradyzgGSx6Q=,vy2SUJ3JrftJOw6Ve3I1z5bnz0M=
-15,30,Jk2TAirits4eiqGlradyzgGSx6Q=,vy2SUJ3JrftJOw6Ve3I1z5bnz0M=
-15,27,Jk2TAirits4eiqGlradyzgGSx6Q=,36i+Q8L8c+4orKQsBSzaJLZ4HiA=
-12,29,Jk2TAirits4eiqGlradyzgGSx6Q=,vy2SUJ3JrftJOw6Ve3I1z5bnz0M=
-13,29,Jk2TAirits4eiqGlradyzgGSx6Q=,vy2SUJ3JrftJOw6Ve3I1z5bnz0M=
-14,29,Jk2TAirits4eiqGlradyzgGSx6Q=,vy2SUJ3JrftJOw6Ve3I1z5bnz0M=
-8,20,Jk2TAirits4eiqGlradyzgGSx6Q=,cSwjhEKa60ScEwRpZFi3WSO19rY=
-9,20,Jk2TAirits4eiqGlradyzgGSx6Q=,ewbuhvQkWzlOKlXSFVEp8AjDBA0=
-10,20,Jk2TAirits4eiqGlradyzgGSx6Q=,ewbuhvQkWzlOKlXSFVEp8AjDBA0=
-7,18,Jk2TAirits4eiqGlradyzgGSx6Q=,cSwjhEKa60ScEwRpZFi3WSO19rY=
-7,19,Jk2TAirits4eiqGlradyzgGSx6Q=,cSwjhEKa60ScEwRpZFi3WSO19rY=
-8,18,Jk2TAirits4eiqGlradyzgGSx6Q=,cSwjhEKa60ScEwRpZFi3WSO19rY=
-10,18,Jk2TAirits4eiqGlradyzgGSx6Q=,ewbuhvQkWzlOKlXSFVEp8AjDBA0=
-9,18,Jk2TAirits4eiqGlradyzgGSx6Q=,ewbuhvQkWzlOKlXSFVEp8AjDBA0=
-14,16,Jk2TAirits4eiqGlradyzgGSx6Q=,M81vUWAzrNIVQhNtbIfgMx4Ij+4=
-16,29,Jk2TAirits4eiqGlradyzgGSx6Q=,vy2SUJ3JrftJOw6Ve3I1z5bnz0M=
-12,20,Jk2TAirits4eiqGlradyzgGSx6Q=,ewbuhvQkWzlOKlXSFVEp8AjDBA0=
-12,17,Jk2TAirits4eiqGlradyzgGSx6Q=,ewbuhvQkWzlOKlXSFVEp8AjDBA0=
-11,20,Jk2TAirits4eiqGlradyzgGSx6Q=,ewbuhvQkWzlOKlXSFVEp8AjDBA0=
-11,17,Jk2TAirits4eiqGlradyzgGSx6Q=,ewbuhvQkWzlOKlXSFVEp8AjDBA0=
-12,21,Jk2TAirits4eiqGlradyzgGSx6Q=,ewbuhvQkWzlOKlXSFVEp8AjDBA0=
-11,21,Jk2TAirits4eiqGlradyzgGSx6Q=,ewbuhvQkWzlOKlXSFVEp8AjDBA0=
-11,19,Jk2TAirits4eiqGlradyzgGSx6Q=,ewbuhvQkWzlOKlXSFVEp8AjDBA0=
-12,31,Jk2TAirits4eiqGlradyzgGSx6Q=,vy2SUJ3JrftJOw6Ve3I1z5bnz0M=
-13,21,Jk2TAirits4eiqGlradyzgGSx6Q=,UPSGC8U4ZGvmTCeChjf2zh2xjtk=
-11,18,Jk2TAirits4eiqGlradyzgGSx6Q=,ewbuhvQkWzlOKlXSFVEp8AjDBA0=
-16,25,Jk2TAirits4eiqGlradyzgGSx6Q=,36i+Q8L8c+4orKQsBSzaJLZ4HiA=
-16,26,Jk2TAirits4eiqGlradyzgGSx6Q=,36i+Q8L8c+4orKQsBSzaJLZ4HiA=
-16,27,Jk2TAirits4eiqGlradyzgGSx6Q=,36i+Q8L8c+4orKQsBSzaJLZ4HiA=
-16,28,Jk2TAirits4eiqGlradyzgGSx6Q=,vy2SUJ3JrftJOw6Ve3I1z5bnz0M=
-12,18,Jk2TAirits4eiqGlradyzgGSx6Q=,ewbuhvQkWzlOKlXSFVEp8AjDBA0=
-12,16,Jk2TAirits4eiqGlradyzgGSx6Q=,ewbuhvQkWzlOKlXSFVEp8AjDBA0=
-13,31,Jk2TAirits4eiqGlradyzgGSx6Q=,vy2SUJ3JrftJOw6Ve3I1z5bnz0M=
-14,21,Jk2TAirits4eiqGlradyzgGSx6Q=,UPSGC8U4ZGvmTCeChjf2zh2xjtk=
-12,19,Jk2TAirits4eiqGlradyzgGSx6Q=,ewbuhvQkWzlOKlXSFVEp8AjDBA0=
-15,16,Jk2TAirits4eiqGlradyzgGSx6Q=,M81vUWAzrNIVQhNtbIfgMx4Ij+4=
-13,16,Jk2TAirits4eiqGlradyzgGSx6Q=,M81vUWAzrNIVQhNtbIfgMx4Ij+4=
-8,16,gzc4tkZ9BTIQCBNNynBafTP0lOY=,cSwjhEKa60ScEwRpZFi3WSO19rY=
-9,16,gzc4tkZ9BTIQCBNNynBafTP0lOY=,ewbuhvQkWzlOKlXSFVEp8AjDBA0=
-9,17,gzc4tkZ9BTIQCBNNynBafTP0lOY=,ewbuhvQkWzlOKlXSFVEp8AjDBA0=
-10,17,gzc4tkZ9BTIQCBNNynBafTP0lOY=,ewbuhvQkWzlOKlXSFVEp8AjDBA0=
-7,16,gzc4tkZ9BTIQCBNNynBafTP0lOY=,cSwjhEKa60ScEwRpZFi3WSO19rY=
-6,16,gzc4tkZ9BTIQCBNNynBafTP0lOY=,cSwjhEKa60ScEwRpZFi3WSO19rY=
-8,17,gzc4tkZ9BTIQCBNNynBafTP0lOY=,cSwjhEKa60ScEwRpZFi3WSO19rY=
-7,17,gzc4tkZ9BTIQCBNNynBafTP0lOY=,cSwjhEKa60ScEwRpZFi3WSO19rY=
-16,23,gzc4tkZ9BTIQCBNNynBafTP0lOY=,UPSGC8U4ZGvmTCeChjf2zh2xjtk=
-13,17,gzc4tkZ9BTIQCBNNynBafTP0lOY=,M81vUWAzrNIVQhNtbIfgMx4Ij+4=
-16,30,gzc4tkZ9BTIQCBNNynBafTP0lOY=,vy2SUJ3JrftJOw6Ve3I1z5bnz0M=
-14,17,gzc4tkZ9BTIQCBNNynBafTP0lOY=,M81vUWAzrNIVQhNtbIfgMx4Ij+4=
-14,20,gzc4tkZ9BTIQCBNNynBafTP0lOY=,UPSGC8U4ZGvmTCeChjf2zh2xjtk=
-13,18,gzc4tkZ9BTIQCBNNynBafTP0lOY=,M81vUWAzrNIVQhNtbIfgMx4Ij+4=
-14,19,gzc4tkZ9BTIQCBNNynBafTP0lOY=,M81vUWAzrNIVQhNtbIfgMx4Ij+4=
-14,18,gzc4tkZ9BTIQCBNNynBafTP0lOY=,M81vUWAzrNIVQhNtbIfgMx4Ij+4=
-13,20,gzc4tkZ9BTIQCBNNynBafTP0lOY=,UPSGC8U4ZGvmTCeChjf2zh2xjtk=
-13,19,gzc4tkZ9BTIQCBNNynBafTP0lOY=,M81vUWAzrNIVQhNtbIfgMx4Ij+4=
-16,16,gzc4tkZ9BTIQCBNNynBafTP0lOY=,M81vUWAzrNIVQhNtbIfgMx4Ij+4=
-16,24,gzc4tkZ9BTIQCBNNynBafTP0lOY=,36i+Q8L8c+4orKQsBSzaJLZ4HiA=
-16,22,gzc4tkZ9BTIQCBNNynBafTP0lOY=,UPSGC8U4ZGvmTCeChjf2zh2xjtk=
-5,16,gzc4tkZ9BTIQCBNNynBafTP0lOY=,cSwjhEKa60ScEwRpZFi3WSO19rY=
-4,16,gzc4tkZ9BTIQCBNNynBafTP0lOY=,/NnkB47afNPTNO7j3hLQW4Cb+4Y=
-5,17,gzc4tkZ9BTIQCBNNynBafTP0lOY=,cSwjhEKa60ScEwRpZFi3WSO19rY=
-6,17,gzc4tkZ9BTIQCBNNynBafTP0lOY=,cSwjhEKa60ScEwRpZFi3WSO19rY=
-16,19,gzc4tkZ9BTIQCBNNynBafTP0lOY=,M81vUWAzrNIVQhNtbIfgMx4Ij+4=
-14,31,gzc4tkZ9BTIQCBNNynBafTP0lOY=,vy2SUJ3JrftJOw6Ve3I1z5bnz0M=
-16,21,gzc4tkZ9BTIQCBNNynBafTP0lOY=,UPSGC8U4ZGvmTCeChjf2zh2xjtk=
-15,21,gzc4tkZ9BTIQCBNNynBafTP0lOY=,UPSGC8U4ZGvmTCeChjf2zh2xjtk=
-15,17,gzc4tkZ9BTIQCBNNynBafTP0lOY=,M81vUWAzrNIVQhNtbIfgMx4Ij+4=
-4,17,gzc4tkZ9BTIQCBNNynBafTP0lOY=,/NnkB47afNPTNO7j3hLQW4Cb+4Y=
-3,17,gzc4tkZ9BTIQCBNNynBafTP0lOY=,/NnkB47afNPTNO7j3hLQW4Cb+4Y=
-16,17,gzc4tkZ9BTIQCBNNynBafTP0lOY=,M81vUWAzrNIVQhNtbIfgMx4Ij+4=
-1,31,gzc4tkZ9BTIQCBNNynBafTP0lOY=,hWrrFkdOIRDEx9fbAMRPcFsa0dI=
-3,16,gzc4tkZ9BTIQCBNNynBafTP0lOY=,/NnkB47afNPTNO7j3hLQW4Cb+4Y=
-15,20,gzc4tkZ9BTIQCBNNynBafTP0lOY=,UPSGC8U4ZGvmTCeChjf2zh2xjtk=
-16,18,gzc4tkZ9BTIQCBNNynBafTP0lOY=,M81vUWAzrNIVQhNtbIfgMx4Ij+4=
-15,19,gzc4tkZ9BTIQCBNNynBafTP0lOY=,M81vUWAzrNIVQhNtbIfgMx4Ij+4=
-16,31,gzc4tkZ9BTIQCBNNynBafTP0lOY=,vy2SUJ3JrftJOw6Ve3I1z5bnz0M=
-16,20,gzc4tkZ9BTIQCBNNynBafTP0lOY=,UPSGC8U4ZGvmTCeChjf2zh2xjtk=
-1,30,gzc4tkZ9BTIQCBNNynBafTP0lOY=,hWrrFkdOIRDEx9fbAMRPcFsa0dI=
-2,30,gzc4tkZ9BTIQCBNNynBafTP0lOY=,hWrrFkdOIRDEx9fbAMRPcFsa0dI=
-2,31,gzc4tkZ9BTIQCBNNynBafTP0lOY=,hWrrFkdOIRDEx9fbAMRPcFsa0dI=
-15,31,gzc4tkZ9BTIQCBNNynBafTP0lOY=,vy2SUJ3JrftJOw6Ve3I1z5bnz0M=
-15,18,gzc4tkZ9BTIQCBNNynBafTP0lOY=,M81vUWAzrNIVQhNtbIfgMx4Ij+4=
-2,17,dzNNs8ChAvJ5+Aljs5Mw0u98tNU=,/NnkB47afNPTNO7j3hLQW4Cb+4Y=
-1,16,dzNNs8ChAvJ5+Aljs5Mw0u98tNU=,/NnkB47afNPTNO7j3hLQW4Cb+4Y=
-2,16,dzNNs8ChAvJ5+Aljs5Mw0u98tNU=,/NnkB47afNPTNO7j3hLQW4Cb+4Y=
-1,17,dzNNs8ChAvJ5+Aljs5Mw0u98tNU=,/NnkB47afNPTNO7j3hLQW4Cb+4Y=
-7,13,qf1rQmJW/WelWyh3lXBrtEt9BQc=,vozXaO2iyj+VACe3u2re+1dPwAo=
-6,13,qf1rQmJW/WelWyh3lXBrtEt9BQc=,vozXaO2iyj+VACe3u2re+1dPwAo=
-7,14,qf1rQmJW/WelWyh3lXBrtEt9BQc=,vozXaO2iyj+VACe3u2re+1dPwAo=
-7,11,qf1rQmJW/WelWyh3lXBrtEt9BQc=,cp8fYSsuWTh7dnnKTEFm+xz5z84=
-6,11,qf1rQmJW/WelWyh3lXBrtEt9BQc=,cp8fYSsuWTh7dnnKTEFm+xz5z84=
-7,10,qf1rQmJW/WelWyh3lXBrtEt9BQc=,cp8fYSsuWTh7dnnKTEFm+xz5z84=
-7,9,qf1rQmJW/WelWyh3lXBrtEt9BQc=,cp8fYSsuWTh7dnnKTEFm+xz5z84=
-6,10,qf1rQmJW/WelWyh3lXBrtEt9BQc=,cp8fYSsuWTh7dnnKTEFm+xz5z84=
-7,12,qf1rQmJW/WelWyh3lXBrtEt9BQc=,vozXaO2iyj+VACe3u2re+1dPwAo=
-6,12,qf1rQmJW/WelWyh3lXBrtEt9BQc=,vozXaO2iyj+VACe3u2re+1dPwAo=
-7,7,qf1rQmJW/WelWyh3lXBrtEt9BQc=,cp8fYSsuWTh7dnnKTEFm+xz5z84=
-7,8,qf1rQmJW/WelWyh3lXBrtEt9BQc=,cp8fYSsuWTh7dnnKTEFm+xz5z84=
-6,14,qf1rQmJW/WelWyh3lXBrtEt9BQc=,vozXaO2iyj+VACe3u2re+1dPwAo=
-5,11,zRL0tlCZ4o/w0UwEriYgdFYqdsA=,cp8fYSsuWTh7dnnKTEFm+xz5z84=
-4,11,zRL0tlCZ4o/w0UwEriYgdFYqdsA=,StLk3gypi3Lo/s9hkrYDG7spJ+A=
-6,9,zRL0tlCZ4o/w0UwEriYgdFYqdsA=,cp8fYSsuWTh7dnnKTEFm+xz5z84=
-5,4,zRL0tlCZ4o/w0UwEriYgdFYqdsA=,cp8fYSsuWTh7dnnKTEFm+xz5z84=
-6,8,zRL0tlCZ4o/w0UwEriYgdFYqdsA=,cp8fYSsuWTh7dnnKTEFm+xz5z84=
-5,10,zRL0tlCZ4o/w0UwEriYgdFYqdsA=,cp8fYSsuWTh7dnnKTEFm+xz5z84=
-5,12,zRL0tlCZ4o/w0UwEriYgdFYqdsA=,vozXaO2iyj+VACe3u2re+1dPwAo=
-4,8,zRL0tlCZ4o/w0UwEriYgdFYqdsA=,StLk3gypi3Lo/s9hkrYDG7spJ+A=
-6,7,zRL0tlCZ4o/w0UwEriYgdFYqdsA=,cp8fYSsuWTh7dnnKTEFm+xz5z84=
-5,7,9q9yrVIdb68+5oulbxuVxGWH+1Q=,cp8fYSsuWTh7dnnKTEFm+xz5z84=
-6,6,9q9yrVIdb68+5oulbxuVxGWH+1Q=,cp8fYSsuWTh7dnnKTEFm+xz5z84=
-5,6,9q9yrVIdb68+5oulbxuVxGWH+1Q=,cp8fYSsuWTh7dnnKTEFm+xz5z84=
-5,8,9q9yrVIdb68+5oulbxuVxGWH+1Q=,cp8fYSsuWTh7dnnKTEFm+xz5z84=
-4,5,9q9yrVIdb68+5oulbxuVxGWH+1Q=,pFYN5RR6Qnc0e0pFhmF7IgfRZsk=
-5,5,9q9yrVIdb68+5oulbxuVxGWH+1Q=,cp8fYSsuWTh7dnnKTEFm+xz5z84=
-3,11,9q9yrVIdb68+5oulbxuVxGWH+1Q=,StLk3gypi3Lo/s9hkrYDG7spJ+A=
-2,4,9q9yrVIdb68+5oulbxuVxGWH+1Q=,pFYN5RR6Qnc0e0pFhmF7IgfRZsk=
-5,3,9q9yrVIdb68+5oulbxuVxGWH+1Q=,cp8fYSsuWTh7dnnKTEFm+xz5z84=
-3,8,9q9yrVIdb68+5oulbxuVxGWH+1Q=,StLk3gypi3Lo/s9hkrYDG7spJ+A=
-6,5,08XYMblSD3SasmlOnYtzFEybnFw=,cp8fYSsuWTh7dnnKTEFm+xz5z84=
-4,9,08XYMblSD3SasmlOnYtzFEybnFw=,StLk3gypi3Lo/s9hkrYDG7spJ+A=
-2,2,08XYMblSD3SasmlOnYtzFEybnFw=,xPbLaFY30mjhtLZiU7GRTPWveH4=
-5,9,08XYMblSD3SasmlOnYtzFEybnFw=,cp8fYSsuWTh7dnnKTEFm+xz5z84=
-1,7,08XYMblSD3SasmlOnYtzFEybnFw=,pFYN5RR6Qnc0e0pFhmF7IgfRZsk=
-6,3,08XYMblSD3SasmlOnYtzFEybnFw=,cp8fYSsuWTh7dnnKTEFm+xz5z84=
-3,9,08XYMblSD3SasmlOnYtzFEybnFw=,StLk3gypi3Lo/s9hkrYDG7spJ+A=
-1,2,08XYMblSD3SasmlOnYtzFEybnFw=,xPbLaFY30mjhtLZiU7GRTPWveH4=
-3,2,fNyCmp8A3Be76MtRDIYlR8uHM50=,xPbLaFY30mjhtLZiU7GRTPWveH4=
-3,10,fNyCmp8A3Be76MtRDIYlR8uHM50=,StLk3gypi3Lo/s9hkrYDG7spJ+A=
-4,6,fNyCmp8A3Be76MtRDIYlR8uHM50=,pFYN5RR6Qnc0e0pFhmF7IgfRZsk=
-3,7,fNyCmp8A3Be76MtRDIYlR8uHM50=,pFYN5RR6Qnc0e0pFhmF7IgfRZsk=
-4,7,fNyCmp8A3Be76MtRDIYlR8uHM50=,pFYN5RR6Qnc0e0pFhmF7IgfRZsk=
-3,6,fNyCmp8A3Be76MtRDIYlR8uHM50=,pFYN5RR6Qnc0e0pFhmF7IgfRZsk=
-1,3,fNyCmp8A3Be76MtRDIYlR8uHM50=,xPbLaFY30mjhtLZiU7GRTPWveH4=
-6,4,fNyCmp8A3Be76MtRDIYlR8uHM50=,cp8fYSsuWTh7dnnKTEFm+xz5z84=
-4,12,fNyCmp8A3Be76MtRDIYlR8uHM50=,oE+3fTbp1YhJg25uHdy1uf/01Bk=
-5,13,fNyCmp8A3Be76MtRDIYlR8uHM50=,vozXaO2iyj+VACe3u2re+1dPwAo=
-1,4,fNyCmp8A3Be76MtRDIYlR8uHM50=,pFYN5RR6Qnc0e0pFhmF7IgfRZsk=
-4,13,fNyCmp8A3Be76MtRDIYlR8uHM50=,oE+3fTbp1YhJg25uHdy1uf/01Bk=
-5,14,fNyCmp8A3Be76MtRDIYlR8uHM50=,vozXaO2iyj+VACe3u2re+1dPwAo=
-4,14,fNyCmp8A3Be76MtRDIYlR8uHM50=,oE+3fTbp1YhJg25uHdy1uf/01Bk=
-9,13,fNyCmp8A3Be76MtRDIYlR8uHM50=,kOh14c2DTvrEEjjqMgw+HX46coM=
-8,13,fNyCmp8A3Be76MtRDIYlR8uHM50=,vozXaO2iyj+VACe3u2re+1dPwAo=
-9,14,fNyCmp8A3Be76MtRDIYlR8uHM50=,kOh14c2DTvrEEjjqMgw+HX46coM=
-8,14,fNyCmp8A3Be76MtRDIYlR8uHM50=,vozXaO2iyj+VACe3u2re+1dPwAo=
-4,4,fNyCmp8A3Be76MtRDIYlR8uHM50=,pFYN5RR6Qnc0e0pFhmF7IgfRZsk=
-7,15,fNyCmp8A3Be76MtRDIYlR8uHM50=,vozXaO2iyj+VACe3u2re+1dPwAo=
-4,15,fNyCmp8A3Be76MtRDIYlR8uHM50=,oE+3fTbp1YhJg25uHdy1uf/01Bk=
-6,15,fNyCmp8A3Be76MtRDIYlR8uHM50=,vozXaO2iyj+VACe3u2re+1dPwAo=
-3,4,fNyCmp8A3Be76MtRDIYlR8uHM50=,pFYN5RR6Qnc0e0pFhmF7IgfRZsk=
-3,14,fNyCmp8A3Be76MtRDIYlR8uHM50=,oE+3fTbp1YhJg25uHdy1uf/01Bk=
-2,3,fNyCmp8A3Be76MtRDIYlR8uHM50=,xPbLaFY30mjhtLZiU7GRTPWveH4=
-4,2,fNyCmp8A3Be76MtRDIYlR8uHM50=,xPbLaFY30mjhtLZiU7GRTPWveH4=
-3,5,fNyCmp8A3Be76MtRDIYlR8uHM50=,pFYN5RR6Qnc0e0pFhmF7IgfRZsk=
-1,5,fNyCmp8A3Be76MtRDIYlR8uHM50=,pFYN5RR6Qnc0e0pFhmF7IgfRZsk=
-3,15,fNyCmp8A3Be76MtRDIYlR8uHM50=,oE+3fTbp1YhJg25uHdy1uf/01Bk=
-5,15,fNyCmp8A3Be76MtRDIYlR8uHM50=,vozXaO2iyj+VACe3u2re+1dPwAo=
-2,6,fNyCmp8A3Be76MtRDIYlR8uHM50=,pFYN5RR6Qnc0e0pFhmF7IgfRZsk=
-3,13,fNyCmp8A3Be76MtRDIYlR8uHM50=,oE+3fTbp1YhJg25uHdy1uf/01Bk=
-4,3,fNyCmp8A3Be76MtRDIYlR8uHM50=,xPbLaFY30mjhtLZiU7GRTPWveH4=
-3,12,fNyCmp8A3Be76MtRDIYlR8uHM50=,oE+3fTbp1YhJg25uHdy1uf/01Bk=
-12,15,fNyCmp8A3Be76MtRDIYlR8uHM50=,kOh14c2DTvrEEjjqMgw+HX46coM=
-11,15,fNyCmp8A3Be76MtRDIYlR8uHM50=,kOh14c2DTvrEEjjqMgw+HX46coM=
-10,15,fNyCmp8A3Be76MtRDIYlR8uHM50=,kOh14c2DTvrEEjjqMgw+HX46coM=
-9,15,fNyCmp8A3Be76MtRDIYlR8uHM50=,kOh14c2DTvrEEjjqMgw+HX46coM=
-8,15,fNyCmp8A3Be76MtRDIYlR8uHM50=,vozXaO2iyj+VACe3u2re+1dPwAo=
-2,5,fNyCmp8A3Be76MtRDIYlR8uHM50=,pFYN5RR6Qnc0e0pFhmF7IgfRZsk=
-3,3,fNyCmp8A3Be76MtRDIYlR8uHM50=,xPbLaFY30mjhtLZiU7GRTPWveH4=
-2,13,fNyCmp8A3Be76MtRDIYlR8uHM50=,oE+3fTbp1YhJg25uHdy1uf/01Bk=
-10,2,fNyCmp8A3Be76MtRDIYlR8uHM50=,cp8fYSsuWTh7dnnKTEFm+xz5z84=
-9,2,fNyCmp8A3Be76MtRDIYlR8uHM50=,cp8fYSsuWTh7dnnKTEFm+xz5z84=
-11,0,fNyCmp8A3Be76MtRDIYlR8uHM50=,cp8fYSsuWTh7dnnKTEFm+xz5z84=
-11,2,fNyCmp8A3Be76MtRDIYlR8uHM50=,cp8fYSsuWTh7dnnKTEFm+xz5z84=
-10,0,fNyCmp8A3Be76MtRDIYlR8uHM50=,cp8fYSsuWTh7dnnKTEFm+xz5z84=
-11,1,fNyCmp8A3Be76MtRDIYlR8uHM50=,cp8fYSsuWTh7dnnKTEFm+xz5z84=
-4,10,fNyCmp8A3Be76MtRDIYlR8uHM50=,StLk3gypi3Lo/s9hkrYDG7spJ+A=
-10,1,fNyCmp8A3Be76MtRDIYlR8uHM50=,cp8fYSsuWTh7dnnKTEFm+xz5z84=
-9,1,fNyCmp8A3Be76MtRDIYlR8uHM50=,cp8fYSsuWTh7dnnKTEFm+xz5z84=
-10,4,Jzqyv5PucFMCQl7D4GH32ymwFU8=,cp8fYSsuWTh7dnnKTEFm+xz5z84=
-9,4,Jzqyv5PucFMCQl7D4GH32ymwFU8=,cp8fYSsuWTh7dnnKTEFm+xz5z84=
-10,6,Jzqyv5PucFMCQl7D4GH32ymwFU8=,cp8fYSsuWTh7dnnKTEFm+xz5z84=
-11,5,Jzqyv5PucFMCQl7D4GH32ymwFU8=,cp8fYSsuWTh7dnnKTEFm+xz5z84=
-11,7,Jzqyv5PucFMCQl7D4GH32ymwFU8=,cp8fYSsuWTh7dnnKTEFm+xz5z84=
-11,3,Jzqyv5PucFMCQl7D4GH32ymwFU8=,cp8fYSsuWTh7dnnKTEFm+xz5z84=
-11,4,Jzqyv5PucFMCQl7D4GH32ymwFU8=,cp8fYSsuWTh7dnnKTEFm+xz5z84=
-10,7,Jzqyv5PucFMCQl7D4GH32ymwFU8=,cp8fYSsuWTh7dnnKTEFm+xz5z84=
-9,7,Jzqyv5PucFMCQl7D4GH32ymwFU8=,cp8fYSsuWTh7dnnKTEFm+xz5z84=
-10,5,Jzqyv5PucFMCQl7D4GH32ymwFU8=,cp8fYSsuWTh7dnnKTEFm+xz5z84=
-9,5,Jzqyv5PucFMCQl7D4GH32ymwFU8=,cp8fYSsuWTh7dnnKTEFm+xz5z84=
-10,3,Jzqyv5PucFMCQl7D4GH32ymwFU8=,cp8fYSsuWTh7dnnKTEFm+xz5z84=
-8,7,Jzqyv5PucFMCQl7D4GH32ymwFU8=,cp8fYSsuWTh7dnnKTEFm+xz5z84=
-9,3,Jzqyv5PucFMCQl7D4GH32ymwFU8=,cp8fYSsuWTh7dnnKTEFm+xz5z84=
-9,0,Jzqyv5PucFMCQl7D4GH32ymwFU8=,cp8fYSsuWTh7dnnKTEFm+xz5z84=
-5,2,Jzqyv5PucFMCQl7D4GH32ymwFU8=,cp8fYSsuWTh7dnnKTEFm+xz5z84=
-1,8,Jzqyv5PucFMCQl7D4GH32ymwFU8=,StLk3gypi3Lo/s9hkrYDG7spJ+A=
-2,12,Jzqyv5PucFMCQl7D4GH32ymwFU8=,oE+3fTbp1YhJg25uHdy1uf/01Bk=
-1,6,Jzqyv5PucFMCQl7D4GH32ymwFU8=,pFYN5RR6Qnc0e0pFhmF7IgfRZsk=
-8,0,Jzqyv5PucFMCQl7D4GH32ymwFU8=,cp8fYSsuWTh7dnnKTEFm+xz5z84=
-8,2,Jzqyv5PucFMCQl7D4GH32ymwFU8=,cp8fYSsuWTh7dnnKTEFm+xz5z84=
-8,5,Jzqyv5PucFMCQl7D4GH32ymwFU8=,cp8fYSsuWTh7dnnKTEFm+xz5z84=
-1,13,Jzqyv5PucFMCQl7D4GH32ymwFU8=,oE+3fTbp1YhJg25uHdy1uf/01Bk=
-8,11,Jzqyv5PucFMCQl7D4GH32ymwFU8=,cp8fYSsuWTh7dnnKTEFm+xz5z84=
-8,10,Jzqyv5PucFMCQl7D4GH32ymwFU8=,cp8fYSsuWTh7dnnKTEFm+xz5z84=
-9,12,Jzqyv5PucFMCQl7D4GH32ymwFU8=,kOh14c2DTvrEEjjqMgw+HX46coM=
-8,12,Jzqyv5PucFMCQl7D4GH32ymwFU8=,vozXaO2iyj+VACe3u2re+1dPwAo=
-8,9,Jzqyv5PucFMCQl7D4GH32ymwFU8=,cp8fYSsuWTh7dnnKTEFm+xz5z84=
-12,2,Jzqyv5PucFMCQl7D4GH32ymwFU8=,cp8fYSsuWTh7dnnKTEFm+xz5z84=
-12,1,Jzqyv5PucFMCQl7D4GH32ymwFU8=,cp8fYSsuWTh7dnnKTEFm+xz5z84=
-12,5,Jzqyv5PucFMCQl7D4GH32ymwFU8=,cp8fYSsuWTh7dnnKTEFm+xz5z84=
-12,7,Jzqyv5PucFMCQl7D4GH32ymwFU8=,cp8fYSsuWTh7dnnKTEFm+xz5z84=
-12,4,Jzqyv5PucFMCQl7D4GH32ymwFU8=,cp8fYSsuWTh7dnnKTEFm+xz5z84=
-12,3,Jzqyv5PucFMCQl7D4GH32ymwFU8=,cp8fYSsuWTh7dnnKTEFm+xz5z84=
-12,6,Jzqyv5PucFMCQl7D4GH32ymwFU8=,cp8fYSsuWTh7dnnKTEFm+xz5z84=
-7,0,Jzqyv5PucFMCQl7D4GH32ymwFU8=,cp8fYSsuWTh7dnnKTEFm+xz5z84=
-8,3,Jzqyv5PucFMCQl7D4GH32ymwFU8=,cp8fYSsuWTh7dnnKTEFm+xz5z84=
-12,0,Jzqyv5PucFMCQl7D4GH32ymwFU8=,cp8fYSsuWTh7dnnKTEFm+xz5z84=
-2,9,Jzqyv5PucFMCQl7D4GH32ymwFU8=,StLk3gypi3Lo/s9hkrYDG7spJ+A=
-2,8,Jzqyv5PucFMCQl7D4GH32ymwFU8=,StLk3gypi3Lo/s9hkrYDG7spJ+A=
-2,11,Jzqyv5PucFMCQl7D4GH32ymwFU8=,StLk3gypi3Lo/s9hkrYDG7spJ+A=
-1,12,Jzqyv5PucFMCQl7D4GH32ymwFU8=,oE+3fTbp1YhJg25uHdy1uf/01Bk=
-9,6,Jzqyv5PucFMCQl7D4GH32ymwFU8=,cp8fYSsuWTh7dnnKTEFm+xz5z84=
-11,6,Jzqyv5PucFMCQl7D4GH32ymwFU8=,cp8fYSsuWTh7dnnKTEFm+xz5z84=
-6,2,Jzqyv5PucFMCQl7D4GH32ymwFU8=,cp8fYSsuWTh7dnnKTEFm+xz5z84=
-8,8,Jzqyv5PucFMCQl7D4GH32ymwFU8=,cp8fYSsuWTh7dnnKTEFm+xz5z84=
-2,7,Jzqyv5PucFMCQl7D4GH32ymwFU8=,pFYN5RR6Qnc0e0pFhmF7IgfRZsk=
-5,0,Jzqyv5PucFMCQl7D4GH32ymwFU8=,cp8fYSsuWTh7dnnKTEFm+xz5z84=
-2,10,Jzqyv5PucFMCQl7D4GH32ymwFU8=,StLk3gypi3Lo/s9hkrYDG7spJ+A=
-8,6,Jzqyv5PucFMCQl7D4GH32ymwFU8=,cp8fYSsuWTh7dnnKTEFm+xz5z84=
-7,2,Jzqyv5PucFMCQl7D4GH32ymwFU8=,cp8fYSsuWTh7dnnKTEFm+xz5z84=
-8,1,Jzqyv5PucFMCQl7D4GH32ymwFU8=,cp8fYSsuWTh7dnnKTEFm+xz5z84=
-7,4,Jzqyv5PucFMCQl7D4GH32ymwFU8=,cp8fYSsuWTh7dnnKTEFm+xz5z84=
-7,5,Jzqyv5PucFMCQl7D4GH32ymwFU8=,cp8fYSsuWTh7dnnKTEFm+xz5z84=
-7,1,Jzqyv5PucFMCQl7D4GH32ymwFU8=,cp8fYSsuWTh7dnnKTEFm+xz5z84=
-1,11,kU08t7n7jiOpVLGtcKMvdYBaT8U=,StLk3gypi3Lo/s9hkrYDG7spJ+A=
-7,3,kU08t7n7jiOpVLGtcKMvdYBaT8U=,cp8fYSsuWTh7dnnKTEFm+xz5z84=
-1,10,kU08t7n7jiOpVLGtcKMvdYBaT8U=,StLk3gypi3Lo/s9hkrYDG7spJ+A=
-1,9,kU08t7n7jiOpVLGtcKMvdYBaT8U=,StLk3gypi3Lo/s9hkrYDG7spJ+A=
-7,6,kU08t7n7jiOpVLGtcKMvdYBaT8U=,cp8fYSsuWTh7dnnKTEFm+xz5z84=
-8,4,kU08t7n7jiOpVLGtcKMvdYBaT8U=,cp8fYSsuWTh7dnnKTEFm+xz5z84=
-1,15,kU08t7n7jiOpVLGtcKMvdYBaT8U=,oE+3fTbp1YhJg25uHdy1uf/01Bk=
-6,0,kU08t7n7jiOpVLGtcKMvdYBaT8U=,cp8fYSsuWTh7dnnKTEFm+xz5z84=
-2,1,kU08t7n7jiOpVLGtcKMvdYBaT8U=,xPbLaFY30mjhtLZiU7GRTPWveH4=
-6,1,kU08t7n7jiOpVLGtcKMvdYBaT8U=,cp8fYSsuWTh7dnnKTEFm+xz5z84=
-2,15,kU08t7n7jiOpVLGtcKMvdYBaT8U=,oE+3fTbp1YhJg25uHdy1uf/01Bk=
-1,14,kU08t7n7jiOpVLGtcKMvdYBaT8U=,oE+3fTbp1YhJg25uHdy1uf/01Bk=
-1,1,kU08t7n7jiOpVLGtcKMvdYBaT8U=,xPbLaFY30mjhtLZiU7GRTPWveH4=
-4,1,kU08t7n7jiOpVLGtcKMvdYBaT8U=,xPbLaFY30mjhtLZiU7GRTPWveH4=
-5,1,kU08t7n7jiOpVLGtcKMvdYBaT8U=,cp8fYSsuWTh7dnnKTEFm+xz5z84=
-2,14,kU08t7n7jiOpVLGtcKMvdYBaT8U=,oE+3fTbp1YhJg25uHdy1uf/01Bk=
-3,1,kU08t7n7jiOpVLGtcKMvdYBaT8U=,xPbLaFY30mjhtLZiU7GRTPWveH4=
-1,0,kU08t7n7jiOpVLGtcKMvdYBaT8U=,xPbLaFY30mjhtLZiU7GRTPWveH4=
-4,0,kU08t7n7jiOpVLGtcKMvdYBaT8U=,xPbLaFY30mjhtLZiU7GRTPWveH4=
-2,0,kU08t7n7jiOpVLGtcKMvdYBaT8U=,xPbLaFY30mjhtLZiU7GRTPWveH4=
-3,0,kU08t7n7jiOpVLGtcKMvdYBaT8U=,xPbLaFY30mjhtLZiU7GRTPWveH4=
