-31,41,W5s25cBqMDFFH8SrIPVsbGyuJq0=,6Bb36KsjCzCe2grAstKcDV5UO3I=
-27,46,W5s25cBqMDFFH8SrIPVsbGyuJq0=,6Bb36KsjCzCe2grAstKcDV5UO3I=
-28,46,W5s25cBqMDFFH8SrIPVsbGyuJq0=,6Bb36KsjCzCe2grAstKcDV5UO3I=
-26,46,W5s25cBqMDFFH8SrIPVsbGyuJq0=,6Bb36KsjCzCe2grAstKcDV5UO3I=
-29,46,W5s25cBqMDFFH8SrIPVsbGyuJq0=,6Bb36KsjCzCe2grAstKcDV5UO3I=
-30,46,W5s25cBqMDFFH8SrIPVsbGyuJq0=,6Bb36KsjCzCe2grAstKcDV5UO3I=
-31,46,W5s25cBqMDFFH8SrIPVsbGyuJq0=,6Bb36KsjCzCe2grAstKcDV5UO3I=
-26,45,W5s25cBqMDFFH8SrIPVsbGyuJq0=,6Bb36KsjCzCe2grAstKcDV5UO3I=
-27,45,W5s25cBqMDFFH8SrIPVsbGyuJq0=,6Bb36KsjCzCe2grAstKcDV5UO3I=
-28,45,W5s25cBqMDFFH8SrIPVsbGyuJq0=,6Bb36KsjCzCe2grAstKcDV5UO3I=
-29,45,W5s25cBqMDFFH8SrIPVsbGyuJq0=,6Bb36KsjCzCe2grAstKcDV5UO3I=
-30,45,W5s25cBqMDFFH8SrIPVsbGyuJq0=,6Bb36KsjCzCe2grAstKcDV5UO3I=
-31,45,W5s25cBqMDFFH8SrIPVsbGyuJq0=,6Bb36KsjCzCe2grAstKcDV5UO3I=
-26,44,W5s25cBqMDFFH8SrIPVsbGyuJq0=,6Bb36KsjCzCe2grAstKcDV5UO3I=
-27,44,W5s25cBqMDFFH8SrIPVsbGyuJq0=,6Bb36KsjCzCe2grAstKcDV5UO3I=
-28,44,W5s25cBqMDFFH8SrIPVsbGyuJq0=,6Bb36KsjCzCe2grAstKcDV5UO3I=
-29,44,W5s25cBqMDFFH8SrIPVsbGyuJq0=,6Bb36KsjCzCe2grAstKcDV5UO3I=
-30,44,W5s25cBqMDFFH8SrIPVsbGyuJq0=,6Bb36KsjCzCe2grAstKcDV5UO3I=
-31,44,W5s25cBqMDFFH8SrIPVsbGyuJq0=,6Bb36KsjCzCe2grAstKcDV5UO3I=
-26,43,W5s25cBqMDFFH8SrIPVsbGyuJq0=,6Bb36KsjCzCe2grAstKcDV5UO3I=
-27,43,W5s25cBqMDFFH8SrIPVsbGyuJq0=,6Bb36KsjCzCe2grAstKcDV5UO3I=
-28,43,W5s25cBqMDFFH8SrIPVsbGyuJq0=,6Bb36KsjCzCe2grAstKcDV5UO3I=
-29,43,W5s25cBqMDFFH8SrIPVsbGyuJq0=,6Bb36KsjCzCe2grAstKcDV5UO3I=
-31,43,W5s25cBqMDFFH8SrIPVsbGyuJq0=,6Bb36KsjCzCe2grAstKcDV5UO3I=
-30,43,W5s25cBqMDFFH8SrIPVsbGyuJq0=,6Bb36KsjCzCe2grAstKcDV5UO3I=
-26,42,W5s25cBqMDFFH8SrIPVsbGyuJq0=,6Bb36KsjCzCe2grAstKcDV5UO3I=
-27,42,W5s25cBqMDFFH8SrIPVsbGyuJq0=,6Bb36KsjCzCe2grAstKcDV5UO3I=
-28,42,W5s25cBqMDFFH8SrIPVsbGyuJq0=,6Bb36KsjCzCe2grAstKcDV5UO3I=
-29,42,W5s25cBqMDFFH8SrIPVsbGyuJq0=,6Bb36KsjCzCe2grAstKcDV5UO3I=
-30,42,W5s25cBqMDFFH8SrIPVsbGyuJq0=,6Bb36KsjCzCe2grAstKcDV5UO3I=
-26,41,W5s25cBqMDFFH8SrIPVsbGyuJq0=,6Bb36KsjCzCe2grAstKcDV5UO3I=
-27,41,W5s25cBqMDFFH8SrIPVsbGyuJq0=,6Bb36KsjCzCe2grAstKcDV5UO3I=
-29,41,W5s25cBqMDFFH8SrIPVsbGyuJq0=,6Bb36KsjCzCe2grAstKcDV5UO3I=
-28,41,W5s25cBqMDFFH8SrIPVsbGyuJq0=,6Bb36KsjCzCe2grAstKcDV5UO3I=
-30,41,W5s25cBqMDFFH8SrIPVsbGyuJq0=,6Bb36KsjCzCe2grAstKcDV5UO3I=
-27,39,W5s25cBqMDFFH8SrIPVsbGyuJq0=,6Bb36KsjCzCe2grAstKcDV5UO3I=
-32,38,W5s25cBqMDFFH8SrIPVsbGyuJq0=,6Bb36KsjCzCe2grAstKcDV5UO3I=
-26,39,W5s25cBqMDFFH8SrIPVsbGyuJq0=,6Bb36KsjCzCe2grAstKcDV5UO3I=
-31,38,W5s25cBqMDFFH8SrIPVsbGyuJq0=,6Bb36KsjCzCe2grAstKcDV5UO3I=
-28,39,W5s25cBqMDFFH8SrIPVsbGyuJq0=,6Bb36KsjCzCe2grAstKcDV5UO3I=
-30,38,W5s25cBqMDFFH8SrIPVsbGyuJq0=,6Bb36KsjCzCe2grAstKcDV5UO3I=
-31,40,W5s25cBqMDFFH8SrIPVsbGyuJq0=,6Bb36KsjCzCe2grAstKcDV5UO3I=
-30,40,W5s25cBqMDFFH8SrIPVsbGyuJq0=,6Bb36KsjCzCe2grAstKcDV5UO3I=
-29,40,W5s25cBqMDFFH8SrIPVsbGyuJq0=,6Bb36KsjCzCe2grAstKcDV5UO3I=
-28,40,W5s25cBqMDFFH8SrIPVsbGyuJq0=,6Bb36KsjCzCe2grAstKcDV5UO3I=
-31,35,W5s25cBqMDFFH8SrIPVsbGyuJq0=,6Bb36KsjCzCe2grAstKcDV5UO3I=
-30,35,W5s25cBqMDFFH8SrIPVsbGyuJq0=,6Bb36KsjCzCe2grAstKcDV5UO3I=
-29,35,W5s25cBqMDFFH8SrIPVsbGyuJq0=,6Bb36KsjCzCe2grAstKcDV5UO3I=
-27,40,W5s25cBqMDFFH8SrIPVsbGyuJq0=,6Bb36KsjCzCe2grAstKcDV5UO3I=
-28,35,W5s25cBqMDFFH8SrIPVsbGyuJq0=,6Bb36KsjCzCe2grAstKcDV5UO3I=
-26,40,W5s25cBqMDFFH8SrIPVsbGyuJq0=,6Bb36KsjCzCe2grAstKcDV5UO3I=
-27,35,W5s25cBqMDFFH8SrIPVsbGyuJq0=,6Bb36KsjCzCe2grAstKcDV5UO3I=
-26,35,W5s25cBqMDFFH8SrIPVsbGyuJq0=,6Bb36KsjCzCe2grAstKcDV5UO3I=
-31,42,W5s25cBqMDFFH8SrIPVsbGyuJq0=,6Bb36KsjCzCe2grAstKcDV5UO3I=
-31,34,W5s25cBqMDFFH8SrIPVsbGyuJq0=,6Bb36KsjCzCe2grAstKcDV5UO3I=
-32,36,W5s25cBqMDFFH8SrIPVsbGyuJq0=,6Bb36KsjCzCe2grAstKcDV5UO3I=
-31,36,W5s25cBqMDFFH8SrIPVsbGyuJq0=,6Bb36KsjCzCe2grAstKcDV5UO3I=
-30,34,W5s25cBqMDFFH8SrIPVsbGyuJq0=,6Bb36KsjCzCe2grAstKcDV5UO3I=
-29,34,W5s25cBqMDFFH8SrIPVsbGyuJq0=,6Bb36KsjCzCe2grAstKcDV5UO3I=
-28,34,W5s25cBqMDFFH8SrIPVsbGyuJq0=,6Bb36KsjCzCe2grAstKcDV5UO3I=
-32,37,SUjbqW7QNtRCp6x9S7U+8JvHnPE=,6Bb36KsjCzCe2grAstKcDV5UO3I=
-27,34,SUjbqW7QNtRCp6x9S7U+8JvHnPE=,6Bb36KsjCzCe2grAstKcDV5UO3I=
-26,34,SUjbqW7QNtRCp6x9S7U+8JvHnPE=,6Bb36KsjCzCe2grAstKcDV5UO3I=
-32,35,SUjbqW7QNtRCp6x9S7U+8JvHnPE=,6Bb36KsjCzCe2grAstKcDV5UO3I=
-30,36,SUjbqW7QNtRCp6x9S7U+8JvHnPE=,6Bb36KsjCzCe2grAstKcDV5UO3I=
-26,38,SUjbqW7QNtRCp6x9S7U+8JvHnPE=,6Bb36KsjCzCe2grAstKcDV5UO3I=
-29,33,SUjbqW7QNtRCp6x9S7U+8JvHnPE=,6Bb36KsjCzCe2grAstKcDV5UO3I=
-32,33,SUjbqW7QNtRCp6x9S7U+8JvHnPE=,6Bb36KsjCzCe2grAstKcDV5UO3I=
-28,33,SUjbqW7QNtRCp6x9S7U+8JvHnPE=,6Bb36KsjCzCe2grAstKcDV5UO3I=
-29,36,SUjbqW7QNtRCp6x9S7U+8JvHnPE=,6Bb36KsjCzCe2grAstKcDV5UO3I=
-27,33,SUjbqW7QNtRCp6x9S7U+8JvHnPE=,6Bb36KsjCzCe2grAstKcDV5UO3I=
-26,33,SUjbqW7QNtRCp6x9S7U+8JvHnPE=,6Bb36KsjCzCe2grAstKcDV5UO3I=
-28,36,SUjbqW7QNtRCp6x9S7U+8JvHnPE=,6Bb36KsjCzCe2grAstKcDV5UO3I=
-31,37,SUjbqW7QNtRCp6x9S7U+8JvHnPE=,6Bb36KsjCzCe2grAstKcDV5UO3I=
-31,39,SUjbqW7QNtRCp6x9S7U+8JvHnPE=,6Bb36KsjCzCe2grAstKcDV5UO3I=
-31,33,SUjbqW7QNtRCp6x9S7U+8JvHnPE=,6Bb36KsjCzCe2grAstKcDV5UO3I=
-30,37,SUjbqW7QNtRCp6x9S7U+8JvHnPE=,6Bb36KsjCzCe2grAstKcDV5UO3I=
-29,37,SUjbqW7QNtRCp6x9S7U+8JvHnPE=,6Bb36KsjCzCe2grAstKcDV5UO3I=
-28,37,SUjbqW7QNtRCp6x9S7U+8JvHnPE=,6Bb36KsjCzCe2grAstKcDV5UO3I=
-29,38,SUjbqW7QNtRCp6x9S7U+8JvHnPE=,6Bb36KsjCzCe2grAstKcDV5UO3I=
-27,37,SUjbqW7QNtRCp6x9S7U+8JvHnPE=,6Bb36KsjCzCe2grAstKcDV5UO3I=
-26,37,SUjbqW7QNtRCp6x9S7U+8JvHnPE=,6Bb36KsjCzCe2grAstKcDV5UO3I=
-27,36,SUjbqW7QNtRCp6x9S7U+8JvHnPE=,6Bb36KsjCzCe2grAstKcDV5UO3I=
-30,39,SUjbqW7QNtRCp6x9S7U+8JvHnPE=,6Bb36KsjCzCe2grAstKcDV5UO3I=
-32,34,SUjbqW7QNtRCp6x9S7U+8JvHnPE=,6Bb36KsjCzCe2grAstKcDV5UO3I=
-26,36,SUjbqW7QNtRCp6x9S7U+8JvHnPE=,6Bb36KsjCzCe2grAstKcDV5UO3I=
-27,38,SUjbqW7QNtRCp6x9S7U+8JvHnPE=,6Bb36KsjCzCe2grAstKcDV5UO3I=
-29,39,SUjbqW7QNtRCp6x9S7U+8JvHnPE=,6Bb36KsjCzCe2grAstKcDV5UO3I=
-30,33,SUjbqW7QNtRCp6x9S7U+8JvHnPE=,6Bb36KsjCzCe2grAstKcDV5UO3I=
-28,47,SUjbqW7QNtRCp6x9S7U+8JvHnPE=,6Bb36KsjCzCe2grAstKcDV5UO3I=
-27,47,SUjbqW7QNtRCp6x9S7U+8JvHnPE=,6Bb36KsjCzCe2grAstKcDV5UO3I=
-26,47,SUjbqW7QNtRCp6x9S7U+8JvHnPE=,6Bb36KsjCzCe2grAstKcDV5UO3I=
-31,47,SUjbqW7QNtRCp6x9S7U+8JvHnPE=,6Bb36KsjCzCe2grAstKcDV5UO3I=
-30,47,SUjbqW7QNtRCp6x9S7U+8JvHnPE=,6Bb36KsjCzCe2grAstKcDV5UO3I=
-29,47,SUjbqW7QNtRCp6x9S7U+8JvHnPE=,6Bb36KsjCzCe2grAstKcDV5UO3I=
-28,38,SUjbqW7QNtRCp6x9S7U+8JvHnPE=,6Bb36KsjCzCe2grAstKcDV5UO3I=
-29,32,SUjbqW7QNtRCp6x9S7U+8JvHnPE=,6Bb36KsjCzCe2grAstKcDV5UO3I=
-31,32,SUjbqW7QNtRCp6x9S7U+8JvHnPE=,6Bb36KsjCzCe2grAstKcDV5UO3I=
-28,32,SUjbqW7QNtRCp6x9S7U+8JvHnPE=,6Bb36KsjCzCe2grAstKcDV5UO3I=
-27,32,SUjbqW7QNtRCp6x9S7U+8JvHnPE=,6Bb36KsjCzCe2grAstKcDV5UO3I=
-26,32,SUjbqW7QNtRCp6x9S7U+8JvHnPE=,6Bb36KsjCzCe2grAstKcDV5UO3I=
-30,32,SUjbqW7QNtRCp6x9S7U+8JvHnPE=,6Bb36KsjCzCe2grAstKcDV5UO3I=
-32,47,SUjbqW7QNtRCp6x9S7U+8JvHnPE=,6Bb36KsjCzCe2grAstKcDV5UO3I=
-32,40,SUjbqW7QNtRCp6x9S7U+8JvHnPE=,6Bb36KsjCzCe2grAstKcDV5UO3I=
-32,41,SUjbqW7QNtRCp6x9S7U+8JvHnPE=,6Bb36KsjCzCe2grAstKcDV5UO3I=
-32,43,SUjbqW7QNtRCp6x9S7U+8JvHnPE=,6Bb36KsjCzCe2grAstKcDV5UO3I=
-32,42,SUjbqW7QNtRCp6x9S7U+8JvHnPE=,6Bb36KsjCzCe2grAstKcDV5UO3I=
-32,44,SUjbqW7QNtRCp6x9S7U+8JvHnPE=,6Bb36KsjCzCe2grAstKcDV5UO3I=
-32,39,SUjbqW7QNtRCp6x9S7U+8JvHnPE=,6Bb36KsjCzCe2grAstKcDV5UO3I=
-32,46,SUjbqW7QNtRCp6x9S7U+8JvHnPE=,6Bb36KsjCzCe2grAstKcDV5UO3I=
-32,32,SUjbqW7QNtRCp6x9S7U+8JvHnPE=,6Bb36KsjCzCe2grAstKcDV5UO3I=
-20,45,SUjbqW7QNtRCp6x9S7U+8JvHnPE=,6Bb36KsjCzCe2grAstKcDV5UO3I=
-19,45,SUjbqW7QNtRCp6x9S7U+8JvHnPE=,6Bb36KsjCzCe2grAstKcDV5UO3I=
-18,45,SUjbqW7QNtRCp6x9S7U+8JvHnPE=,6Bb36KsjCzCe2grAstKcDV5UO3I=
-17,45,SUjbqW7QNtRCp6x9S7U+8JvHnPE=,6Bb36KsjCzCe2grAstKcDV5UO3I=
-24,46,SUjbqW7QNtRCp6x9S7U+8JvHnPE=,6Bb36KsjCzCe2grAstKcDV5UO3I=
-23,46,SUjbqW7QNtRCp6x9S7U+8JvHnPE=,6Bb36KsjCzCe2grAstKcDV5UO3I=
-22,46,SUjbqW7QNtRCp6x9S7U+8JvHnPE=,6Bb36KsjCzCe2grAstKcDV5UO3I=
-21,46,SUjbqW7QNtRCp6x9S7U+8JvHnPE=,6Bb36KsjCzCe2grAstKcDV5UO3I=
-20,46,SUjbqW7QNtRCp6x9S7U+8JvHnPE=,6Bb36KsjCzCe2grAstKcDV5UO3I=
-19,46,SUjbqW7QNtRCp6x9S7U+8JvHnPE=,6Bb36KsjCzCe2grAstKcDV5UO3I=
-25,41,SUjbqW7QNtRCp6x9S7U+8JvHnPE=,6Bb36KsjCzCe2grAstKcDV5UO3I=
-18,46,SUjbqW7QNtRCp6x9S7U+8JvHnPE=,6Bb36KsjCzCe2grAstKcDV5UO3I=
-17,46,SUjbqW7QNtRCp6x9S7U+8JvHnPE=,6Bb36KsjCzCe2grAstKcDV5UO3I=
-24,47,SUjbqW7QNtRCp6x9S7U+8JvHnPE=,6Bb36KsjCzCe2grAstKcDV5UO3I=
-23,47,SUjbqW7QNtRCp6x9S7U+8JvHnPE=,6Bb36KsjCzCe2grAstKcDV5UO3I=
-22,47,SUjbqW7QNtRCp6x9S7U+8JvHnPE=,6Bb36KsjCzCe2grAstKcDV5UO3I=
-21,47,SUjbqW7QNtRCp6x9S7U+8JvHnPE=,6Bb36KsjCzCe2grAstKcDV5UO3I=
-20,47,SUjbqW7QNtRCp6x9S7U+8JvHnPE=,6Bb36KsjCzCe2grAstKcDV5UO3I=
-25,42,SUjbqW7QNtRCp6x9S7U+8JvHnPE=,6Bb36KsjCzCe2grAstKcDV5UO3I=
-25,47,SUjbqW7QNtRCp6x9S7U+8JvHnPE=,6Bb36KsjCzCe2grAstKcDV5UO3I=
-19,47,SUjbqW7QNtRCp6x9S7U+8JvHnPE=,6Bb36KsjCzCe2grAstKcDV5UO3I=
-18,47,SUjbqW7QNtRCp6x9S7U+8JvHnPE=,6Bb36KsjCzCe2grAstKcDV5UO3I=
-24,41,SUjbqW7QNtRCp6x9S7U+8JvHnPE=,6Bb36KsjCzCe2grAstKcDV5UO3I=
-17,47,SUjbqW7QNtRCp6x9S7U+8JvHnPE=,6Bb36KsjCzCe2grAstKcDV5UO3I=
-23,41,SUjbqW7QNtRCp6x9S7U+8JvHnPE=,6Bb36KsjCzCe2grAstKcDV5UO3I=
-22,41,SUjbqW7QNtRCp6x9S7U+8JvHnPE=,6Bb36KsjCzCe2grAstKcDV5UO3I=
-21,41,SUjbqW7QNtRCp6x9S7U+8JvHnPE=,6Bb36KsjCzCe2grAstKcDV5UO3I=
-20,41,SUjbqW7QNtRCp6x9S7U+8JvHnPE=,6Bb36KsjCzCe2grAstKcDV5UO3I=
-19,41,SUjbqW7QNtRCp6x9S7U+8JvHnPE=,6Bb36KsjCzCe2grAstKcDV5UO3I=
-18,41,SUjbqW7QNtRCp6x9S7U+8JvHnPE=,6Bb36KsjCzCe2grAstKcDV5UO3I=
-25,46,SUjbqW7QNtRCp6x9S7U+8JvHnPE=,6Bb36KsjCzCe2grAstKcDV5UO3I=
-17,41,SUjbqW7QNtRCp6x9S7U+8JvHnPE=,6Bb36KsjCzCe2grAstKcDV5UO3I=
-24,42,SUjbqW7QNtRCp6x9S7U+8JvHnPE=,6Bb36KsjCzCe2grAstKcDV5UO3I=
-25,43,SUjbqW7QNtRCp6x9S7U+8JvHnPE=,6Bb36KsjCzCe2grAstKcDV5UO3I=
-23,42,SUjbqW7QNtRCp6x9S7U+8JvHnPE=,6Bb36KsjCzCe2grAstKcDV5UO3I=
-22,42,SUjbqW7QNtRCp6x9S7U+8JvHnPE=,6Bb36KsjCzCe2grAstKcDV5UO3I=
-21,42,SUjbqW7QNtRCp6x9S7U+8JvHnPE=,6Bb36KsjCzCe2grAstKcDV5UO3I=
-20,42,SUjbqW7QNtRCp6x9S7U+8JvHnPE=,6Bb36KsjCzCe2grAstKcDV5UO3I=
-19,42,SUjbqW7QNtRCp6x9S7U+8JvHnPE=,6Bb36KsjCzCe2grAstKcDV5UO3I=
-18,42,SUjbqW7QNtRCp6x9S7U+8JvHnPE=,6Bb36KsjCzCe2grAstKcDV5UO3I=
-17,42,SUjbqW7QNtRCp6x9S7U+8JvHnPE=,6Bb36KsjCzCe2grAstKcDV5UO3I=
-24,43,SUjbqW7QNtRCp6x9S7U+8JvHnPE=,6Bb36KsjCzCe2grAstKcDV5UO3I=
-23,43,SUjbqW7QNtRCp6x9S7U+8JvHnPE=,6Bb36KsjCzCe2grAstKcDV5UO3I=
-22,43,SUjbqW7QNtRCp6x9S7U+8JvHnPE=,6Bb36KsjCzCe2grAstKcDV5UO3I=
-21,43,SUjbqW7QNtRCp6x9S7U+8JvHnPE=,6Bb36KsjCzCe2grAstKcDV5UO3I=
-20,43,SUjbqW7QNtRCp6x9S7U+8JvHnPE=,6Bb36KsjCzCe2grAstKcDV5UO3I=
-19,43,SUjbqW7QNtRCp6x9S7U+8JvHnPE=,6Bb36KsjCzCe2grAstKcDV5UO3I=
-18,43,SUjbqW7QNtRCp6x9S7U+8JvHnPE=,6Bb36KsjCzCe2grAstKcDV5UO3I=
-17,43,SUjbqW7QNtRCp6x9S7U+8JvHnPE=,6Bb36KsjCzCe2grAstKcDV5UO3I=
-24,44,SUjbqW7QNtRCp6x9S7U+8JvHnPE=,6Bb36KsjCzCe2grAstKcDV5UO3I=
-25,44,SUjbqW7QNtRCp6x9S7U+8JvHnPE=,6Bb36KsjCzCe2grAstKcDV5UO3I=
-23,44,SUjbqW7QNtRCp6x9S7U+8JvHnPE=,6Bb36KsjCzCe2grAstKcDV5UO3I=
-22,44,SUjbqW7QNtRCp6x9S7U+8JvHnPE=,6Bb36KsjCzCe2grAstKcDV5UO3I=
-21,44,SUjbqW7QNtRCp6x9S7U+8JvHnPE=,6Bb36KsjCzCe2grAstKcDV5UO3I=
-20,44,SUjbqW7QNtRCp6x9S7U+8JvHnPE=,6Bb36KsjCzCe2grAstKcDV5UO3I=
-19,44,SUjbqW7QNtRCp6x9S7U+8JvHnPE=,6Bb36KsjCzCe2grAstKcDV5UO3I=
-18,44,SUjbqW7QNtRCp6x9S7U+8JvHnPE=,6Bb36KsjCzCe2grAstKcDV5UO3I=
-17,44,SUjbqW7QNtRCp6x9S7U+8JvHnPE=,6Bb36KsjCzCe2grAstKcDV5UO3I=
-24,45,SUjbqW7QNtRCp6x9S7U+8JvHnPE=,6Bb36KsjCzCe2grAstKcDV5UO3I=
-23,45,SUjbqW7QNtRCp6x9S7U+8JvHnPE=,6Bb36KsjCzCe2grAstKcDV5UO3I=
-32,45,SUjbqW7QNtRCp6x9S7U+8JvHnPE=,6Bb36KsjCzCe2grAstKcDV5UO3I=
-22,45,SUjbqW7QNtRCp6x9S7U+8JvHnPE=,6Bb36KsjCzCe2grAstKcDV5UO3I=
-25,45,SUjbqW7QNtRCp6x9S7U+8JvHnPE=,6Bb36KsjCzCe2grAstKcDV5UO3I=
-21,45,SUjbqW7QNtRCp6x9S7U+8JvHnPE=,6Bb36KsjCzCe2grAstKcDV5UO3I=
-25,39,SUjbqW7QNtRCp6x9S7U+8JvHnPE=,6Bb36KsjCzCe2grAstKcDV5UO3I=
-25,35,SUjbqW7QNtRCp6x9S7U+8JvHnPE=,6Bb36KsjCzCe2grAstKcDV5UO3I=
-25,40,SUjbqW7QNtRCp6x9S7U+8JvHnPE=,6Bb36KsjCzCe2grAstKcDV5UO3I=
-25,34,SUjbqW7QNtRCp6x9S7U+8JvHnPE=,6Bb36KsjCzCe2grAstKcDV5UO3I=
-20,35,SUjbqW7QNtRCp6x9S7U+8JvHnPE=,6Bb36KsjCzCe2grAstKcDV5UO3I=
-19,35,SUjbqW7QNtRCp6x9S7U+8JvHnPE=,6Bb36KsjCzCe2grAstKcDV5UO3I=
-18,35,SUjbqW7QNtRCp6x9S7U+8JvHnPE=,6Bb36KsjCzCe2grAstKcDV5UO3I=
-17,35,SUjbqW7QNtRCp6x9S7U+8JvHnPE=,6Bb36KsjCzCe2grAstKcDV5UO3I=
-23,40,SUjbqW7QNtRCp6x9S7U+8JvHnPE=,6Bb36KsjCzCe2grAstKcDV5UO3I=
-24,40,SUjbqW7QNtRCp6x9S7U+8JvHnPE=,6Bb36KsjCzCe2grAstKcDV5UO3I=
-17,39,SUjbqW7QNtRCp6x9S7U+8JvHnPE=,6Bb36KsjCzCe2grAstKcDV5UO3I=
-21,35,SUjbqW7QNtRCp6x9S7U+8JvHnPE=,6Bb36KsjCzCe2grAstKcDV5UO3I=
-18,39,SUjbqW7QNtRCp6x9S7U+8JvHnPE=,6Bb36KsjCzCe2grAstKcDV5UO3I=
-22,35,SUjbqW7QNtRCp6x9S7U+8JvHnPE=,6Bb36KsjCzCe2grAstKcDV5UO3I=
-22,40,SUjbqW7QNtRCp6x9S7U+8JvHnPE=,6Bb36KsjCzCe2grAstKcDV5UO3I=
-19,39,SUjbqW7QNtRCp6x9S7U+8JvHnPE=,6Bb36KsjCzCe2grAstKcDV5UO3I=
-24,36,SUjbqW7QNtRCp6x9S7U+8JvHnPE=,6Bb36KsjCzCe2grAstKcDV5UO3I=
-21,40,SUjbqW7QNtRCp6x9S7U+8JvHnPE=,6Bb36KsjCzCe2grAstKcDV5UO3I=
-24,39,SUjbqW7QNtRCp6x9S7U+8JvHnPE=,6Bb36KsjCzCe2grAstKcDV5UO3I=
-24,35,SUjbqW7QNtRCp6x9S7U+8JvHnPE=,6Bb36KsjCzCe2grAstKcDV5UO3I=
-23,39,SUjbqW7QNtRCp6x9S7U+8JvHnPE=,6Bb36KsjCzCe2grAstKcDV5UO3I=
-23,35,SUjbqW7QNtRCp6x9S7U+8JvHnPE=,6Bb36KsjCzCe2grAstKcDV5UO3I=
-17,34,SUjbqW7QNtRCp6x9S7U+8JvHnPE=,6Bb36KsjCzCe2grAstKcDV5UO3I=
-20,39,SUjbqW7QNtRCp6x9S7U+8JvHnPE=,6Bb36KsjCzCe2grAstKcDV5UO3I=
-17,38,SUjbqW7QNtRCp6x9S7U+8JvHnPE=,6Bb36KsjCzCe2grAstKcDV5UO3I=
-23,36,SUjbqW7QNtRCp6x9S7U+8JvHnPE=,6Bb36KsjCzCe2grAstKcDV5UO3I=
-25,32,SUjbqW7QNtRCp6x9S7U+8JvHnPE=,6Bb36KsjCzCe2grAstKcDV5UO3I=
-20,34,SUjbqW7QNtRCp6x9S7U+8JvHnPE=,6Bb36KsjCzCe2grAstKcDV5UO3I=
-21,39,SUjbqW7QNtRCp6x9S7U+8JvHnPE=,6Bb36KsjCzCe2grAstKcDV5UO3I=
-25,37,SUjbqW7QNtRCp6x9S7U+8JvHnPE=,6Bb36KsjCzCe2grAstKcDV5UO3I=
-21,34,SUjbqW7QNtRCp6x9S7U+8JvHnPE=,6Bb36KsjCzCe2grAstKcDV5UO3I=
-18,34,SUjbqW7QNtRCp6x9S7U+8JvHnPE=,6Bb36KsjCzCe2grAstKcDV5UO3I=
-19,34,SUjbqW7QNtRCp6x9S7U+8JvHnPE=,6Bb36KsjCzCe2grAstKcDV5UO3I=
-24,34,SUjbqW7QNtRCp6x9S7U+8JvHnPE=,6Bb36KsjCzCe2grAstKcDV5UO3I=
-18,38,SUjbqW7QNtRCp6x9S7U+8JvHnPE=,6Bb36KsjCzCe2grAstKcDV5UO3I=
-19,38,SUjbqW7QNtRCp6x9S7U+8JvHnPE=,6Bb36KsjCzCe2grAstKcDV5UO3I=
-23,34,SUjbqW7QNtRCp6x9S7U+8JvHnPE=,6Bb36KsjCzCe2grAstKcDV5UO3I=
-17,33,SUjbqW7QNtRCp6x9S7U+8JvHnPE=,6Bb36KsjCzCe2grAstKcDV5UO3I=
-23,38,SUjbqW7QNtRCp6x9S7U+8JvHnPE=,6Bb36KsjCzCe2grAstKcDV5UO3I=
-22,39,SUjbqW7QNtRCp6x9S7U+8JvHnPE=,6Bb36KsjCzCe2grAstKcDV5UO3I=
-20,38,SUjbqW7QNtRCp6x9S7U+8JvHnPE=,6Bb36KsjCzCe2grAstKcDV5UO3I=
-25,33,SUjbqW7QNtRCp6x9S7U+8JvHnPE=,6Bb36KsjCzCe2grAstKcDV5UO3I=
-25,36,SUjbqW7QNtRCp6x9S7U+8JvHnPE=,6Bb36KsjCzCe2grAstKcDV5UO3I=
-24,38,SUjbqW7QNtRCp6x9S7U+8JvHnPE=,6Bb36KsjCzCe2grAstKcDV5UO3I=
-18,33,SUjbqW7QNtRCp6x9S7U+8JvHnPE=,6Bb36KsjCzCe2grAstKcDV5UO3I=
-20,33,SUjbqW7QNtRCp6x9S7U+8JvHnPE=,6Bb36KsjCzCe2grAstKcDV5UO3I=
-21,33,SUjbqW7QNtRCp6x9S7U+8JvHnPE=,6Bb36KsjCzCe2grAstKcDV5UO3I=
-22,38,SUjbqW7QNtRCp6x9S7U+8JvHnPE=,6Bb36KsjCzCe2grAstKcDV5UO3I=
-22,34,SUjbqW7QNtRCp6x9S7U+8JvHnPE=,6Bb36KsjCzCe2grAstKcDV5UO3I=
-24,33,SUjbqW7QNtRCp6x9S7U+8JvHnPE=,6Bb36KsjCzCe2grAstKcDV5UO3I=
-19,33,SUjbqW7QNtRCp6x9S7U+8JvHnPE=,6Bb36KsjCzCe2grAstKcDV5UO3I=
-20,37,SUjbqW7QNtRCp6x9S7U+8JvHnPE=,6Bb36KsjCzCe2grAstKcDV5UO3I=
-18,37,SUjbqW7QNtRCp6x9S7U+8JvHnPE=,6Bb36KsjCzCe2grAstKcDV5UO3I=
-17,37,SUjbqW7QNtRCp6x9S7U+8JvHnPE=,6Bb36KsjCzCe2grAstKcDV5UO3I=
-17,32,SUjbqW7QNtRCp6x9S7U+8JvHnPE=,6Bb36KsjCzCe2grAstKcDV5UO3I=
-23,33,SUjbqW7QNtRCp6x9S7U+8JvHnPE=,6Bb36KsjCzCe2grAstKcDV5UO3I=
-20,40,SUjbqW7QNtRCp6x9S7U+8JvHnPE=,6Bb36KsjCzCe2grAstKcDV5UO3I=
-23,37,SUjbqW7QNtRCp6x9S7U+8JvHnPE=,6Bb36KsjCzCe2grAstKcDV5UO3I=
-24,37,SUjbqW7QNtRCp6x9S7U+8JvHnPE=,6Bb36KsjCzCe2grAstKcDV5UO3I=
-21,37,SUjbqW7QNtRCp6x9S7U+8JvHnPE=,6Bb36KsjCzCe2grAstKcDV5UO3I=
-25,38,SUjbqW7QNtRCp6x9S7U+8JvHnPE=,6Bb36KsjCzCe2grAstKcDV5UO3I=
-20,32,SUjbqW7QNtRCp6x9S7U+8JvHnPE=,6Bb36KsjCzCe2grAstKcDV5UO3I=
-19,37,SUjbqW7QNtRCp6x9S7U+8JvHnPE=,6Bb36KsjCzCe2grAstKcDV5UO3I=
-22,33,SUjbqW7QNtRCp6x9S7U+8JvHnPE=,6Bb36KsjCzCe2grAstKcDV5UO3I=
-19,36,SUjbqW7QNtRCp6x9S7U+8JvHnPE=,6Bb36KsjCzCe2grAstKcDV5UO3I=
-17,36,SUjbqW7QNtRCp6x9S7U+8JvHnPE=,6Bb36KsjCzCe2grAstKcDV5UO3I=
-24,32,SUjbqW7QNtRCp6x9S7U+8JvHnPE=,6Bb36KsjCzCe2grAstKcDV5UO3I=
-18,36,SUjbqW7QNtRCp6x9S7U+8JvHnPE=,6Bb36KsjCzCe2grAstKcDV5UO3I=
-21,36,SUjbqW7QNtRCp6x9S7U+8JvHnPE=,6Bb36KsjCzCe2grAstKcDV5UO3I=
-23,32,SUjbqW7QNtRCp6x9S7U+8JvHnPE=,6Bb36KsjCzCe2grAstKcDV5UO3I=
-20,36,SUjbqW7QNtRCp6x9S7U+8JvHnPE=,6Bb36KsjCzCe2grAstKcDV5UO3I=
-21,32,SUjbqW7QNtRCp6x9S7U+8JvHnPE=,6Bb36KsjCzCe2grAstKcDV5UO3I=
-18,40,SUjbqW7QNtRCp6x9S7U+8JvHnPE=,6Bb36KsjCzCe2grAstKcDV5UO3I=
-17,40,SUjbqW7QNtRCp6x9S7U+8JvHnPE=,6Bb36KsjCzCe2grAstKcDV5UO3I=
-19,32,SUjbqW7QNtRCp6x9S7U+8JvHnPE=,6Bb36KsjCzCe2grAstKcDV5UO3I=
-21,38,SUjbqW7QNtRCp6x9S7U+8JvHnPE=,6Bb36KsjCzCe2grAstKcDV5UO3I=
-22,37,SUjbqW7QNtRCp6x9S7U+8JvHnPE=,6Bb36KsjCzCe2grAstKcDV5UO3I=
-18,32,SUjbqW7QNtRCp6x9S7U+8JvHnPE=,6Bb36KsjCzCe2grAstKcDV5UO3I=
-22,32,SUjbqW7QNtRCp6x9S7U+8JvHnPE=,6Bb36KsjCzCe2grAstKcDV5UO3I=
-19,40,SUjbqW7QNtRCp6x9S7U+8JvHnPE=,6Bb36KsjCzCe2grAstKcDV5UO3I=
-22,36,SUjbqW7QNtRCp6x9S7U+8JvHnPE=,6Bb36KsjCzCe2grAstKcDV5UO3I=
-15,57,0HMvrl1VD/XHIKDmOhC6rh0yGb4=,6Bb36KsjCzCe2grAstKcDV5UO3I=
-14,57,0HMvrl1VD/XHIKDmOhC6rh0yGb4=,6Bb36KsjCzCe2grAstKcDV5UO3I=
-13,57,0HMvrl1VD/XHIKDmOhC6rh0yGb4=,6Bb36KsjCzCe2grAstKcDV5UO3I=
-12,57,0HMvrl1VD/XHIKDmOhC6rh0yGb4=,6Bb36KsjCzCe2grAstKcDV5UO3I=
-11,57,0HMvrl1VD/XHIKDmOhC6rh0yGb4=,6Bb36KsjCzCe2grAstKcDV5UO3I=
-10,57,0HMvrl1VD/XHIKDmOhC6rh0yGb4=,6Bb36KsjCzCe2grAstKcDV5UO3I=
-15,58,0HMvrl1VD/XHIKDmOhC6rh0yGb4=,6Bb36KsjCzCe2grAstKcDV5UO3I=
-14,58,0HMvrl1VD/XHIKDmOhC6rh0yGb4=,6Bb36KsjCzCe2grAstKcDV5UO3I=
-13,58,0HMvrl1VD/XHIKDmOhC6rh0yGb4=,6Bb36KsjCzCe2grAstKcDV5UO3I=
-12,55,0HMvrl1VD/XHIKDmOhC6rh0yGb4=,6Bb36KsjCzCe2grAstKcDV5UO3I=
-10,54,0HMvrl1VD/XHIKDmOhC6rh0yGb4=,6Bb36KsjCzCe2grAstKcDV5UO3I=
-11,55,0HMvrl1VD/XHIKDmOhC6rh0yGb4=,6Bb36KsjCzCe2grAstKcDV5UO3I=
-10,55,0HMvrl1VD/XHIKDmOhC6rh0yGb4=,6Bb36KsjCzCe2grAstKcDV5UO3I=
-15,56,0HMvrl1VD/XHIKDmOhC6rh0yGb4=,6Bb36KsjCzCe2grAstKcDV5UO3I=
-14,56,0HMvrl1VD/XHIKDmOhC6rh0yGb4=,6Bb36KsjCzCe2grAstKcDV5UO3I=
-13,56,0HMvrl1VD/XHIKDmOhC6rh0yGb4=,6Bb36KsjCzCe2grAstKcDV5UO3I=
-14,51,0HMvrl1VD/XHIKDmOhC6rh0yGb4=,6Bb36KsjCzCe2grAstKcDV5UO3I=
-12,56,0HMvrl1VD/XHIKDmOhC6rh0yGb4=,6Bb36KsjCzCe2grAstKcDV5UO3I=
-14,52,0HMvrl1VD/XHIKDmOhC6rh0yGb4=,6Bb36KsjCzCe2grAstKcDV5UO3I=
-13,51,0HMvrl1VD/XHIKDmOhC6rh0yGb4=,6Bb36KsjCzCe2grAstKcDV5UO3I=
-12,51,0HMvrl1VD/XHIKDmOhC6rh0yGb4=,6Bb36KsjCzCe2grAstKcDV5UO3I=
-11,51,0HMvrl1VD/XHIKDmOhC6rh0yGb4=,6Bb36KsjCzCe2grAstKcDV5UO3I=
-13,53,0HMvrl1VD/XHIKDmOhC6rh0yGb4=,6Bb36KsjCzCe2grAstKcDV5UO3I=
-10,51,0HMvrl1VD/XHIKDmOhC6rh0yGb4=,6Bb36KsjCzCe2grAstKcDV5UO3I=
-14,53,0HMvrl1VD/XHIKDmOhC6rh0yGb4=,6Bb36KsjCzCe2grAstKcDV5UO3I=
-12,53,0HMvrl1VD/XHIKDmOhC6rh0yGb4=,6Bb36KsjCzCe2grAstKcDV5UO3I=
-11,53,0HMvrl1VD/XHIKDmOhC6rh0yGb4=,6Bb36KsjCzCe2grAstKcDV5UO3I=
-13,52,0HMvrl1VD/XHIKDmOhC6rh0yGb4=,6Bb36KsjCzCe2grAstKcDV5UO3I=
-10,53,0HMvrl1VD/XHIKDmOhC6rh0yGb4=,6Bb36KsjCzCe2grAstKcDV5UO3I=
-11,56,0HMvrl1VD/XHIKDmOhC6rh0yGb4=,6Bb36KsjCzCe2grAstKcDV5UO3I=
-10,56,0HMvrl1VD/XHIKDmOhC6rh0yGb4=,6Bb36KsjCzCe2grAstKcDV5UO3I=
-15,52,0HMvrl1VD/XHIKDmOhC6rh0yGb4=,6Bb36KsjCzCe2grAstKcDV5UO3I=
-15,54,0HMvrl1VD/XHIKDmOhC6rh0yGb4=,6Bb36KsjCzCe2grAstKcDV5UO3I=
-12,52,0HMvrl1VD/XHIKDmOhC6rh0yGb4=,6Bb36KsjCzCe2grAstKcDV5UO3I=
-12,49,0HMvrl1VD/XHIKDmOhC6rh0yGb4=,6Bb36KsjCzCe2grAstKcDV5UO3I=
-11,52,0HMvrl1VD/XHIKDmOhC6rh0yGb4=,6Bb36KsjCzCe2grAstKcDV5UO3I=
-14,54,0HMvrl1VD/XHIKDmOhC6rh0yGb4=,6Bb36KsjCzCe2grAstKcDV5UO3I=
-10,52,0HMvrl1VD/XHIKDmOhC6rh0yGb4=,6Bb36KsjCzCe2grAstKcDV5UO3I=
-11,49,0HMvrl1VD/XHIKDmOhC6rh0yGb4=,6Bb36KsjCzCe2grAstKcDV5UO3I=
-13,54,0HMvrl1VD/XHIKDmOhC6rh0yGb4=,6Bb36KsjCzCe2grAstKcDV5UO3I=
-10,49,0HMvrl1VD/XHIKDmOhC6rh0yGb4=,6Bb36KsjCzCe2grAstKcDV5UO3I=
-12,54,0HMvrl1VD/XHIKDmOhC6rh0yGb4=,6Bb36KsjCzCe2grAstKcDV5UO3I=
-11,54,0HMvrl1VD/XHIKDmOhC6rh0yGb4=,6Bb36KsjCzCe2grAstKcDV5UO3I=
-14,50,0HMvrl1VD/XHIKDmOhC6rh0yGb4=,6Bb36KsjCzCe2grAstKcDV5UO3I=
-15,49,0HMvrl1VD/XHIKDmOhC6rh0yGb4=,6Bb36KsjCzCe2grAstKcDV5UO3I=
-12,50,0HMvrl1VD/XHIKDmOhC6rh0yGb4=,6Bb36KsjCzCe2grAstKcDV5UO3I=
-15,50,0HMvrl1VD/XHIKDmOhC6rh0yGb4=,6Bb36KsjCzCe2grAstKcDV5UO3I=
-13,50,0HMvrl1VD/XHIKDmOhC6rh0yGb4=,6Bb36KsjCzCe2grAstKcDV5UO3I=
-14,49,0HMvrl1VD/XHIKDmOhC6rh0yGb4=,6Bb36KsjCzCe2grAstKcDV5UO3I=
-15,53,0HMvrl1VD/XHIKDmOhC6rh0yGb4=,6Bb36KsjCzCe2grAstKcDV5UO3I=
-11,50,pT2cCHd8Yu3YjTKY2wJIXfT3PcE=,6Bb36KsjCzCe2grAstKcDV5UO3I=
-10,50,pT2cCHd8Yu3YjTKY2wJIXfT3PcE=,6Bb36KsjCzCe2grAstKcDV5UO3I=
-15,55,pT2cCHd8Yu3YjTKY2wJIXfT3PcE=,6Bb36KsjCzCe2grAstKcDV5UO3I=
-14,55,pT2cCHd8Yu3YjTKY2wJIXfT3PcE=,6Bb36KsjCzCe2grAstKcDV5UO3I=
-13,49,pT2cCHd8Yu3YjTKY2wJIXfT3PcE=,6Bb36KsjCzCe2grAstKcDV5UO3I=
-15,51,pT2cCHd8Yu3YjTKY2wJIXfT3PcE=,6Bb36KsjCzCe2grAstKcDV5UO3I=
-13,55,pT2cCHd8Yu3YjTKY2wJIXfT3PcE=,6Bb36KsjCzCe2grAstKcDV5UO3I=
-10,62,pT2cCHd8Yu3YjTKY2wJIXfT3PcE=,6Bb36KsjCzCe2grAstKcDV5UO3I=
-11,63,pT2cCHd8Yu3YjTKY2wJIXfT3PcE=,6Bb36KsjCzCe2grAstKcDV5UO3I=
-10,63,pT2cCHd8Yu3YjTKY2wJIXfT3PcE=,6Bb36KsjCzCe2grAstKcDV5UO3I=
-15,63,pT2cCHd8Yu3YjTKY2wJIXfT3PcE=,6Bb36KsjCzCe2grAstKcDV5UO3I=
-14,63,pT2cCHd8Yu3YjTKY2wJIXfT3PcE=,6Bb36KsjCzCe2grAstKcDV5UO3I=
-13,63,pT2cCHd8Yu3YjTKY2wJIXfT3PcE=,6Bb36KsjCzCe2grAstKcDV5UO3I=
-12,62,pT2cCHd8Yu3YjTKY2wJIXfT3PcE=,6Bb36KsjCzCe2grAstKcDV5UO3I=
-11,62,pT2cCHd8Yu3YjTKY2wJIXfT3PcE=,6Bb36KsjCzCe2grAstKcDV5UO3I=
-12,48,pT2cCHd8Yu3YjTKY2wJIXfT3PcE=,6Bb36KsjCzCe2grAstKcDV5UO3I=
-11,48,pT2cCHd8Yu3YjTKY2wJIXfT3PcE=,6Bb36KsjCzCe2grAstKcDV5UO3I=
-15,48,pT2cCHd8Yu3YjTKY2wJIXfT3PcE=,6Bb36KsjCzCe2grAstKcDV5UO3I=
-13,48,pT2cCHd8Yu3YjTKY2wJIXfT3PcE=,6Bb36KsjCzCe2grAstKcDV5UO3I=
-14,48,pT2cCHd8Yu3YjTKY2wJIXfT3PcE=,6Bb36KsjCzCe2grAstKcDV5UO3I=
-13,62,pT2cCHd8Yu3YjTKY2wJIXfT3PcE=,6Bb36KsjCzCe2grAstKcDV5UO3I=
-14,62,pT2cCHd8Yu3YjTKY2wJIXfT3PcE=,6Bb36KsjCzCe2grAstKcDV5UO3I=
-16,54,pT2cCHd8Yu3YjTKY2wJIXfT3PcE=,6Bb36KsjCzCe2grAstKcDV5UO3I=
-15,62,pT2cCHd8Yu3YjTKY2wJIXfT3PcE=,6Bb36KsjCzCe2grAstKcDV5UO3I=
-16,52,pT2cCHd8Yu3YjTKY2wJIXfT3PcE=,6Bb36KsjCzCe2grAstKcDV5UO3I=
-16,53,pT2cCHd8Yu3YjTKY2wJIXfT3PcE=,6Bb36KsjCzCe2grAstKcDV5UO3I=
-16,50,pT2cCHd8Yu3YjTKY2wJIXfT3PcE=,6Bb36KsjCzCe2grAstKcDV5UO3I=
-16,49,pT2cCHd8Yu3YjTKY2wJIXfT3PcE=,6Bb36KsjCzCe2grAstKcDV5UO3I=
-16,51,pT2cCHd8Yu3YjTKY2wJIXfT3PcE=,6Bb36KsjCzCe2grAstKcDV5UO3I=
-10,48,pT2cCHd8Yu3YjTKY2wJIXfT3PcE=,6Bb36KsjCzCe2grAstKcDV5UO3I=
-10,61,pT2cCHd8Yu3YjTKY2wJIXfT3PcE=,6Bb36KsjCzCe2grAstKcDV5UO3I=
-16,55,pT2cCHd8Yu3YjTKY2wJIXfT3PcE=,6Bb36KsjCzCe2grAstKcDV5UO3I=
-16,56,pT2cCHd8Yu3YjTKY2wJIXfT3PcE=,6Bb36KsjCzCe2grAstKcDV5UO3I=
-16,57,pT2cCHd8Yu3YjTKY2wJIXfT3PcE=,6Bb36KsjCzCe2grAstKcDV5UO3I=
-16,58,pT2cCHd8Yu3YjTKY2wJIXfT3PcE=,6Bb36KsjCzCe2grAstKcDV5UO3I=
-16,59,pT2cCHd8Yu3YjTKY2wJIXfT3PcE=,6Bb36KsjCzCe2grAstKcDV5UO3I=
-16,60,pT2cCHd8Yu3YjTKY2wJIXfT3PcE=,6Bb36KsjCzCe2grAstKcDV5UO3I=
-16,61,pT2cCHd8Yu3YjTKY2wJIXfT3PcE=,6Bb36KsjCzCe2grAstKcDV5UO3I=
-16,62,pT2cCHd8Yu3YjTKY2wJIXfT3PcE=,6Bb36KsjCzCe2grAstKcDV5UO3I=
-16,63,pT2cCHd8Yu3YjTKY2wJIXfT3PcE=,6Bb36KsjCzCe2grAstKcDV5UO3I=
-16,48,pT2cCHd8Yu3YjTKY2wJIXfT3PcE=,6Bb36KsjCzCe2grAstKcDV5UO3I=
-11,61,pT2cCHd8Yu3YjTKY2wJIXfT3PcE=,6Bb36KsjCzCe2grAstKcDV5UO3I=
-12,61,pT2cCHd8Yu3YjTKY2wJIXfT3PcE=,6Bb36KsjCzCe2grAstKcDV5UO3I=
-13,61,pT2cCHd8Yu3YjTKY2wJIXfT3PcE=,6Bb36KsjCzCe2grAstKcDV5UO3I=
-14,61,pT2cCHd8Yu3YjTKY2wJIXfT3PcE=,6Bb36KsjCzCe2grAstKcDV5UO3I=
-15,61,pT2cCHd8Yu3YjTKY2wJIXfT3PcE=,6Bb36KsjCzCe2grAstKcDV5UO3I=
-10,60,pT2cCHd8Yu3YjTKY2wJIXfT3PcE=,6Bb36KsjCzCe2grAstKcDV5UO3I=
-11,60,pT2cCHd8Yu3YjTKY2wJIXfT3PcE=,6Bb36KsjCzCe2grAstKcDV5UO3I=
-12,60,pT2cCHd8Yu3YjTKY2wJIXfT3PcE=,6Bb36KsjCzCe2grAstKcDV5UO3I=
-13,60,pT2cCHd8Yu3YjTKY2wJIXfT3PcE=,6Bb36KsjCzCe2grAstKcDV5UO3I=
-14,60,pT2cCHd8Yu3YjTKY2wJIXfT3PcE=,6Bb36KsjCzCe2grAstKcDV5UO3I=
-15,60,pT2cCHd8Yu3YjTKY2wJIXfT3PcE=,6Bb36KsjCzCe2grAstKcDV5UO3I=
-10,59,pT2cCHd8Yu3YjTKY2wJIXfT3PcE=,6Bb36KsjCzCe2grAstKcDV5UO3I=
-11,59,pT2cCHd8Yu3YjTKY2wJIXfT3PcE=,6Bb36KsjCzCe2grAstKcDV5UO3I=
-12,59,pT2cCHd8Yu3YjTKY2wJIXfT3PcE=,6Bb36KsjCzCe2grAstKcDV5UO3I=
-13,59,pT2cCHd8Yu3YjTKY2wJIXfT3PcE=,6Bb36KsjCzCe2grAstKcDV5UO3I=
-14,59,pT2cCHd8Yu3YjTKY2wJIXfT3PcE=,6Bb36KsjCzCe2grAstKcDV5UO3I=
-15,59,pT2cCHd8Yu3YjTKY2wJIXfT3PcE=,6Bb36KsjCzCe2grAstKcDV5UO3I=
-10,58,pT2cCHd8Yu3YjTKY2wJIXfT3PcE=,6Bb36KsjCzCe2grAstKcDV5UO3I=
-11,58,pT2cCHd8Yu3YjTKY2wJIXfT3PcE=,6Bb36KsjCzCe2grAstKcDV5UO3I=
-12,58,pT2cCHd8Yu3YjTKY2wJIXfT3PcE=,6Bb36KsjCzCe2grAstKcDV5UO3I=
-4,61,pT2cCHd8Yu3YjTKY2wJIXfT3PcE=,6Bb36KsjCzCe2grAstKcDV5UO3I=
-3,61,pT2cCHd8Yu3YjTKY2wJIXfT3PcE=,6Bb36KsjCzCe2grAstKcDV5UO3I=
-9,63,pT2cCHd8Yu3YjTKY2wJIXfT3PcE=,6Bb36KsjCzCe2grAstKcDV5UO3I=
-2,61,pT2cCHd8Yu3YjTKY2wJIXfT3PcE=,6Bb36KsjCzCe2grAstKcDV5UO3I=
-1,61,pT2cCHd8Yu3YjTKY2wJIXfT3PcE=,6Bb36KsjCzCe2grAstKcDV5UO3I=
-8,62,pT2cCHd8Yu3YjTKY2wJIXfT3PcE=,6Bb36KsjCzCe2grAstKcDV5UO3I=
-7,62,pT2cCHd8Yu3YjTKY2wJIXfT3PcE=,6Bb36KsjCzCe2grAstKcDV5UO3I=
-6,62,pT2cCHd8Yu3YjTKY2wJIXfT3PcE=,6Bb36KsjCzCe2grAstKcDV5UO3I=
-8,57,pT2cCHd8Yu3YjTKY2wJIXfT3PcE=,6Bb36KsjCzCe2grAstKcDV5UO3I=
-5,62,pT2cCHd8Yu3YjTKY2wJIXfT3PcE=,6Bb36KsjCzCe2grAstKcDV5UO3I=
-7,57,pT2cCHd8Yu3YjTKY2wJIXfT3PcE=,6Bb36KsjCzCe2grAstKcDV5UO3I=
-6,57,pT2cCHd8Yu3YjTKY2wJIXfT3PcE=,6Bb36KsjCzCe2grAstKcDV5UO3I=
-4,62,pT2cCHd8Yu3YjTKY2wJIXfT3PcE=,6Bb36KsjCzCe2grAstKcDV5UO3I=
-3,62,pT2cCHd8Yu3YjTKY2wJIXfT3PcE=,6Bb36KsjCzCe2grAstKcDV5UO3I=
-2,62,pT2cCHd8Yu3YjTKY2wJIXfT3PcE=,6Bb36KsjCzCe2grAstKcDV5UO3I=
-1,62,pT2cCHd8Yu3YjTKY2wJIXfT3PcE=,6Bb36KsjCzCe2grAstKcDV5UO3I=
-8,63,pT2cCHd8Yu3YjTKY2wJIXfT3PcE=,6Bb36KsjCzCe2grAstKcDV5UO3I=
-5,57,pT2cCHd8Yu3YjTKY2wJIXfT3PcE=,6Bb36KsjCzCe2grAstKcDV5UO3I=
-4,57,pT2cCHd8Yu3YjTKY2wJIXfT3PcE=,6Bb36KsjCzCe2grAstKcDV5UO3I=
-3,57,pT2cCHd8Yu3YjTKY2wJIXfT3PcE=,6Bb36KsjCzCe2grAstKcDV5UO3I=
-2,57,pT2cCHd8Yu3YjTKY2wJIXfT3PcE=,6Bb36KsjCzCe2grAstKcDV5UO3I=
-1,57,pT2cCHd8Yu3YjTKY2wJIXfT3PcE=,6Bb36KsjCzCe2grAstKcDV5UO3I=
-8,58,pT2cCHd8Yu3YjTKY2wJIXfT3PcE=,6Bb36KsjCzCe2grAstKcDV5UO3I=
-7,58,pT2cCHd8Yu3YjTKY2wJIXfT3PcE=,6Bb36KsjCzCe2grAstKcDV5UO3I=
-6,58,pT2cCHd8Yu3YjTKY2wJIXfT3PcE=,6Bb36KsjCzCe2grAstKcDV5UO3I=
-9,57,pT2cCHd8Yu3YjTKY2wJIXfT3PcE=,6Bb36KsjCzCe2grAstKcDV5UO3I=
-7,63,pT2cCHd8Yu3YjTKY2wJIXfT3PcE=,6Bb36KsjCzCe2grAstKcDV5UO3I=
-5,58,pT2cCHd8Yu3YjTKY2wJIXfT3PcE=,6Bb36KsjCzCe2grAstKcDV5UO3I=
-4,58,pT2cCHd8Yu3YjTKY2wJIXfT3PcE=,6Bb36KsjCzCe2grAstKcDV5UO3I=
-3,58,pT2cCHd8Yu3YjTKY2wJIXfT3PcE=,6Bb36KsjCzCe2grAstKcDV5UO3I=
-2,58,pT2cCHd8Yu3YjTKY2wJIXfT3PcE=,6Bb36KsjCzCe2grAstKcDV5UO3I=
-6,63,pT2cCHd8Yu3YjTKY2wJIXfT3PcE=,6Bb36KsjCzCe2grAstKcDV5UO3I=
-5,63,pT2cCHd8Yu3YjTKY2wJIXfT3PcE=,6Bb36KsjCzCe2grAstKcDV5UO3I=
-1,58,pT2cCHd8Yu3YjTKY2wJIXfT3PcE=,6Bb36KsjCzCe2grAstKcDV5UO3I=
-8,59,pT2cCHd8Yu3YjTKY2wJIXfT3PcE=,6Bb36KsjCzCe2grAstKcDV5UO3I=
-7,59,pT2cCHd8Yu3YjTKY2wJIXfT3PcE=,6Bb36KsjCzCe2grAstKcDV5UO3I=
-6,59,pT2cCHd8Yu3YjTKY2wJIXfT3PcE=,6Bb36KsjCzCe2grAstKcDV5UO3I=
-5,59,pT2cCHd8Yu3YjTKY2wJIXfT3PcE=,6Bb36KsjCzCe2grAstKcDV5UO3I=
-4,59,pT2cCHd8Yu3YjTKY2wJIXfT3PcE=,6Bb36KsjCzCe2grAstKcDV5UO3I=
-9,58,pT2cCHd8Yu3YjTKY2wJIXfT3PcE=,6Bb36KsjCzCe2grAstKcDV5UO3I=
-3,59,pT2cCHd8Yu3YjTKY2wJIXfT3PcE=,6Bb36KsjCzCe2grAstKcDV5UO3I=
-4,63,pT2cCHd8Yu3YjTKY2wJIXfT3PcE=,6Bb36KsjCzCe2grAstKcDV5UO3I=
-2,59,pT2cCHd8Yu3YjTKY2wJIXfT3PcE=,6Bb36KsjCzCe2grAstKcDV5UO3I=
-1,59,pT2cCHd8Yu3YjTKY2wJIXfT3PcE=,6Bb36KsjCzCe2grAstKcDV5UO3I=
-8,60,pT2cCHd8Yu3YjTKY2wJIXfT3PcE=,6Bb36KsjCzCe2grAstKcDV5UO3I=
-7,60,pT2cCHd8Yu3YjTKY2wJIXfT3PcE=,6Bb36KsjCzCe2grAstKcDV5UO3I=
-6,60,pT2cCHd8Yu3YjTKY2wJIXfT3PcE=,6Bb36KsjCzCe2grAstKcDV5UO3I=
-3,63,pT2cCHd8Yu3YjTKY2wJIXfT3PcE=,6Bb36KsjCzCe2grAstKcDV5UO3I=
-2,63,pT2cCHd8Yu3YjTKY2wJIXfT3PcE=,6Bb36KsjCzCe2grAstKcDV5UO3I=
-1,63,pT2cCHd8Yu3YjTKY2wJIXfT3PcE=,6Bb36KsjCzCe2grAstKcDV5UO3I=
-9,59,pT2cCHd8Yu3YjTKY2wJIXfT3PcE=,6Bb36KsjCzCe2grAstKcDV5UO3I=
-5,60,pT2cCHd8Yu3YjTKY2wJIXfT3PcE=,6Bb36KsjCzCe2grAstKcDV5UO3I=
-4,60,pT2cCHd8Yu3YjTKY2wJIXfT3PcE=,6Bb36KsjCzCe2grAstKcDV5UO3I=
-3,60,pT2cCHd8Yu3YjTKY2wJIXfT3PcE=,6Bb36KsjCzCe2grAstKcDV5UO3I=
-2,60,pT2cCHd8Yu3YjTKY2wJIXfT3PcE=,6Bb36KsjCzCe2grAstKcDV5UO3I=
-1,60,pT2cCHd8Yu3YjTKY2wJIXfT3PcE=,6Bb36KsjCzCe2grAstKcDV5UO3I=
-8,61,pT2cCHd8Yu3YjTKY2wJIXfT3PcE=,6Bb36KsjCzCe2grAstKcDV5UO3I=
-9,60,pT2cCHd8Yu3YjTKY2wJIXfT3PcE=,6Bb36KsjCzCe2grAstKcDV5UO3I=
-9,61,pT2cCHd8Yu3YjTKY2wJIXfT3PcE=,6Bb36KsjCzCe2grAstKcDV5UO3I=
-9,62,pT2cCHd8Yu3YjTKY2wJIXfT3PcE=,6Bb36KsjCzCe2grAstKcDV5UO3I=
-7,61,pT2cCHd8Yu3YjTKY2wJIXfT3PcE=,6Bb36KsjCzCe2grAstKcDV5UO3I=
-5,61,pT2cCHd8Yu3YjTKY2wJIXfT3PcE=,6Bb36KsjCzCe2grAstKcDV5UO3I=
-9,54,pT2cCHd8Yu3YjTKY2wJIXfT3PcE=,6Bb36KsjCzCe2grAstKcDV5UO3I=
-9,55,pT2cCHd8Yu3YjTKY2wJIXfT3PcE=,6Bb36KsjCzCe2grAstKcDV5UO3I=
-8,56,pT2cCHd8Yu3YjTKY2wJIXfT3PcE=,6Bb36KsjCzCe2grAstKcDV5UO3I=
-7,56,pT2cCHd8Yu3YjTKY2wJIXfT3PcE=,6Bb36KsjCzCe2grAstKcDV5UO3I=
-6,56,pT2cCHd8Yu3YjTKY2wJIXfT3PcE=,6Bb36KsjCzCe2grAstKcDV5UO3I=
-5,56,pT2cCHd8Yu3YjTKY2wJIXfT3PcE=,6Bb36KsjCzCe2grAstKcDV5UO3I=
-5,51,pT2cCHd8Yu3YjTKY2wJIXfT3PcE=,6Bb36KsjCzCe2grAstKcDV5UO3I=
-9,50,pT2cCHd8Yu3YjTKY2wJIXfT3PcE=,6Bb36KsjCzCe2grAstKcDV5UO3I=
-2,55,pT2cCHd8Yu3YjTKY2wJIXfT3PcE=,6Bb36KsjCzCe2grAstKcDV5UO3I=
-1,55,pT2cCHd8Yu3YjTKY2wJIXfT3PcE=,6Bb36KsjCzCe2grAstKcDV5UO3I=
-7,51,pT2cCHd8Yu3YjTKY2wJIXfT3PcE=,6Bb36KsjCzCe2grAstKcDV5UO3I=
-3,55,pT2cCHd8Yu3YjTKY2wJIXfT3PcE=,6Bb36KsjCzCe2grAstKcDV5UO3I=
-1,50,pT2cCHd8Yu3YjTKY2wJIXfT3PcE=,6Bb36KsjCzCe2grAstKcDV5UO3I=
-8,51,pT2cCHd8Yu3YjTKY2wJIXfT3PcE=,6Bb36KsjCzCe2grAstKcDV5UO3I=
-2,50,pT2cCHd8Yu3YjTKY2wJIXfT3PcE=,6Bb36KsjCzCe2grAstKcDV5UO3I=
-6,51,pT2cCHd8Yu3YjTKY2wJIXfT3PcE=,6Bb36KsjCzCe2grAstKcDV5UO3I=
-4,55,pT2cCHd8Yu3YjTKY2wJIXfT3PcE=,6Bb36KsjCzCe2grAstKcDV5UO3I=
-4,51,pT2cCHd8Yu3YjTKY2wJIXfT3PcE=,6Bb36KsjCzCe2grAstKcDV5UO3I=
-5,50,pT2cCHd8Yu3YjTKY2wJIXfT3PcE=,6Bb36KsjCzCe2grAstKcDV5UO3I=
-5,55,pT2cCHd8Yu3YjTKY2wJIXfT3PcE=,6Bb36KsjCzCe2grAstKcDV5UO3I=
-7,55,pT2cCHd8Yu3YjTKY2wJIXfT3PcE=,6Bb36KsjCzCe2grAstKcDV5UO3I=
-6,50,pT2cCHd8Yu3YjTKY2wJIXfT3PcE=,6Bb36KsjCzCe2grAstKcDV5UO3I=
-7,50,pT2cCHd8Yu3YjTKY2wJIXfT3PcE=,6Bb36KsjCzCe2grAstKcDV5UO3I=
-1,49,pT2cCHd8Yu3YjTKY2wJIXfT3PcE=,6Bb36KsjCzCe2grAstKcDV5UO3I=
-3,50,pT2cCHd8Yu3YjTKY2wJIXfT3PcE=,6Bb36KsjCzCe2grAstKcDV5UO3I=
-8,55,pT2cCHd8Yu3YjTKY2wJIXfT3PcE=,6Bb36KsjCzCe2grAstKcDV5UO3I=
-2,49,pT2cCHd8Yu3YjTKY2wJIXfT3PcE=,6Bb36KsjCzCe2grAstKcDV5UO3I=
-4,50,pT2cCHd8Yu3YjTKY2wJIXfT3PcE=,6Bb36KsjCzCe2grAstKcDV5UO3I=
-6,55,pT2cCHd8Yu3YjTKY2wJIXfT3PcE=,6Bb36KsjCzCe2grAstKcDV5UO3I=
-6,49,pT2cCHd8Yu3YjTKY2wJIXfT3PcE=,6Bb36KsjCzCe2grAstKcDV5UO3I=
-5,49,pT2cCHd8Yu3YjTKY2wJIXfT3PcE=,6Bb36KsjCzCe2grAstKcDV5UO3I=
-7,49,pT2cCHd8Yu3YjTKY2wJIXfT3PcE=,6Bb36KsjCzCe2grAstKcDV5UO3I=
-2,54,pT2cCHd8Yu3YjTKY2wJIXfT3PcE=,6Bb36KsjCzCe2grAstKcDV5UO3I=
-8,49,pT2cCHd8Yu3YjTKY2wJIXfT3PcE=,6Bb36KsjCzCe2grAstKcDV5UO3I=
-3,49,pT2cCHd8Yu3YjTKY2wJIXfT3PcE=,6Bb36KsjCzCe2grAstKcDV5UO3I=
-3,54,pT2cCHd8Yu3YjTKY2wJIXfT3PcE=,6Bb36KsjCzCe2grAstKcDV5UO3I=
-3,51,pT2cCHd8Yu3YjTKY2wJIXfT3PcE=,6Bb36KsjCzCe2grAstKcDV5UO3I=
-8,50,pT2cCHd8Yu3YjTKY2wJIXfT3PcE=,6Bb36KsjCzCe2grAstKcDV5UO3I=
-1,48,pT2cCHd8Yu3YjTKY2wJIXfT3PcE=,6Bb36KsjCzCe2grAstKcDV5UO3I=
-4,49,pT2cCHd8Yu3YjTKY2wJIXfT3PcE=,6Bb36KsjCzCe2grAstKcDV5UO3I=
-2,51,pT2cCHd8Yu3YjTKY2wJIXfT3PcE=,6Bb36KsjCzCe2grAstKcDV5UO3I=
-9,49,pT2cCHd8Yu3YjTKY2wJIXfT3PcE=,6Bb36KsjCzCe2grAstKcDV5UO3I=
-4,56,pT2cCHd8Yu3YjTKY2wJIXfT3PcE=,6Bb36KsjCzCe2grAstKcDV5UO3I=
-2,48,pT2cCHd8Yu3YjTKY2wJIXfT3PcE=,6Bb36KsjCzCe2grAstKcDV5UO3I=
-1,54,pT2cCHd8Yu3YjTKY2wJIXfT3PcE=,6Bb36KsjCzCe2grAstKcDV5UO3I=
-9,52,pT2cCHd8Yu3YjTKY2wJIXfT3PcE=,6Bb36KsjCzCe2grAstKcDV5UO3I=
-4,54,pT2cCHd8Yu3YjTKY2wJIXfT3PcE=,6Bb36KsjCzCe2grAstKcDV5UO3I=
-1,51,pT2cCHd8Yu3YjTKY2wJIXfT3PcE=,6Bb36KsjCzCe2grAstKcDV5UO3I=
-8,52,pT2cCHd8Yu3YjTKY2wJIXfT3PcE=,6Bb36KsjCzCe2grAstKcDV5UO3I=
-7,48,pT2cCHd8Yu3YjTKY2wJIXfT3PcE=,6Bb36KsjCzCe2grAstKcDV5UO3I=
-7,52,pT2cCHd8Yu3YjTKY2wJIXfT3PcE=,6Bb36KsjCzCe2grAstKcDV5UO3I=
-6,48,pT2cCHd8Yu3YjTKY2wJIXfT3PcE=,6Bb36KsjCzCe2grAstKcDV5UO3I=
-8,48,pT2cCHd8Yu3YjTKY2wJIXfT3PcE=,6Bb36KsjCzCe2grAstKcDV5UO3I=
-9,48,pT2cCHd8Yu3YjTKY2wJIXfT3PcE=,6Bb36KsjCzCe2grAstKcDV5UO3I=
-6,52,pT2cCHd8Yu3YjTKY2wJIXfT3PcE=,6Bb36KsjCzCe2grAstKcDV5UO3I=
-5,48,pT2cCHd8Yu3YjTKY2wJIXfT3PcE=,6Bb36KsjCzCe2grAstKcDV5UO3I=
-7,54,pT2cCHd8Yu3YjTKY2wJIXfT3PcE=,6Bb36KsjCzCe2grAstKcDV5UO3I=
-8,54,pT2cCHd8Yu3YjTKY2wJIXfT3PcE=,6Bb36KsjCzCe2grAstKcDV5UO3I=
-5,54,pT2cCHd8Yu3YjTKY2wJIXfT3PcE=,6Bb36KsjCzCe2grAstKcDV5UO3I=
-6,61,pT2cCHd8Yu3YjTKY2wJIXfT3PcE=,6Bb36KsjCzCe2grAstKcDV5UO3I=
-3,53,pT2cCHd8Yu3YjTKY2wJIXfT3PcE=,6Bb36KsjCzCe2grAstKcDV5UO3I=
-9,53,pT2cCHd8Yu3YjTKY2wJIXfT3PcE=,6Bb36KsjCzCe2grAstKcDV5UO3I=
-4,53,pT2cCHd8Yu3YjTKY2wJIXfT3PcE=,6Bb36KsjCzCe2grAstKcDV5UO3I=
-9,56,pT2cCHd8Yu3YjTKY2wJIXfT3PcE=,6Bb36KsjCzCe2grAstKcDV5UO3I=
-5,52,pT2cCHd8Yu3YjTKY2wJIXfT3PcE=,6Bb36KsjCzCe2grAstKcDV5UO3I=
-3,48,pT2cCHd8Yu3YjTKY2wJIXfT3PcE=,6Bb36KsjCzCe2grAstKcDV5UO3I=
-6,54,pT2cCHd8Yu3YjTKY2wJIXfT3PcE=,6Bb36KsjCzCe2grAstKcDV5UO3I=
-3,56,pT2cCHd8Yu3YjTKY2wJIXfT3PcE=,6Bb36KsjCzCe2grAstKcDV5UO3I=
-9,51,pT2cCHd8Yu3YjTKY2wJIXfT3PcE=,6Bb36KsjCzCe2grAstKcDV5UO3I=
-5,53,pT2cCHd8Yu3YjTKY2wJIXfT3PcE=,6Bb36KsjCzCe2grAstKcDV5UO3I=
-4,48,pT2cCHd8Yu3YjTKY2wJIXfT3PcE=,6Bb36KsjCzCe2grAstKcDV5UO3I=
-7,53,pT2cCHd8Yu3YjTKY2wJIXfT3PcE=,6Bb36KsjCzCe2grAstKcDV5UO3I=
-8,53,pT2cCHd8Yu3YjTKY2wJIXfT3PcE=,6Bb36KsjCzCe2grAstKcDV5UO3I=
-6,53,pT2cCHd8Yu3YjTKY2wJIXfT3PcE=,6Bb36KsjCzCe2grAstKcDV5UO3I=
-1,53,pT2cCHd8Yu3YjTKY2wJIXfT3PcE=,6Bb36KsjCzCe2grAstKcDV5UO3I=
-2,56,pT2cCHd8Yu3YjTKY2wJIXfT3PcE=,6Bb36KsjCzCe2grAstKcDV5UO3I=
-4,52,pT2cCHd8Yu3YjTKY2wJIXfT3PcE=,6Bb36KsjCzCe2grAstKcDV5UO3I=
-2,52,pT2cCHd8Yu3YjTKY2wJIXfT3PcE=,6Bb36KsjCzCe2grAstKcDV5UO3I=
-3,52,pT2cCHd8Yu3YjTKY2wJIXfT3PcE=,6Bb36KsjCzCe2grAstKcDV5UO3I=
-1,56,pT2cCHd8Yu3YjTKY2wJIXfT3PcE=,6Bb36KsjCzCe2grAstKcDV5UO3I=
-2,53,pT2cCHd8Yu3YjTKY2wJIXfT3PcE=,6Bb36KsjCzCe2grAstKcDV5UO3I=
-1,52,pT2cCHd8Yu3YjTKY2wJIXfT3PcE=,6Bb36KsjCzCe2grAstKcDV5UO3I=
-12,63,pT2cCHd8Yu3YjTKY2wJIXfT3PcE=,6Bb36KsjCzCe2grAstKcDV5UO3I=
-15,41,pT2cCHd8Yu3YjTKY2wJIXfT3PcE=,6Bb36KsjCzCe2grAstKcDV5UO3I=
-14,41,pT2cCHd8Yu3YjTKY2wJIXfT3PcE=,6Bb36KsjCzCe2grAstKcDV5UO3I=
-13,41,pT2cCHd8Yu3YjTKY2wJIXfT3PcE=,6Bb36KsjCzCe2grAstKcDV5UO3I=
-12,41,pT2cCHd8Yu3YjTKY2wJIXfT3PcE=,6Bb36KsjCzCe2grAstKcDV5UO3I=
-11,41,pT2cCHd8Yu3YjTKY2wJIXfT3PcE=,6Bb36KsjCzCe2grAstKcDV5UO3I=
-10,41,pT2cCHd8Yu3YjTKY2wJIXfT3PcE=,6Bb36KsjCzCe2grAstKcDV5UO3I=
-15,42,pT2cCHd8Yu3YjTKY2wJIXfT3PcE=,6Bb36KsjCzCe2grAstKcDV5UO3I=
-14,42,pT2cCHd8Yu3YjTKY2wJIXfT3PcE=,6Bb36KsjCzCe2grAstKcDV5UO3I=
-13,42,pT2cCHd8Yu3YjTKY2wJIXfT3PcE=,6Bb36KsjCzCe2grAstKcDV5UO3I=
-12,42,pT2cCHd8Yu3YjTKY2wJIXfT3PcE=,6Bb36KsjCzCe2grAstKcDV5UO3I=
-11,42,pT2cCHd8Yu3YjTKY2wJIXfT3PcE=,6Bb36KsjCzCe2grAstKcDV5UO3I=
-10,42,pT2cCHd8Yu3YjTKY2wJIXfT3PcE=,6Bb36KsjCzCe2grAstKcDV5UO3I=
-15,43,pT2cCHd8Yu3YjTKY2wJIXfT3PcE=,6Bb36KsjCzCe2grAstKcDV5UO3I=
-14,43,pT2cCHd8Yu3YjTKY2wJIXfT3PcE=,6Bb36KsjCzCe2grAstKcDV5UO3I=
-13,43,pT2cCHd8Yu3YjTKY2wJIXfT3PcE=,6Bb36KsjCzCe2grAstKcDV5UO3I=
-12,43,pT2cCHd8Yu3YjTKY2wJIXfT3PcE=,6Bb36KsjCzCe2grAstKcDV5UO3I=
-11,43,pT2cCHd8Yu3YjTKY2wJIXfT3PcE=,6Bb36KsjCzCe2grAstKcDV5UO3I=
-10,43,pT2cCHd8Yu3YjTKY2wJIXfT3PcE=,6Bb36KsjCzCe2grAstKcDV5UO3I=
-15,44,pT2cCHd8Yu3YjTKY2wJIXfT3PcE=,6Bb36KsjCzCe2grAstKcDV5UO3I=
-14,44,pT2cCHd8Yu3YjTKY2wJIXfT3PcE=,6Bb36KsjCzCe2grAstKcDV5UO3I=
-13,44,pT2cCHd8Yu3YjTKY2wJIXfT3PcE=,6Bb36KsjCzCe2grAstKcDV5UO3I=
-12,44,pT2cCHd8Yu3YjTKY2wJIXfT3PcE=,6Bb36KsjCzCe2grAstKcDV5UO3I=
-11,44,pT2cCHd8Yu3YjTKY2wJIXfT3PcE=,6Bb36KsjCzCe2grAstKcDV5UO3I=
-10,44,pT2cCHd8Yu3YjTKY2wJIXfT3PcE=,6Bb36KsjCzCe2grAstKcDV5UO3I=
-12,46,pT2cCHd8Yu3YjTKY2wJIXfT3PcE=,6Bb36KsjCzCe2grAstKcDV5UO3I=
-13,46,pT2cCHd8Yu3YjTKY2wJIXfT3PcE=,6Bb36KsjCzCe2grAstKcDV5UO3I=
-10,46,pT2cCHd8Yu3YjTKY2wJIXfT3PcE=,6Bb36KsjCzCe2grAstKcDV5UO3I=
-11,46,pT2cCHd8Yu3YjTKY2wJIXfT3PcE=,6Bb36KsjCzCe2grAstKcDV5UO3I=
-14,46,pT2cCHd8Yu3YjTKY2wJIXfT3PcE=,6Bb36KsjCzCe2grAstKcDV5UO3I=
-15,46,pT2cCHd8Yu3YjTKY2wJIXfT3PcE=,6Bb36KsjCzCe2grAstKcDV5UO3I=
-12,45,pT2cCHd8Yu3YjTKY2wJIXfT3PcE=,6Bb36KsjCzCe2grAstKcDV5UO3I=
-14,45,pT2cCHd8Yu3YjTKY2wJIXfT3PcE=,6Bb36KsjCzCe2grAstKcDV5UO3I=
-13,45,pT2cCHd8Yu3YjTKY2wJIXfT3PcE=,6Bb36KsjCzCe2grAstKcDV5UO3I=
-15,45,pT2cCHd8Yu3YjTKY2wJIXfT3PcE=,6Bb36KsjCzCe2grAstKcDV5UO3I=
-11,45,pT2cCHd8Yu3YjTKY2wJIXfT3PcE=,6Bb36KsjCzCe2grAstKcDV5UO3I=
-10,45,pT2cCHd8Yu3YjTKY2wJIXfT3PcE=,6Bb36KsjCzCe2grAstKcDV5UO3I=
-12,47,pT2cCHd8Yu3YjTKY2wJIXfT3PcE=,6Bb36KsjCzCe2grAstKcDV5UO3I=
-4,35,pT2cCHd8Yu3YjTKY2wJIXfT3PcE=,6Bb36KsjCzCe2grAstKcDV5UO3I=
-3,35,pT2cCHd8Yu3YjTKY2wJIXfT3PcE=,6Bb36KsjCzCe2grAstKcDV5UO3I=
-2,35,pT2cCHd8Yu3YjTKY2wJIXfT3PcE=,6Bb36KsjCzCe2grAstKcDV5UO3I=
-7,36,pT2cCHd8Yu3YjTKY2wJIXfT3PcE=,6Bb36KsjCzCe2grAstKcDV5UO3I=
-6,36,pT2cCHd8Yu3YjTKY2wJIXfT3PcE=,6Bb36KsjCzCe2grAstKcDV5UO3I=
-5,36,pT2cCHd8Yu3YjTKY2wJIXfT3PcE=,6Bb36KsjCzCe2grAstKcDV5UO3I=
-4,36,pT2cCHd8Yu3YjTKY2wJIXfT3PcE=,6Bb36KsjCzCe2grAstKcDV5UO3I=
-3,36,pT2cCHd8Yu3YjTKY2wJIXfT3PcE=,6Bb36KsjCzCe2grAstKcDV5UO3I=
-7,37,pT2cCHd8Yu3YjTKY2wJIXfT3PcE=,6Bb36KsjCzCe2grAstKcDV5UO3I=
-6,37,pT2cCHd8Yu3YjTKY2wJIXfT3PcE=,6Bb36KsjCzCe2grAstKcDV5UO3I=
-5,37,pT2cCHd8Yu3YjTKY2wJIXfT3PcE=,6Bb36KsjCzCe2grAstKcDV5UO3I=
-7,33,pT2cCHd8Yu3YjTKY2wJIXfT3PcE=,6Bb36KsjCzCe2grAstKcDV5UO3I=
-6,33,pT2cCHd8Yu3YjTKY2wJIXfT3PcE=,6Bb36KsjCzCe2grAstKcDV5UO3I=
-2,36,pT2cCHd8Yu3YjTKY2wJIXfT3PcE=,6Bb36KsjCzCe2grAstKcDV5UO3I=
-4,37,pT2cCHd8Yu3YjTKY2wJIXfT3PcE=,6Bb36KsjCzCe2grAstKcDV5UO3I=
-5,33,pT2cCHd8Yu3YjTKY2wJIXfT3PcE=,6Bb36KsjCzCe2grAstKcDV5UO3I=
-4,33,pT2cCHd8Yu3YjTKY2wJIXfT3PcE=,6Bb36KsjCzCe2grAstKcDV5UO3I=
-3,33,pT2cCHd8Yu3YjTKY2wJIXfT3PcE=,6Bb36KsjCzCe2grAstKcDV5UO3I=
-2,33,pT2cCHd8Yu3YjTKY2wJIXfT3PcE=,6Bb36KsjCzCe2grAstKcDV5UO3I=
-3,37,pT2cCHd8Yu3YjTKY2wJIXfT3PcE=,6Bb36KsjCzCe2grAstKcDV5UO3I=
-2,37,pT2cCHd8Yu3YjTKY2wJIXfT3PcE=,6Bb36KsjCzCe2grAstKcDV5UO3I=
-7,34,pT2cCHd8Yu3YjTKY2wJIXfT3PcE=,6Bb36KsjCzCe2grAstKcDV5UO3I=
-6,34,pT2cCHd8Yu3YjTKY2wJIXfT3PcE=,6Bb36KsjCzCe2grAstKcDV5UO3I=
-7,38,pT2cCHd8Yu3YjTKY2wJIXfT3PcE=,6Bb36KsjCzCe2grAstKcDV5UO3I=
-6,38,pT2cCHd8Yu3YjTKY2wJIXfT3PcE=,6Bb36KsjCzCe2grAstKcDV5UO3I=
-5,38,pT2cCHd8Yu3YjTKY2wJIXfT3PcE=,6Bb36KsjCzCe2grAstKcDV5UO3I=
-4,38,pT2cCHd8Yu3YjTKY2wJIXfT3PcE=,6Bb36KsjCzCe2grAstKcDV5UO3I=
-3,38,pT2cCHd8Yu3YjTKY2wJIXfT3PcE=,6Bb36KsjCzCe2grAstKcDV5UO3I=
-2,38,pT2cCHd8Yu3YjTKY2wJIXfT3PcE=,6Bb36KsjCzCe2grAstKcDV5UO3I=
-5,34,pT2cCHd8Yu3YjTKY2wJIXfT3PcE=,6Bb36KsjCzCe2grAstKcDV5UO3I=
-4,34,pT2cCHd8Yu3YjTKY2wJIXfT3PcE=,6Bb36KsjCzCe2grAstKcDV5UO3I=
-3,34,pT2cCHd8Yu3YjTKY2wJIXfT3PcE=,6Bb36KsjCzCe2grAstKcDV5UO3I=
-2,34,pT2cCHd8Yu3YjTKY2wJIXfT3PcE=,6Bb36KsjCzCe2grAstKcDV5UO3I=
-7,35,pT2cCHd8Yu3YjTKY2wJIXfT3PcE=,6Bb36KsjCzCe2grAstKcDV5UO3I=
-6,35,pT2cCHd8Yu3YjTKY2wJIXfT3PcE=,6Bb36KsjCzCe2grAstKcDV5UO3I=
-5,35,pT2cCHd8Yu3YjTKY2wJIXfT3PcE=,6Bb36KsjCzCe2grAstKcDV5UO3I=
-13,47,pT2cCHd8Yu3YjTKY2wJIXfT3PcE=,6Bb36KsjCzCe2grAstKcDV5UO3I=
-14,47,pT2cCHd8Yu3YjTKY2wJIXfT3PcE=,6Bb36KsjCzCe2grAstKcDV5UO3I=
-1,35,pT2cCHd8Yu3YjTKY2wJIXfT3PcE=,6Bb36KsjCzCe2grAstKcDV5UO3I=
-1,36,pT2cCHd8Yu3YjTKY2wJIXfT3PcE=,6Bb36KsjCzCe2grAstKcDV5UO3I=
-1,33,pT2cCHd8Yu3YjTKY2wJIXfT3PcE=,6Bb36KsjCzCe2grAstKcDV5UO3I=
-1,37,pT2cCHd8Yu3YjTKY2wJIXfT3PcE=,6Bb36KsjCzCe2grAstKcDV5UO3I=
-1,38,pT2cCHd8Yu3YjTKY2wJIXfT3PcE=,6Bb36KsjCzCe2grAstKcDV5UO3I=
-1,34,pT2cCHd8Yu3YjTKY2wJIXfT3PcE=,6Bb36KsjCzCe2grAstKcDV5UO3I=
-15,47,pT2cCHd8Yu3YjTKY2wJIXfT3PcE=,6Bb36KsjCzCe2grAstKcDV5UO3I=
-11,47,pT2cCHd8Yu3YjTKY2wJIXfT3PcE=,6Bb36KsjCzCe2grAstKcDV5UO3I=
-10,47,pT2cCHd8Yu3YjTKY2wJIXfT3PcE=,6Bb36KsjCzCe2grAstKcDV5UO3I=
-11,38,pT2cCHd8Yu3YjTKY2wJIXfT3PcE=,6Bb36KsjCzCe2grAstKcDV5UO3I=
-1,39,pT2cCHd8Yu3YjTKY2wJIXfT3PcE=,6Bb36KsjCzCe2grAstKcDV5UO3I=
-15,34,pT2cCHd8Yu3YjTKY2wJIXfT3PcE=,6Bb36KsjCzCe2grAstKcDV5UO3I=
-8,35,pT2cCHd8Yu3YjTKY2wJIXfT3PcE=,6Bb36KsjCzCe2grAstKcDV5UO3I=
-9,32,pT2cCHd8Yu3YjTKY2wJIXfT3PcE=,6Bb36KsjCzCe2grAstKcDV5UO3I=
-16,46,pT2cCHd8Yu3YjTKY2wJIXfT3PcE=,6Bb36KsjCzCe2grAstKcDV5UO3I=
-16,45,pT2cCHd8Yu3YjTKY2wJIXfT3PcE=,6Bb36KsjCzCe2grAstKcDV5UO3I=
-8,32,pT2cCHd8Yu3YjTKY2wJIXfT3PcE=,6Bb36KsjCzCe2grAstKcDV5UO3I=
-2,32,pT2cCHd8Yu3YjTKY2wJIXfT3PcE=,6Bb36KsjCzCe2grAstKcDV5UO3I=
-16,44,pT2cCHd8Yu3YjTKY2wJIXfT3PcE=,6Bb36KsjCzCe2grAstKcDV5UO3I=
-7,32,pT2cCHd8Yu3YjTKY2wJIXfT3PcE=,6Bb36KsjCzCe2grAstKcDV5UO3I=
-6,32,pT2cCHd8Yu3YjTKY2wJIXfT3PcE=,6Bb36KsjCzCe2grAstKcDV5UO3I=
-5,32,pT2cCHd8Yu3YjTKY2wJIXfT3PcE=,6Bb36KsjCzCe2grAstKcDV5UO3I=
-4,32,pT2cCHd8Yu3YjTKY2wJIXfT3PcE=,6Bb36KsjCzCe2grAstKcDV5UO3I=
-3,32,pT2cCHd8Yu3YjTKY2wJIXfT3PcE=,6Bb36KsjCzCe2grAstKcDV5UO3I=
-16,47,pT2cCHd8Yu3YjTKY2wJIXfT3PcE=,6Bb36KsjCzCe2grAstKcDV5UO3I=
-14,35,pT2cCHd8Yu3YjTKY2wJIXfT3PcE=,6Bb36KsjCzCe2grAstKcDV5UO3I=
-1,32,pT2cCHd8Yu3YjTKY2wJIXfT3PcE=,6Bb36KsjCzCe2grAstKcDV5UO3I=
-12,39,pT2cCHd8Yu3YjTKY2wJIXfT3PcE=,6Bb36KsjCzCe2grAstKcDV5UO3I=
-16,40,pT2cCHd8Yu3YjTKY2wJIXfT3PcE=,6Bb36KsjCzCe2grAstKcDV5UO3I=
-5,45,pT2cCHd8Yu3YjTKY2wJIXfT3PcE=,6Bb36KsjCzCe2grAstKcDV5UO3I=
-15,36,pT2cCHd8Yu3YjTKY2wJIXfT3PcE=,6Bb36KsjCzCe2grAstKcDV5UO3I=
-1,47,pT2cCHd8Yu3YjTKY2wJIXfT3PcE=,6Bb36KsjCzCe2grAstKcDV5UO3I=
-4,45,pT2cCHd8Yu3YjTKY2wJIXfT3PcE=,6Bb36KsjCzCe2grAstKcDV5UO3I=
-16,36,pT2cCHd8Yu3YjTKY2wJIXfT3PcE=,6Bb36KsjCzCe2grAstKcDV5UO3I=
-16,43,pT2cCHd8Yu3YjTKY2wJIXfT3PcE=,6Bb36KsjCzCe2grAstKcDV5UO3I=
-2,39,pT2cCHd8Yu3YjTKY2wJIXfT3PcE=,6Bb36KsjCzCe2grAstKcDV5UO3I=
-16,32,pT2cCHd8Yu3YjTKY2wJIXfT3PcE=,6Bb36KsjCzCe2grAstKcDV5UO3I=
-16,41,pT2cCHd8Yu3YjTKY2wJIXfT3PcE=,6Bb36KsjCzCe2grAstKcDV5UO3I=
-16,42,pT2cCHd8Yu3YjTKY2wJIXfT3PcE=,6Bb36KsjCzCe2grAstKcDV5UO3I=
-13,39,pT2cCHd8Yu3YjTKY2wJIXfT3PcE=,6Bb36KsjCzCe2grAstKcDV5UO3I=
-8,45,pT2cCHd8Yu3YjTKY2wJIXfT3PcE=,6Bb36KsjCzCe2grAstKcDV5UO3I=
-16,39,pT2cCHd8Yu3YjTKY2wJIXfT3PcE=,6Bb36KsjCzCe2grAstKcDV5UO3I=
-7,45,pT2cCHd8Yu3YjTKY2wJIXfT3PcE=,6Bb36KsjCzCe2grAstKcDV5UO3I=
-3,39,pT2cCHd8Yu3YjTKY2wJIXfT3PcE=,6Bb36KsjCzCe2grAstKcDV5UO3I=
-13,35,pT2cCHd8Yu3YjTKY2wJIXfT3PcE=,6Bb36KsjCzCe2grAstKcDV5UO3I=
-1,44,pT2cCHd8Yu3YjTKY2wJIXfT3PcE=,6Bb36KsjCzCe2grAstKcDV5UO3I=
-3,45,pT2cCHd8Yu3YjTKY2wJIXfT3PcE=,6Bb36KsjCzCe2grAstKcDV5UO3I=
-9,35,pT2cCHd8Yu3YjTKY2wJIXfT3PcE=,6Bb36KsjCzCe2grAstKcDV5UO3I=
-3,44,pT2cCHd8Yu3YjTKY2wJIXfT3PcE=,6Bb36KsjCzCe2grAstKcDV5UO3I=
-6,39,pT2cCHd8Yu3YjTKY2wJIXfT3PcE=,6Bb36KsjCzCe2grAstKcDV5UO3I=
-5,39,pT2cCHd8Yu3YjTKY2wJIXfT3PcE=,6Bb36KsjCzCe2grAstKcDV5UO3I=
-9,46,pT2cCHd8Yu3YjTKY2wJIXfT3PcE=,6Bb36KsjCzCe2grAstKcDV5UO3I=
-15,32,pT2cCHd8Yu3YjTKY2wJIXfT3PcE=,6Bb36KsjCzCe2grAstKcDV5UO3I=
-2,44,pT2cCHd8Yu3YjTKY2wJIXfT3PcE=,6Bb36KsjCzCe2grAstKcDV5UO3I=
-12,35,pT2cCHd8Yu3YjTKY2wJIXfT3PcE=,6Bb36KsjCzCe2grAstKcDV5UO3I=
-4,39,pT2cCHd8Yu3YjTKY2wJIXfT3PcE=,6Bb36KsjCzCe2grAstKcDV5UO3I=
-4,44,pT2cCHd8Yu3YjTKY2wJIXfT3PcE=,6Bb36KsjCzCe2grAstKcDV5UO3I=
-7,39,pT2cCHd8Yu3YjTKY2wJIXfT3PcE=,6Bb36KsjCzCe2grAstKcDV5UO3I=
-8,44,pT2cCHd8Yu3YjTKY2wJIXfT3PcE=,6Bb36KsjCzCe2grAstKcDV5UO3I=
-9,39,pT2cCHd8Yu3YjTKY2wJIXfT3PcE=,6Bb36KsjCzCe2grAstKcDV5UO3I=
-8,39,pT2cCHd8Yu3YjTKY2wJIXfT3PcE=,6Bb36KsjCzCe2grAstKcDV5UO3I=
-9,45,pT2cCHd8Yu3YjTKY2wJIXfT3PcE=,6Bb36KsjCzCe2grAstKcDV5UO3I=
-3,43,pT2cCHd8Yu3YjTKY2wJIXfT3PcE=,6Bb36KsjCzCe2grAstKcDV5UO3I=
-7,44,pT2cCHd8Yu3YjTKY2wJIXfT3PcE=,6Bb36KsjCzCe2grAstKcDV5UO3I=
-11,39,pT2cCHd8Yu3YjTKY2wJIXfT3PcE=,6Bb36KsjCzCe2grAstKcDV5UO3I=
-4,43,pT2cCHd8Yu3YjTKY2wJIXfT3PcE=,6Bb36KsjCzCe2grAstKcDV5UO3I=
-6,44,pT2cCHd8Yu3YjTKY2wJIXfT3PcE=,6Bb36KsjCzCe2grAstKcDV5UO3I=
-9,44,pT2cCHd8Yu3YjTKY2wJIXfT3PcE=,6Bb36KsjCzCe2grAstKcDV5UO3I=
-5,44,pT2cCHd8Yu3YjTKY2wJIXfT3PcE=,6Bb36KsjCzCe2grAstKcDV5UO3I=
-6,45,pT2cCHd8Yu3YjTKY2wJIXfT3PcE=,6Bb36KsjCzCe2grAstKcDV5UO3I=
-1,43,pT2cCHd8Yu3YjTKY2wJIXfT3PcE=,6Bb36KsjCzCe2grAstKcDV5UO3I=
-2,43,pT2cCHd8Yu3YjTKY2wJIXfT3PcE=,6Bb36KsjCzCe2grAstKcDV5UO3I=
-9,43,pT2cCHd8Yu3YjTKY2wJIXfT3PcE=,6Bb36KsjCzCe2grAstKcDV5UO3I=
-1,42,pT2cCHd8Yu3YjTKY2wJIXfT3PcE=,6Bb36KsjCzCe2grAstKcDV5UO3I=
-10,39,pT2cCHd8Yu3YjTKY2wJIXfT3PcE=,6Bb36KsjCzCe2grAstKcDV5UO3I=
-2,42,pT2cCHd8Yu3YjTKY2wJIXfT3PcE=,6Bb36KsjCzCe2grAstKcDV5UO3I=
-2,45,pT2cCHd8Yu3YjTKY2wJIXfT3PcE=,6Bb36KsjCzCe2grAstKcDV5UO3I=
-15,35,pT2cCHd8Yu3YjTKY2wJIXfT3PcE=,6Bb36KsjCzCe2grAstKcDV5UO3I=
-16,34,pT2cCHd8Yu3YjTKY2wJIXfT3PcE=,6Bb36KsjCzCe2grAstKcDV5UO3I=
-6,43,pT2cCHd8Yu3YjTKY2wJIXfT3PcE=,6Bb36KsjCzCe2grAstKcDV5UO3I=
-3,42,pT2cCHd8Yu3YjTKY2wJIXfT3PcE=,6Bb36KsjCzCe2grAstKcDV5UO3I=
-5,43,pT2cCHd8Yu3YjTKY2wJIXfT3PcE=,6Bb36KsjCzCe2grAstKcDV5UO3I=
-9,42,pT2cCHd8Yu3YjTKY2wJIXfT3PcE=,6Bb36KsjCzCe2grAstKcDV5UO3I=
-15,33,pT2cCHd8Yu3YjTKY2wJIXfT3PcE=,6Bb36KsjCzCe2grAstKcDV5UO3I=
-14,32,pT2cCHd8Yu3YjTKY2wJIXfT3PcE=,6Bb36KsjCzCe2grAstKcDV5UO3I=
-8,43,pT2cCHd8Yu3YjTKY2wJIXfT3PcE=,6Bb36KsjCzCe2grAstKcDV5UO3I=
-4,42,pT2cCHd8Yu3YjTKY2wJIXfT3PcE=,6Bb36KsjCzCe2grAstKcDV5UO3I=
-14,39,pT2cCHd8Yu3YjTKY2wJIXfT3PcE=,6Bb36KsjCzCe2grAstKcDV5UO3I=
-1,45,pT2cCHd8Yu3YjTKY2wJIXfT3PcE=,6Bb36KsjCzCe2grAstKcDV5UO3I=
-6,42,pT2cCHd8Yu3YjTKY2wJIXfT3PcE=,6Bb36KsjCzCe2grAstKcDV5UO3I=
-2,47,pT2cCHd8Yu3YjTKY2wJIXfT3PcE=,6Bb36KsjCzCe2grAstKcDV5UO3I=
-8,46,pT2cCHd8Yu3YjTKY2wJIXfT3PcE=,6Bb36KsjCzCe2grAstKcDV5UO3I=
-5,42,pT2cCHd8Yu3YjTKY2wJIXfT3PcE=,6Bb36KsjCzCe2grAstKcDV5UO3I=
-7,43,pT2cCHd8Yu3YjTKY2wJIXfT3PcE=,6Bb36KsjCzCe2grAstKcDV5UO3I=
-9,33,pT2cCHd8Yu3YjTKY2wJIXfT3PcE=,6Bb36KsjCzCe2grAstKcDV5UO3I=
-13,32,pT2cCHd8Yu3YjTKY2wJIXfT3PcE=,6Bb36KsjCzCe2grAstKcDV5UO3I=
-9,41,pT2cCHd8Yu3YjTKY2wJIXfT3PcE=,6Bb36KsjCzCe2grAstKcDV5UO3I=
-7,46,pT2cCHd8Yu3YjTKY2wJIXfT3PcE=,6Bb36KsjCzCe2grAstKcDV5UO3I=
-9,47,pT2cCHd8Yu3YjTKY2wJIXfT3PcE=,6Bb36KsjCzCe2grAstKcDV5UO3I=
-1,41,pT2cCHd8Yu3YjTKY2wJIXfT3PcE=,6Bb36KsjCzCe2grAstKcDV5UO3I=
-8,42,pT2cCHd8Yu3YjTKY2wJIXfT3PcE=,6Bb36KsjCzCe2grAstKcDV5UO3I=
-10,33,pT2cCHd8Yu3YjTKY2wJIXfT3PcE=,6Bb36KsjCzCe2grAstKcDV5UO3I=
-2,41,pT2cCHd8Yu3YjTKY2wJIXfT3PcE=,6Bb36KsjCzCe2grAstKcDV5UO3I=
-7,47,pT2cCHd8Yu3YjTKY2wJIXfT3PcE=,6Bb36KsjCzCe2grAstKcDV5UO3I=
-8,38,pT2cCHd8Yu3YjTKY2wJIXfT3PcE=,6Bb36KsjCzCe2grAstKcDV5UO3I=
-15,39,pT2cCHd8Yu3YjTKY2wJIXfT3PcE=,6Bb36KsjCzCe2grAstKcDV5UO3I=
-16,33,pT2cCHd8Yu3YjTKY2wJIXfT3PcE=,6Bb36KsjCzCe2grAstKcDV5UO3I=
-8,47,pT2cCHd8Yu3YjTKY2wJIXfT3PcE=,6Bb36KsjCzCe2grAstKcDV5UO3I=
-5,47,pT2cCHd8Yu3YjTKY2wJIXfT3PcE=,6Bb36KsjCzCe2grAstKcDV5UO3I=
-4,47,pT2cCHd8Yu3YjTKY2wJIXfT3PcE=,6Bb36KsjCzCe2grAstKcDV5UO3I=
-12,33,pT2cCHd8Yu3YjTKY2wJIXfT3PcE=,6Bb36KsjCzCe2grAstKcDV5UO3I=
-6,46,pT2cCHd8Yu3YjTKY2wJIXfT3PcE=,6Bb36KsjCzCe2grAstKcDV5UO3I=
-7,42,pT2cCHd8Yu3YjTKY2wJIXfT3PcE=,6Bb36KsjCzCe2grAstKcDV5UO3I=
-9,40,pT2cCHd8Yu3YjTKY2wJIXfT3PcE=,6Bb36KsjCzCe2grAstKcDV5UO3I=
-12,38,pT2cCHd8Yu3YjTKY2wJIXfT3PcE=,6Bb36KsjCzCe2grAstKcDV5UO3I=
-8,40,pT2cCHd8Yu3YjTKY2wJIXfT3PcE=,6Bb36KsjCzCe2grAstKcDV5UO3I=
-4,41,pT2cCHd8Yu3YjTKY2wJIXfT3PcE=,6Bb36KsjCzCe2grAstKcDV5UO3I=
-3,41,pT2cCHd8Yu3YjTKY2wJIXfT3PcE=,6Bb36KsjCzCe2grAstKcDV5UO3I=
-6,41,pT2cCHd8Yu3YjTKY2wJIXfT3PcE=,6Bb36KsjCzCe2grAstKcDV5UO3I=
-7,41,pT2cCHd8Yu3YjTKY2wJIXfT3PcE=,6Bb36KsjCzCe2grAstKcDV5UO3I=
-11,37,pT2cCHd8Yu3YjTKY2wJIXfT3PcE=,6Bb36KsjCzCe2grAstKcDV5UO3I=
-1,40,pT2cCHd8Yu3YjTKY2wJIXfT3PcE=,6Bb36KsjCzCe2grAstKcDV5UO3I=
-5,41,pT2cCHd8Yu3YjTKY2wJIXfT3PcE=,6Bb36KsjCzCe2grAstKcDV5UO3I=
-2,40,pT2cCHd8Yu3YjTKY2wJIXfT3PcE=,6Bb36KsjCzCe2grAstKcDV5UO3I=
-8,41,pT2cCHd8Yu3YjTKY2wJIXfT3PcE=,6Bb36KsjCzCe2grAstKcDV5UO3I=
-2,46,pT2cCHd8Yu3YjTKY2wJIXfT3PcE=,6Bb36KsjCzCe2grAstKcDV5UO3I=
-8,34,pT2cCHd8Yu3YjTKY2wJIXfT3PcE=,6Bb36KsjCzCe2grAstKcDV5UO3I=
-5,40,pT2cCHd8Yu3YjTKY2wJIXfT3PcE=,6Bb36KsjCzCe2grAstKcDV5UO3I=
-11,35,pT2cCHd8Yu3YjTKY2wJIXfT3PcE=,6Bb36KsjCzCe2grAstKcDV5UO3I=
-6,40,pT2cCHd8Yu3YjTKY2wJIXfT3PcE=,6Bb36KsjCzCe2grAstKcDV5UO3I=
-1,46,pT2cCHd8Yu3YjTKY2wJIXfT3PcE=,6Bb36KsjCzCe2grAstKcDV5UO3I=
-7,40,pT2cCHd8Yu3YjTKY2wJIXfT3PcE=,6Bb36KsjCzCe2grAstKcDV5UO3I=
-3,47,pT2cCHd8Yu3YjTKY2wJIXfT3PcE=,6Bb36KsjCzCe2grAstKcDV5UO3I=
-3,40,pT2cCHd8Yu3YjTKY2wJIXfT3PcE=,6Bb36KsjCzCe2grAstKcDV5UO3I=
-13,33,pT2cCHd8Yu3YjTKY2wJIXfT3PcE=,6Bb36KsjCzCe2grAstKcDV5UO3I=
-3,46,pT2cCHd8Yu3YjTKY2wJIXfT3PcE=,6Bb36KsjCzCe2grAstKcDV5UO3I=
-16,35,pT2cCHd8Yu3YjTKY2wJIXfT3PcE=,6Bb36KsjCzCe2grAstKcDV5UO3I=
-15,40,pT2cCHd8Yu3YjTKY2wJIXfT3PcE=,6Bb36KsjCzCe2grAstKcDV5UO3I=
-4,46,pT2cCHd8Yu3YjTKY2wJIXfT3PcE=,6Bb36KsjCzCe2grAstKcDV5UO3I=
-12,37,pT2cCHd8Yu3YjTKY2wJIXfT3PcE=,6Bb36KsjCzCe2grAstKcDV5UO3I=
-9,36,pT2cCHd8Yu3YjTKY2wJIXfT3PcE=,6Bb36KsjCzCe2grAstKcDV5UO3I=
-5,46,pT2cCHd8Yu3YjTKY2wJIXfT3PcE=,6Bb36KsjCzCe2grAstKcDV5UO3I=
-14,33,pT2cCHd8Yu3YjTKY2wJIXfT3PcE=,6Bb36KsjCzCe2grAstKcDV5UO3I=
-4,40,pT2cCHd8Yu3YjTKY2wJIXfT3PcE=,6Bb36KsjCzCe2grAstKcDV5UO3I=
-10,32,pT2cCHd8Yu3YjTKY2wJIXfT3PcE=,6Bb36KsjCzCe2grAstKcDV5UO3I=
-9,34,pT2cCHd8Yu3YjTKY2wJIXfT3PcE=,6Bb36KsjCzCe2grAstKcDV5UO3I=
-10,36,pT2cCHd8Yu3YjTKY2wJIXfT3PcE=,6Bb36KsjCzCe2grAstKcDV5UO3I=
-13,37,pT2cCHd8Yu3YjTKY2wJIXfT3PcE=,6Bb36KsjCzCe2grAstKcDV5UO3I=
-6,47,pT2cCHd8Yu3YjTKY2wJIXfT3PcE=,6Bb36KsjCzCe2grAstKcDV5UO3I=
-8,33,pT2cCHd8Yu3YjTKY2wJIXfT3PcE=,6Bb36KsjCzCe2grAstKcDV5UO3I=
-13,38,pT2cCHd8Yu3YjTKY2wJIXfT3PcE=,6Bb36KsjCzCe2grAstKcDV5UO3I=
-15,37,pT2cCHd8Yu3YjTKY2wJIXfT3PcE=,6Bb36KsjCzCe2grAstKcDV5UO3I=
-14,40,pT2cCHd8Yu3YjTKY2wJIXfT3PcE=,6Bb36KsjCzCe2grAstKcDV5UO3I=
-11,36,pT2cCHd8Yu3YjTKY2wJIXfT3PcE=,6Bb36KsjCzCe2grAstKcDV5UO3I=
-10,35,pT2cCHd8Yu3YjTKY2wJIXfT3PcE=,6Bb36KsjCzCe2grAstKcDV5UO3I=
-16,37,pT2cCHd8Yu3YjTKY2wJIXfT3PcE=,6Bb36KsjCzCe2grAstKcDV5UO3I=
-12,36,pT2cCHd8Yu3YjTKY2wJIXfT3PcE=,6Bb36KsjCzCe2grAstKcDV5UO3I=
-15,38,pT2cCHd8Yu3YjTKY2wJIXfT3PcE=,6Bb36KsjCzCe2grAstKcDV5UO3I=
-10,34,pT2cCHd8Yu3YjTKY2wJIXfT3PcE=,6Bb36KsjCzCe2grAstKcDV5UO3I=
-13,36,pT2cCHd8Yu3YjTKY2wJIXfT3PcE=,6Bb36KsjCzCe2grAstKcDV5UO3I=
-14,38,pT2cCHd8Yu3YjTKY2wJIXfT3PcE=,6Bb36KsjCzCe2grAstKcDV5UO3I=
-16,38,pT2cCHd8Yu3YjTKY2wJIXfT3PcE=,6Bb36KsjCzCe2grAstKcDV5UO3I=
-9,37,pT2cCHd8Yu3YjTKY2wJIXfT3PcE=,6Bb36KsjCzCe2grAstKcDV5UO3I=
-14,36,pT2cCHd8Yu3YjTKY2wJIXfT3PcE=,6Bb36KsjCzCe2grAstKcDV5UO3I=
-13,40,pT2cCHd8Yu3YjTKY2wJIXfT3PcE=,6Bb36KsjCzCe2grAstKcDV5UO3I=
-12,32,pT2cCHd8Yu3YjTKY2wJIXfT3PcE=,6Bb36KsjCzCe2grAstKcDV5UO3I=
-9,38,pT2cCHd8Yu3YjTKY2wJIXfT3PcE=,6Bb36KsjCzCe2grAstKcDV5UO3I=
-11,33,pT2cCHd8Yu3YjTKY2wJIXfT3PcE=,6Bb36KsjCzCe2grAstKcDV5UO3I=
-10,38,pT2cCHd8Yu3YjTKY2wJIXfT3PcE=,6Bb36KsjCzCe2grAstKcDV5UO3I=
-8,37,pT2cCHd8Yu3YjTKY2wJIXfT3PcE=,6Bb36KsjCzCe2grAstKcDV5UO3I=
-11,34,pT2cCHd8Yu3YjTKY2wJIXfT3PcE=,6Bb36KsjCzCe2grAstKcDV5UO3I=
-8,36,pT2cCHd8Yu3YjTKY2wJIXfT3PcE=,6Bb36KsjCzCe2grAstKcDV5UO3I=
-10,37,pT2cCHd8Yu3YjTKY2wJIXfT3PcE=,6Bb36KsjCzCe2grAstKcDV5UO3I=
-10,40,pT2cCHd8Yu3YjTKY2wJIXfT3PcE=,6Bb36KsjCzCe2grAstKcDV5UO3I=
-11,32,pT2cCHd8Yu3YjTKY2wJIXfT3PcE=,6Bb36KsjCzCe2grAstKcDV5UO3I=
-13,34,pT2cCHd8Yu3YjTKY2wJIXfT3PcE=,6Bb36KsjCzCe2grAstKcDV5UO3I=
-14,34,pT2cCHd8Yu3YjTKY2wJIXfT3PcE=,6Bb36KsjCzCe2grAstKcDV5UO3I=
-12,34,pT2cCHd8Yu3YjTKY2wJIXfT3PcE=,6Bb36KsjCzCe2grAstKcDV5UO3I=
-11,40,pT2cCHd8Yu3YjTKY2wJIXfT3PcE=,6Bb36KsjCzCe2grAstKcDV5UO3I=
-12,40,pT2cCHd8Yu3YjTKY2wJIXfT3PcE=,6Bb36KsjCzCe2grAstKcDV5UO3I=
-14,37,pT2cCHd8Yu3YjTKY2wJIXfT3PcE=,6Bb36KsjCzCe2grAstKcDV5UO3I=
