-2,-238,MuBx/jAf3YSKk50JFKWyjs2Irfo=,+guvyjDxHGE5lB98KFqKI4EZDLA=
-7,-237,MuBx/jAf3YSKk50JFKWyjs2Irfo=,+guvyjDxHGE5lB98KFqKI4EZDLA=
-6,-237,MuBx/jAf3YSKk50JFKWyjs2Irfo=,+guvyjDxHGE5lB98KFqKI4EZDLA=
-5,-237,MuBx/jAf3YSKk50JFKWyjs2Irfo=,+guvyjDxHGE5lB98KFqKI4EZDLA=
-4,-237,MuBx/jAf3YSKk50JFKWyjs2Irfo=,+guvyjDxHGE5lB98KFqKI4EZDLA=
-2,-228,MuBx/jAf3YSKk50JFKWyjs2Irfo=,+guvyjDxHGE5lB98KFqKI4EZDLA=
-6,-231,MuBx/jAf3YSKk50JFKWyjs2Irfo=,+guvyjDxHGE5lB98KFqKI4EZDLA=
-5,-231,MuBx/jAf3YSKk50JFKWyjs2Irfo=,+guvyjDxHGE5lB98KFqKI4EZDLA=
-4,-231,MuBx/jAf3YSKk50JFKWyjs2Irfo=,+guvyjDxHGE5lB98KFqKI4EZDLA=
-7,-227,MuBx/jAf3YSKk50JFKWyjs2Irfo=,+guvyjDxHGE5lB98KFqKI4EZDLA=
-4,-232,MuBx/jAf3YSKk50JFKWyjs2Irfo=,+guvyjDxHGE5lB98KFqKI4EZDLA=
-6,-227,MuBx/jAf3YSKk50JFKWyjs2Irfo=,+guvyjDxHGE5lB98KFqKI4EZDLA=
-5,-227,MuBx/jAf3YSKk50JFKWyjs2Irfo=,+guvyjDxHGE5lB98KFqKI4EZDLA=
-3,-232,MuBx/jAf3YSKk50JFKWyjs2Irfo=,+guvyjDxHGE5lB98KFqKI4EZDLA=
-4,-227,MuBx/jAf3YSKk50JFKWyjs2Irfo=,+guvyjDxHGE5lB98KFqKI4EZDLA=
-3,-227,MuBx/jAf3YSKk50JFKWyjs2Irfo=,+guvyjDxHGE5lB98KFqKI4EZDLA=
-2,-227,MuBx/jAf3YSKk50JFKWyjs2Irfo=,+guvyjDxHGE5lB98KFqKI4EZDLA=
-7,-230,MuBx/jAf3YSKk50JFKWyjs2Irfo=,+guvyjDxHGE5lB98KFqKI4EZDLA=
-7,-229,MuBx/jAf3YSKk50JFKWyjs2Irfo=,+guvyjDxHGE5lB98KFqKI4EZDLA=
-2,-232,MuBx/jAf3YSKk50JFKWyjs2Irfo=,+guvyjDxHGE5lB98KFqKI4EZDLA=
-7,-228,MuBx/jAf3YSKk50JFKWyjs2Irfo=,+guvyjDxHGE5lB98KFqKI4EZDLA=
-6,-228,MuBx/jAf3YSKk50JFKWyjs2Irfo=,+guvyjDxHGE5lB98KFqKI4EZDLA=
-7,-232,MuBx/jAf3YSKk50JFKWyjs2Irfo=,+guvyjDxHGE5lB98KFqKI4EZDLA=
-7,-226,MuBx/jAf3YSKk50JFKWyjs2Irfo=,+guvyjDxHGE5lB98KFqKI4EZDLA=
-6,-226,MuBx/jAf3YSKk50JFKWyjs2Irfo=,+guvyjDxHGE5lB98KFqKI4EZDLA=
-5,-226,MuBx/jAf3YSKk50JFKWyjs2Irfo=,+guvyjDxHGE5lB98KFqKI4EZDLA=
-5,-228,MuBx/jAf3YSKk50JFKWyjs2Irfo=,+guvyjDxHGE5lB98KFqKI4EZDLA=
-4,-226,MuBx/jAf3YSKk50JFKWyjs2Irfo=,+guvyjDxHGE5lB98KFqKI4EZDLA=
-6,-230,MuBx/jAf3YSKk50JFKWyjs2Irfo=,+guvyjDxHGE5lB98KFqKI4EZDLA=
-6,-229,MuBx/jAf3YSKk50JFKWyjs2Irfo=,+guvyjDxHGE5lB98KFqKI4EZDLA=
-3,-226,MuBx/jAf3YSKk50JFKWyjs2Irfo=,+guvyjDxHGE5lB98KFqKI4EZDLA=
-2,-226,MuBx/jAf3YSKk50JFKWyjs2Irfo=,+guvyjDxHGE5lB98KFqKI4EZDLA=
-5,-230,MuBx/jAf3YSKk50JFKWyjs2Irfo=,+guvyjDxHGE5lB98KFqKI4EZDLA=
-4,-228,MuBx/jAf3YSKk50JFKWyjs2Irfo=,+guvyjDxHGE5lB98KFqKI4EZDLA=
-5,-229,MuBx/jAf3YSKk50JFKWyjs2Irfo=,+guvyjDxHGE5lB98KFqKI4EZDLA=
-4,-229,MuBx/jAf3YSKk50JFKWyjs2Irfo=,+guvyjDxHGE5lB98KFqKI4EZDLA=
-4,-230,MuBx/jAf3YSKk50JFKWyjs2Irfo=,+guvyjDxHGE5lB98KFqKI4EZDLA=
-3,-229,MuBx/jAf3YSKk50JFKWyjs2Irfo=,+guvyjDxHGE5lB98KFqKI4EZDLA=
-3,-230,MuBx/jAf3YSKk50JFKWyjs2Irfo=,+guvyjDxHGE5lB98KFqKI4EZDLA=
-2,-229,MuBx/jAf3YSKk50JFKWyjs2Irfo=,+guvyjDxHGE5lB98KFqKI4EZDLA=
-2,-230,MuBx/jAf3YSKk50JFKWyjs2Irfo=,+guvyjDxHGE5lB98KFqKI4EZDLA=
-7,-233,MuBx/jAf3YSKk50JFKWyjs2Irfo=,+guvyjDxHGE5lB98KFqKI4EZDLA=
-6,-233,MuBx/jAf3YSKk50JFKWyjs2Irfo=,+guvyjDxHGE5lB98KFqKI4EZDLA=
-5,-233,MuBx/jAf3YSKk50JFKWyjs2Irfo=,+guvyjDxHGE5lB98KFqKI4EZDLA=
-4,-233,MuBx/jAf3YSKk50JFKWyjs2Irfo=,+guvyjDxHGE5lB98KFqKI4EZDLA=
-7,-231,MuBx/jAf3YSKk50JFKWyjs2Irfo=,+guvyjDxHGE5lB98KFqKI4EZDLA=
-3,-228,MuBx/jAf3YSKk50JFKWyjs2Irfo=,+guvyjDxHGE5lB98KFqKI4EZDLA=
-6,-232,MuBx/jAf3YSKk50JFKWyjs2Irfo=,+guvyjDxHGE5lB98KFqKI4EZDLA=
-3,-231,MuBx/jAf3YSKk50JFKWyjs2Irfo=,+guvyjDxHGE5lB98KFqKI4EZDLA=
-5,-232,MuBx/jAf3YSKk50JFKWyjs2Irfo=,+guvyjDxHGE5lB98KFqKI4EZDLA=
-2,-231,MuBx/jAf3YSKk50JFKWyjs2Irfo=,+guvyjDxHGE5lB98KFqKI4EZDLA=
-3,-233,MuBx/jAf3YSKk50JFKWyjs2Irfo=,+guvyjDxHGE5lB98KFqKI4EZDLA=
-2,-233,MuBx/jAf3YSKk50JFKWyjs2Irfo=,+guvyjDxHGE5lB98KFqKI4EZDLA=
-3,-237,MuBx/jAf3YSKk50JFKWyjs2Irfo=,+guvyjDxHGE5lB98KFqKI4EZDLA=
-2,-237,MuBx/jAf3YSKk50JFKWyjs2Irfo=,+guvyjDxHGE5lB98KFqKI4EZDLA=
-7,-236,MuBx/jAf3YSKk50JFKWyjs2Irfo=,+guvyjDxHGE5lB98KFqKI4EZDLA=
-6,-236,MuBx/jAf3YSKk50JFKWyjs2Irfo=,+guvyjDxHGE5lB98KFqKI4EZDLA=
-5,-236,MuBx/jAf3YSKk50JFKWyjs2Irfo=,+guvyjDxHGE5lB98KFqKI4EZDLA=
-3,-238,MuBx/jAf3YSKk50JFKWyjs2Irfo=,+guvyjDxHGE5lB98KFqKI4EZDLA=
-10,-225,MuBx/jAf3YSKk50JFKWyjs2Irfo=,+guvyjDxHGE5lB98KFqKI4EZDLA=
-12,-229,MuBx/jAf3YSKk50JFKWyjs2Irfo=,+guvyjDxHGE5lB98KFqKI4EZDLA=
-11,-229,MuBx/jAf3YSKk50JFKWyjs2Irfo=,+guvyjDxHGE5lB98KFqKI4EZDLA=
-8,-227,MuBx/jAf3YSKk50JFKWyjs2Irfo=,+guvyjDxHGE5lB98KFqKI4EZDLA=
-4,-238,MuBx/jAf3YSKk50JFKWyjs2Irfo=,+guvyjDxHGE5lB98KFqKI4EZDLA=
-5,-238,MuBx/jAf3YSKk50JFKWyjs2Irfo=,+guvyjDxHGE5lB98KFqKI4EZDLA=
-13,-229,MuBx/jAf3YSKk50JFKWyjs2Irfo=,+guvyjDxHGE5lB98KFqKI4EZDLA=
-6,-238,MuBx/jAf3YSKk50JFKWyjs2Irfo=,+guvyjDxHGE5lB98KFqKI4EZDLA=
-2,-234,MuBx/jAf3YSKk50JFKWyjs2Irfo=,+guvyjDxHGE5lB98KFqKI4EZDLA=
-3,-234,MuBx/jAf3YSKk50JFKWyjs2Irfo=,+guvyjDxHGE5lB98KFqKI4EZDLA=
-2,-239,MuBx/jAf3YSKk50JFKWyjs2Irfo=,+guvyjDxHGE5lB98KFqKI4EZDLA=
-3,-239,MuBx/jAf3YSKk50JFKWyjs2Irfo=,+guvyjDxHGE5lB98KFqKI4EZDLA=
-4,-239,MuBx/jAf3YSKk50JFKWyjs2Irfo=,+guvyjDxHGE5lB98KFqKI4EZDLA=
-5,-239,MuBx/jAf3YSKk50JFKWyjs2Irfo=,+guvyjDxHGE5lB98KFqKI4EZDLA=
-14,-229,MuBx/jAf3YSKk50JFKWyjs2Irfo=,+guvyjDxHGE5lB98KFqKI4EZDLA=
-11,-225,MuBx/jAf3YSKk50JFKWyjs2Irfo=,+guvyjDxHGE5lB98KFqKI4EZDLA=
-6,-239,MuBx/jAf3YSKk50JFKWyjs2Irfo=,+guvyjDxHGE5lB98KFqKI4EZDLA=
-10,-229,MuBx/jAf3YSKk50JFKWyjs2Irfo=,+guvyjDxHGE5lB98KFqKI4EZDLA=
-4,-234,MuBx/jAf3YSKk50JFKWyjs2Irfo=,+guvyjDxHGE5lB98KFqKI4EZDLA=
-5,-234,MuBx/jAf3YSKk50JFKWyjs2Irfo=,+guvyjDxHGE5lB98KFqKI4EZDLA=
-15,-229,MuBx/jAf3YSKk50JFKWyjs2Irfo=,+guvyjDxHGE5lB98KFqKI4EZDLA=
-6,-234,MuBx/jAf3YSKk50JFKWyjs2Irfo=,+guvyjDxHGE5lB98KFqKI4EZDLA=
-7,-239,MuBx/jAf3YSKk50JFKWyjs2Irfo=,+guvyjDxHGE5lB98KFqKI4EZDLA=
-2,-235,MuBx/jAf3YSKk50JFKWyjs2Irfo=,+guvyjDxHGE5lB98KFqKI4EZDLA=
-3,-235,MuBx/jAf3YSKk50JFKWyjs2Irfo=,+guvyjDxHGE5lB98KFqKI4EZDLA=
-4,-235,MuBx/jAf3YSKk50JFKWyjs2Irfo=,+guvyjDxHGE5lB98KFqKI4EZDLA=
-5,-235,MuBx/jAf3YSKk50JFKWyjs2Irfo=,+guvyjDxHGE5lB98KFqKI4EZDLA=
-6,-235,MuBx/jAf3YSKk50JFKWyjs2Irfo=,+guvyjDxHGE5lB98KFqKI4EZDLA=
-7,-234,MuBx/jAf3YSKk50JFKWyjs2Irfo=,+guvyjDxHGE5lB98KFqKI4EZDLA=
-2,-236,MuBx/jAf3YSKk50JFKWyjs2Irfo=,+guvyjDxHGE5lB98KFqKI4EZDLA=
-3,-236,MuBx/jAf3YSKk50JFKWyjs2Irfo=,+guvyjDxHGE5lB98KFqKI4EZDLA=
-7,-238,MuBx/jAf3YSKk50JFKWyjs2Irfo=,+guvyjDxHGE5lB98KFqKI4EZDLA=
-7,-235,MuBx/jAf3YSKk50JFKWyjs2Irfo=,+guvyjDxHGE5lB98KFqKI4EZDLA=
-9,-225,MuBx/jAf3YSKk50JFKWyjs2Irfo=,+guvyjDxHGE5lB98KFqKI4EZDLA=
-8,-230,MuBx/jAf3YSKk50JFKWyjs2Irfo=,+guvyjDxHGE5lB98KFqKI4EZDLA=
-8,-225,MuBx/jAf3YSKk50JFKWyjs2Irfo=,+guvyjDxHGE5lB98KFqKI4EZDLA=
-7,-225,MuBx/jAf3YSKk50JFKWyjs2Irfo=,+guvyjDxHGE5lB98KFqKI4EZDLA=
-6,-225,MuBx/jAf3YSKk50JFKWyjs2Irfo=,+guvyjDxHGE5lB98KFqKI4EZDLA=
-5,-225,MuBx/jAf3YSKk50JFKWyjs2Irfo=,+guvyjDxHGE5lB98KFqKI4EZDLA=
-4,-225,MuBx/jAf3YSKk50JFKWyjs2Irfo=,+guvyjDxHGE5lB98KFqKI4EZDLA=
-3,-225,MuBx/jAf3YSKk50JFKWyjs2Irfo=,+guvyjDxHGE5lB98KFqKI4EZDLA=
-8,-229,MuBx/jAf3YSKk50JFKWyjs2Irfo=,+guvyjDxHGE5lB98KFqKI4EZDLA=
-2,-225,MuBx/jAf3YSKk50JFKWyjs2Irfo=,+guvyjDxHGE5lB98KFqKI4EZDLA=
-9,-229,MuBx/jAf3YSKk50JFKWyjs2Irfo=,+guvyjDxHGE5lB98KFqKI4EZDLA=
-16,-228,MuBx/jAf3YSKk50JFKWyjs2Irfo=,+guvyjDxHGE5lB98KFqKI4EZDLA=
-15,-228,MuBx/jAf3YSKk50JFKWyjs2Irfo=,+guvyjDxHGE5lB98KFqKI4EZDLA=
-14,-228,MuBx/jAf3YSKk50JFKWyjs2Irfo=,+guvyjDxHGE5lB98KFqKI4EZDLA=
-13,-228,MuBx/jAf3YSKk50JFKWyjs2Irfo=,+guvyjDxHGE5lB98KFqKI4EZDLA=
-12,-228,MuBx/jAf3YSKk50JFKWyjs2Irfo=,+guvyjDxHGE5lB98KFqKI4EZDLA=
-16,-229,MuBx/jAf3YSKk50JFKWyjs2Irfo=,+guvyjDxHGE5lB98KFqKI4EZDLA=
-8,-228,MuBx/jAf3YSKk50JFKWyjs2Irfo=,+guvyjDxHGE5lB98KFqKI4EZDLA=
-4,-236,MuBx/jAf3YSKk50JFKWyjs2Irfo=,+guvyjDxHGE5lB98KFqKI4EZDLA=
-1,-238,MuBx/jAf3YSKk50JFKWyjs2Irfo=,+guvyjDxHGE5lB98KFqKI4EZDLA=
-1,-239,MuBx/jAf3YSKk50JFKWyjs2Irfo=,+guvyjDxHGE5lB98KFqKI4EZDLA=
-1,-237,MuBx/jAf3YSKk50JFKWyjs2Irfo=,+guvyjDxHGE5lB98KFqKI4EZDLA=
-1,-234,MuBx/jAf3YSKk50JFKWyjs2Irfo=,+guvyjDxHGE5lB98KFqKI4EZDLA=
-1,-236,MuBx/jAf3YSKk50JFKWyjs2Irfo=,+guvyjDxHGE5lB98KFqKI4EZDLA=
-1,-235,MuBx/jAf3YSKk50JFKWyjs2Irfo=,+guvyjDxHGE5lB98KFqKI4EZDLA=
-12,-230,MuBx/jAf3YSKk50JFKWyjs2Irfo=,+guvyjDxHGE5lB98KFqKI4EZDLA=
-10,-230,MuBx/jAf3YSKk50JFKWyjs2Irfo=,+guvyjDxHGE5lB98KFqKI4EZDLA=
-13,-230,MuBx/jAf3YSKk50JFKWyjs2Irfo=,+guvyjDxHGE5lB98KFqKI4EZDLA=
-11,-228,MuBx/jAf3YSKk50JFKWyjs2Irfo=,+guvyjDxHGE5lB98KFqKI4EZDLA=
-12,-225,MuBx/jAf3YSKk50JFKWyjs2Irfo=,+guvyjDxHGE5lB98KFqKI4EZDLA=
-11,-230,MuBx/jAf3YSKk50JFKWyjs2Irfo=,+guvyjDxHGE5lB98KFqKI4EZDLA=
-1,-240,MuBx/jAf3YSKk50JFKWyjs2Irfo=,+guvyjDxHGE5lB98KFqKI4EZDLA=
-15,-225,MuBx/jAf3YSKk50JFKWyjs2Irfo=,+guvyjDxHGE5lB98KFqKI4EZDLA=
-2,-240,MuBx/jAf3YSKk50JFKWyjs2Irfo=,+guvyjDxHGE5lB98KFqKI4EZDLA=
-8,-231,MuBx/jAf3YSKk50JFKWyjs2Irfo=,+guvyjDxHGE5lB98KFqKI4EZDLA=
-5,-240,MuBx/jAf3YSKk50JFKWyjs2Irfo=,+guvyjDxHGE5lB98KFqKI4EZDLA=
-4,-240,MuBx/jAf3YSKk50JFKWyjs2Irfo=,+guvyjDxHGE5lB98KFqKI4EZDLA=
-16,-230,MuBx/jAf3YSKk50JFKWyjs2Irfo=,+guvyjDxHGE5lB98KFqKI4EZDLA=
-15,-230,MuBx/jAf3YSKk50JFKWyjs2Irfo=,+guvyjDxHGE5lB98KFqKI4EZDLA=
-6,-240,MuBx/jAf3YSKk50JFKWyjs2Irfo=,+guvyjDxHGE5lB98KFqKI4EZDLA=
-1,-228,MuBx/jAf3YSKk50JFKWyjs2Irfo=,+guvyjDxHGE5lB98KFqKI4EZDLA=
-1,-226,MuBx/jAf3YSKk50JFKWyjs2Irfo=,+guvyjDxHGE5lB98KFqKI4EZDLA=
-1,-227,MuBx/jAf3YSKk50JFKWyjs2Irfo=,+guvyjDxHGE5lB98KFqKI4EZDLA=
-1,-232,MuBx/jAf3YSKk50JFKWyjs2Irfo=,+guvyjDxHGE5lB98KFqKI4EZDLA=
-1,-229,MuBx/jAf3YSKk50JFKWyjs2Irfo=,+guvyjDxHGE5lB98KFqKI4EZDLA=
-1,-230,MuBx/jAf3YSKk50JFKWyjs2Irfo=,+guvyjDxHGE5lB98KFqKI4EZDLA=
-1,-233,MuBx/jAf3YSKk50JFKWyjs2Irfo=,+guvyjDxHGE5lB98KFqKI4EZDLA=
-1,-231,MuBx/jAf3YSKk50JFKWyjs2Irfo=,+guvyjDxHGE5lB98KFqKI4EZDLA=
-1,-225,MuBx/jAf3YSKk50JFKWyjs2Irfo=,+guvyjDxHGE5lB98KFqKI4EZDLA=
-14,-230,MuBx/jAf3YSKk50JFKWyjs2Irfo=,+guvyjDxHGE5lB98KFqKI4EZDLA=
-14,-225,MuBx/jAf3YSKk50JFKWyjs2Irfo=,+guvyjDxHGE5lB98KFqKI4EZDLA=
-10,-226,MuBx/jAf3YSKk50JFKWyjs2Irfo=,+guvyjDxHGE5lB98KFqKI4EZDLA=
-9,-226,MuBx/jAf3YSKk50JFKWyjs2Irfo=,+guvyjDxHGE5lB98KFqKI4EZDLA=
-12,-226,MuBx/jAf3YSKk50JFKWyjs2Irfo=,+guvyjDxHGE5lB98KFqKI4EZDLA=
-11,-226,MuBx/jAf3YSKk50JFKWyjs2Irfo=,+guvyjDxHGE5lB98KFqKI4EZDLA=
-7,-240,MuBx/jAf3YSKk50JFKWyjs2Irfo=,+guvyjDxHGE5lB98KFqKI4EZDLA=
-15,-231,MuBx/jAf3YSKk50JFKWyjs2Irfo=,+guvyjDxHGE5lB98KFqKI4EZDLA=
-13,-231,MuBx/jAf3YSKk50JFKWyjs2Irfo=,+guvyjDxHGE5lB98KFqKI4EZDLA=
-16,-231,MuBx/jAf3YSKk50JFKWyjs2Irfo=,+guvyjDxHGE5lB98KFqKI4EZDLA=
-16,-225,MuBx/jAf3YSKk50JFKWyjs2Irfo=,+guvyjDxHGE5lB98KFqKI4EZDLA=
-10,-228,MuBx/jAf3YSKk50JFKWyjs2Irfo=,+guvyjDxHGE5lB98KFqKI4EZDLA=
-13,-225,MuBx/jAf3YSKk50JFKWyjs2Irfo=,+guvyjDxHGE5lB98KFqKI4EZDLA=
-15,-226,MuBx/jAf3YSKk50JFKWyjs2Irfo=,+guvyjDxHGE5lB98KFqKI4EZDLA=
-16,-226,MuBx/jAf3YSKk50JFKWyjs2Irfo=,+guvyjDxHGE5lB98KFqKI4EZDLA=
-9,-231,MuBx/jAf3YSKk50JFKWyjs2Irfo=,+guvyjDxHGE5lB98KFqKI4EZDLA=
-11,-231,MuBx/jAf3YSKk50JFKWyjs2Irfo=,+guvyjDxHGE5lB98KFqKI4EZDLA=
-14,-231,MuBx/jAf3YSKk50JFKWyjs2Irfo=,+guvyjDxHGE5lB98KFqKI4EZDLA=
-11,-227,MuBx/jAf3YSKk50JFKWyjs2Irfo=,+guvyjDxHGE5lB98KFqKI4EZDLA=
-3,-240,MuBx/jAf3YSKk50JFKWyjs2Irfo=,+guvyjDxHGE5lB98KFqKI4EZDLA=
-12,-231,MuBx/jAf3YSKk50JFKWyjs2Irfo=,+guvyjDxHGE5lB98KFqKI4EZDLA=
-12,-227,MuBx/jAf3YSKk50JFKWyjs2Irfo=,+guvyjDxHGE5lB98KFqKI4EZDLA=
-14,-227,MuBx/jAf3YSKk50JFKWyjs2Irfo=,+guvyjDxHGE5lB98KFqKI4EZDLA=
-16,-227,MuBx/jAf3YSKk50JFKWyjs2Irfo=,+guvyjDxHGE5lB98KFqKI4EZDLA=
-13,-227,MuBx/jAf3YSKk50JFKWyjs2Irfo=,+guvyjDxHGE5lB98KFqKI4EZDLA=
-14,-226,MuBx/jAf3YSKk50JFKWyjs2Irfo=,+guvyjDxHGE5lB98KFqKI4EZDLA=
-9,-230,MuBx/jAf3YSKk50JFKWyjs2Irfo=,+guvyjDxHGE5lB98KFqKI4EZDLA=
-9,-228,MuBx/jAf3YSKk50JFKWyjs2Irfo=,+guvyjDxHGE5lB98KFqKI4EZDLA=
-9,-227,MuBx/jAf3YSKk50JFKWyjs2Irfo=,+guvyjDxHGE5lB98KFqKI4EZDLA=
-10,-231,MuBx/jAf3YSKk50JFKWyjs2Irfo=,+guvyjDxHGE5lB98KFqKI4EZDLA=
-10,-227,MuBx/jAf3YSKk50JFKWyjs2Irfo=,+guvyjDxHGE5lB98KFqKI4EZDLA=
-16,-235,MuBx/jAf3YSKk50JFKWyjs2Irfo=,+guvyjDxHGE5lB98KFqKI4EZDLA=
-15,-235,MuBx/jAf3YSKk50JFKWyjs2Irfo=,+guvyjDxHGE5lB98KFqKI4EZDLA=
-8,-226,MuBx/jAf3YSKk50JFKWyjs2Irfo=,+guvyjDxHGE5lB98KFqKI4EZDLA=
-8,-233,MuBx/jAf3YSKk50JFKWyjs2Irfo=,+guvyjDxHGE5lB98KFqKI4EZDLA=
-9,-236,MuBx/jAf3YSKk50JFKWyjs2Irfo=,+guvyjDxHGE5lB98KFqKI4EZDLA=
-14,-235,MuBx/jAf3YSKk50JFKWyjs2Irfo=,+guvyjDxHGE5lB98KFqKI4EZDLA=
-8,-239,MuBx/jAf3YSKk50JFKWyjs2Irfo=,+guvyjDxHGE5lB98KFqKI4EZDLA=
-8,-238,MuBx/jAf3YSKk50JFKWyjs2Irfo=,+guvyjDxHGE5lB98KFqKI4EZDLA=
-16,-236,MuBx/jAf3YSKk50JFKWyjs2Irfo=,+guvyjDxHGE5lB98KFqKI4EZDLA=
-15,-236,MuBx/jAf3YSKk50JFKWyjs2Irfo=,+guvyjDxHGE5lB98KFqKI4EZDLA=
-9,-237,MuBx/jAf3YSKk50JFKWyjs2Irfo=,+guvyjDxHGE5lB98KFqKI4EZDLA=
-13,-236,MuBx/jAf3YSKk50JFKWyjs2Irfo=,+guvyjDxHGE5lB98KFqKI4EZDLA=
-12,-235,MuBx/jAf3YSKk50JFKWyjs2Irfo=,+guvyjDxHGE5lB98KFqKI4EZDLA=
-13,-226,MuBx/jAf3YSKk50JFKWyjs2Irfo=,+guvyjDxHGE5lB98KFqKI4EZDLA=
-13,-235,MuBx/jAf3YSKk50JFKWyjs2Irfo=,+guvyjDxHGE5lB98KFqKI4EZDLA=
-10,-237,MuBx/jAf3YSKk50JFKWyjs2Irfo=,+guvyjDxHGE5lB98KFqKI4EZDLA=
-14,-236,MuBx/jAf3YSKk50JFKWyjs2Irfo=,+guvyjDxHGE5lB98KFqKI4EZDLA=
-10,-232,MuBx/jAf3YSKk50JFKWyjs2Irfo=,+guvyjDxHGE5lB98KFqKI4EZDLA=
-12,-236,MuBx/jAf3YSKk50JFKWyjs2Irfo=,+guvyjDxHGE5lB98KFqKI4EZDLA=
-11,-236,MuBx/jAf3YSKk50JFKWyjs2Irfo=,+guvyjDxHGE5lB98KFqKI4EZDLA=
-11,-237,MuBx/jAf3YSKk50JFKWyjs2Irfo=,+guvyjDxHGE5lB98KFqKI4EZDLA=
-13,-237,MuBx/jAf3YSKk50JFKWyjs2Irfo=,+guvyjDxHGE5lB98KFqKI4EZDLA=
-13,-232,MuBx/jAf3YSKk50JFKWyjs2Irfo=,+guvyjDxHGE5lB98KFqKI4EZDLA=
-14,-232,MuBx/jAf3YSKk50JFKWyjs2Irfo=,+guvyjDxHGE5lB98KFqKI4EZDLA=
-9,-232,MuBx/jAf3YSKk50JFKWyjs2Irfo=,+guvyjDxHGE5lB98KFqKI4EZDLA=
-15,-232,MuBx/jAf3YSKk50JFKWyjs2Irfo=,+guvyjDxHGE5lB98KFqKI4EZDLA=
-16,-232,MuBx/jAf3YSKk50JFKWyjs2Irfo=,+guvyjDxHGE5lB98KFqKI4EZDLA=
-15,-237,MuBx/jAf3YSKk50JFKWyjs2Irfo=,+guvyjDxHGE5lB98KFqKI4EZDLA=
-8,-234,MuBx/jAf3YSKk50JFKWyjs2Irfo=,+guvyjDxHGE5lB98KFqKI4EZDLA=
-16,-237,MuBx/jAf3YSKk50JFKWyjs2Irfo=,+guvyjDxHGE5lB98KFqKI4EZDLA=
-9,-238,MuBx/jAf3YSKk50JFKWyjs2Irfo=,+guvyjDxHGE5lB98KFqKI4EZDLA=
-11,-235,MuBx/jAf3YSKk50JFKWyjs2Irfo=,+guvyjDxHGE5lB98KFqKI4EZDLA=
-14,-237,MuBx/jAf3YSKk50JFKWyjs2Irfo=,+guvyjDxHGE5lB98KFqKI4EZDLA=
-12,-232,MuBx/jAf3YSKk50JFKWyjs2Irfo=,+guvyjDxHGE5lB98KFqKI4EZDLA=
-15,-227,MuBx/jAf3YSKk50JFKWyjs2Irfo=,+guvyjDxHGE5lB98KFqKI4EZDLA=
-8,-240,MuBx/jAf3YSKk50JFKWyjs2Irfo=,+guvyjDxHGE5lB98KFqKI4EZDLA=
-10,-236,MuBx/jAf3YSKk50JFKWyjs2Irfo=,+guvyjDxHGE5lB98KFqKI4EZDLA=
-11,-232,MuBx/jAf3YSKk50JFKWyjs2Irfo=,+guvyjDxHGE5lB98KFqKI4EZDLA=
-10,-235,MuBx/jAf3YSKk50JFKWyjs2Irfo=,+guvyjDxHGE5lB98KFqKI4EZDLA=
-13,-233,MuBx/jAf3YSKk50JFKWyjs2Irfo=,+guvyjDxHGE5lB98KFqKI4EZDLA=
-9,-233,MuBx/jAf3YSKk50JFKWyjs2Irfo=,+guvyjDxHGE5lB98KFqKI4EZDLA=
-12,-233,MuBx/jAf3YSKk50JFKWyjs2Irfo=,+guvyjDxHGE5lB98KFqKI4EZDLA=
-15,-238,MuBx/jAf3YSKk50JFKWyjs2Irfo=,+guvyjDxHGE5lB98KFqKI4EZDLA=
-16,-238,MuBx/jAf3YSKk50JFKWyjs2Irfo=,+guvyjDxHGE5lB98KFqKI4EZDLA=
-15,-233,MuBx/jAf3YSKk50JFKWyjs2Irfo=,+guvyjDxHGE5lB98KFqKI4EZDLA=
-14,-233,MuBx/jAf3YSKk50JFKWyjs2Irfo=,+guvyjDxHGE5lB98KFqKI4EZDLA=
-12,-238,MuBx/jAf3YSKk50JFKWyjs2Irfo=,+guvyjDxHGE5lB98KFqKI4EZDLA=
-10,-238,MuBx/jAf3YSKk50JFKWyjs2Irfo=,+guvyjDxHGE5lB98KFqKI4EZDLA=
-10,-239,MuBx/jAf3YSKk50JFKWyjs2Irfo=,+guvyjDxHGE5lB98KFqKI4EZDLA=
-9,-239,MuBx/jAf3YSKk50JFKWyjs2Irfo=,+guvyjDxHGE5lB98KFqKI4EZDLA=
-16,-233,MuBx/jAf3YSKk50JFKWyjs2Irfo=,+guvyjDxHGE5lB98KFqKI4EZDLA=
-8,-235,MuBx/jAf3YSKk50JFKWyjs2Irfo=,+guvyjDxHGE5lB98KFqKI4EZDLA=
-10,-233,MuBx/jAf3YSKk50JFKWyjs2Irfo=,+guvyjDxHGE5lB98KFqKI4EZDLA=
-11,-238,MuBx/jAf3YSKk50JFKWyjs2Irfo=,+guvyjDxHGE5lB98KFqKI4EZDLA=
-15,-239,MuBx/jAf3YSKk50JFKWyjs2Irfo=,+guvyjDxHGE5lB98KFqKI4EZDLA=
-16,-239,MuBx/jAf3YSKk50JFKWyjs2Irfo=,+guvyjDxHGE5lB98KFqKI4EZDLA=
-11,-233,MuBx/jAf3YSKk50JFKWyjs2Irfo=,+guvyjDxHGE5lB98KFqKI4EZDLA=
-14,-238,MuBx/jAf3YSKk50JFKWyjs2Irfo=,+guvyjDxHGE5lB98KFqKI4EZDLA=
-8,-236,MuBx/jAf3YSKk50JFKWyjs2Irfo=,+guvyjDxHGE5lB98KFqKI4EZDLA=
-9,-234,MuBx/jAf3YSKk50JFKWyjs2Irfo=,+guvyjDxHGE5lB98KFqKI4EZDLA=
-13,-238,MuBx/jAf3YSKk50JFKWyjs2Irfo=,+guvyjDxHGE5lB98KFqKI4EZDLA=
-8,-232,MuBx/jAf3YSKk50JFKWyjs2Irfo=,+guvyjDxHGE5lB98KFqKI4EZDLA=
-16,-240,MuBx/jAf3YSKk50JFKWyjs2Irfo=,+guvyjDxHGE5lB98KFqKI4EZDLA=
-15,-240,MuBx/jAf3YSKk50JFKWyjs2Irfo=,+guvyjDxHGE5lB98KFqKI4EZDLA=
-14,-239,MuBx/jAf3YSKk50JFKWyjs2Irfo=,+guvyjDxHGE5lB98KFqKI4EZDLA=
-11,-239,MuBx/jAf3YSKk50JFKWyjs2Irfo=,+guvyjDxHGE5lB98KFqKI4EZDLA=
-12,-239,MuBx/jAf3YSKk50JFKWyjs2Irfo=,+guvyjDxHGE5lB98KFqKI4EZDLA=
-13,-234,MuBx/jAf3YSKk50JFKWyjs2Irfo=,+guvyjDxHGE5lB98KFqKI4EZDLA=
-15,-234,MuBx/jAf3YSKk50JFKWyjs2Irfo=,+guvyjDxHGE5lB98KFqKI4EZDLA=
-16,-234,MuBx/jAf3YSKk50JFKWyjs2Irfo=,+guvyjDxHGE5lB98KFqKI4EZDLA=
-9,-235,MuBx/jAf3YSKk50JFKWyjs2Irfo=,+guvyjDxHGE5lB98KFqKI4EZDLA=
-9,-240,MuBx/jAf3YSKk50JFKWyjs2Irfo=,+guvyjDxHGE5lB98KFqKI4EZDLA=
-10,-234,MuBx/jAf3YSKk50JFKWyjs2Irfo=,+guvyjDxHGE5lB98KFqKI4EZDLA=
-14,-234,MuBx/jAf3YSKk50JFKWyjs2Irfo=,+guvyjDxHGE5lB98KFqKI4EZDLA=
-8,-237,MuBx/jAf3YSKk50JFKWyjs2Irfo=,+guvyjDxHGE5lB98KFqKI4EZDLA=
-10,-240,MuBx/jAf3YSKk50JFKWyjs2Irfo=,+guvyjDxHGE5lB98KFqKI4EZDLA=
-14,-240,MuBx/jAf3YSKk50JFKWyjs2Irfo=,+guvyjDxHGE5lB98KFqKI4EZDLA=
-12,-240,MuBx/jAf3YSKk50JFKWyjs2Irfo=,+guvyjDxHGE5lB98KFqKI4EZDLA=
-11,-240,MuBx/jAf3YSKk50JFKWyjs2Irfo=,+guvyjDxHGE5lB98KFqKI4EZDLA=
-13,-239,MuBx/jAf3YSKk50JFKWyjs2Irfo=,+guvyjDxHGE5lB98KFqKI4EZDLA=
-12,-237,MuBx/jAf3YSKk50JFKWyjs2Irfo=,+guvyjDxHGE5lB98KFqKI4EZDLA=
-12,-234,MuBx/jAf3YSKk50JFKWyjs2Irfo=,+guvyjDxHGE5lB98KFqKI4EZDLA=
-13,-240,MuBx/jAf3YSKk50JFKWyjs2Irfo=,+guvyjDxHGE5lB98KFqKI4EZDLA=
-11,-234,MuBx/jAf3YSKk50JFKWyjs2Irfo=,+guvyjDxHGE5lB98KFqKI4EZDLA=
-6,-247,MuBx/jAf3YSKk50JFKWyjs2Irfo=,+guvyjDxHGE5lB98KFqKI4EZDLA=
-5,-247,onVuFLDdSqH9dSO8Mv6n9x1qnhI=,+guvyjDxHGE5lB98KFqKI4EZDLA=
-4,-247,onVuFLDdSqH9dSO8Mv6n9x1qnhI=,+guvyjDxHGE5lB98KFqKI4EZDLA=
-4,-243,onVuFLDdSqH9dSO8Mv6n9x1qnhI=,+guvyjDxHGE5lB98KFqKI4EZDLA=
-3,-243,onVuFLDdSqH9dSO8Mv6n9x1qnhI=,+guvyjDxHGE5lB98KFqKI4EZDLA=
-2,-243,onVuFLDdSqH9dSO8Mv6n9x1qnhI=,+guvyjDxHGE5lB98KFqKI4EZDLA=
-2,-244,onVuFLDdSqH9dSO8Mv6n9x1qnhI=,+guvyjDxHGE5lB98KFqKI4EZDLA=
-2,-245,onVuFLDdSqH9dSO8Mv6n9x1qnhI=,+guvyjDxHGE5lB98KFqKI4EZDLA=
-7,-242,onVuFLDdSqH9dSO8Mv6n9x1qnhI=,+guvyjDxHGE5lB98KFqKI4EZDLA=
-2,-247,onVuFLDdSqH9dSO8Mv6n9x1qnhI=,+guvyjDxHGE5lB98KFqKI4EZDLA=
-5,-243,onVuFLDdSqH9dSO8Mv6n9x1qnhI=,+guvyjDxHGE5lB98KFqKI4EZDLA=
-3,-247,onVuFLDdSqH9dSO8Mv6n9x1qnhI=,+guvyjDxHGE5lB98KFqKI4EZDLA=
-3,-244,onVuFLDdSqH9dSO8Mv6n9x1qnhI=,+guvyjDxHGE5lB98KFqKI4EZDLA=
-4,-244,onVuFLDdSqH9dSO8Mv6n9x1qnhI=,+guvyjDxHGE5lB98KFqKI4EZDLA=
-3,-245,onVuFLDdSqH9dSO8Mv6n9x1qnhI=,+guvyjDxHGE5lB98KFqKI4EZDLA=
-2,-246,onVuFLDdSqH9dSO8Mv6n9x1qnhI=,+guvyjDxHGE5lB98KFqKI4EZDLA=
-6,-243,onVuFLDdSqH9dSO8Mv6n9x1qnhI=,+guvyjDxHGE5lB98KFqKI4EZDLA=
-4,-245,onVuFLDdSqH9dSO8Mv6n9x1qnhI=,+guvyjDxHGE5lB98KFqKI4EZDLA=
-5,-244,onVuFLDdSqH9dSO8Mv6n9x1qnhI=,+guvyjDxHGE5lB98KFqKI4EZDLA=
-3,-246,onVuFLDdSqH9dSO8Mv6n9x1qnhI=,+guvyjDxHGE5lB98KFqKI4EZDLA=
-7,-247,onVuFLDdSqH9dSO8Mv6n9x1qnhI=,+guvyjDxHGE5lB98KFqKI4EZDLA=
-5,-245,onVuFLDdSqH9dSO8Mv6n9x1qnhI=,+guvyjDxHGE5lB98KFqKI4EZDLA=
-6,-244,onVuFLDdSqH9dSO8Mv6n9x1qnhI=,+guvyjDxHGE5lB98KFqKI4EZDLA=
-4,-246,onVuFLDdSqH9dSO8Mv6n9x1qnhI=,+guvyjDxHGE5lB98KFqKI4EZDLA=
-6,-245,onVuFLDdSqH9dSO8Mv6n9x1qnhI=,+guvyjDxHGE5lB98KFqKI4EZDLA=
-7,-245,onVuFLDdSqH9dSO8Mv6n9x1qnhI=,+guvyjDxHGE5lB98KFqKI4EZDLA=
-5,-246,onVuFLDdSqH9dSO8Mv6n9x1qnhI=,+guvyjDxHGE5lB98KFqKI4EZDLA=
-6,-246,onVuFLDdSqH9dSO8Mv6n9x1qnhI=,+guvyjDxHGE5lB98KFqKI4EZDLA=
-2,-242,onVuFLDdSqH9dSO8Mv6n9x1qnhI=,+guvyjDxHGE5lB98KFqKI4EZDLA=
-3,-242,onVuFLDdSqH9dSO8Mv6n9x1qnhI=,+guvyjDxHGE5lB98KFqKI4EZDLA=
-7,-244,onVuFLDdSqH9dSO8Mv6n9x1qnhI=,+guvyjDxHGE5lB98KFqKI4EZDLA=
-6,-242,onVuFLDdSqH9dSO8Mv6n9x1qnhI=,+guvyjDxHGE5lB98KFqKI4EZDLA=
-4,-242,onVuFLDdSqH9dSO8Mv6n9x1qnhI=,+guvyjDxHGE5lB98KFqKI4EZDLA=
-5,-242,onVuFLDdSqH9dSO8Mv6n9x1qnhI=,+guvyjDxHGE5lB98KFqKI4EZDLA=
-7,-246,onVuFLDdSqH9dSO8Mv6n9x1qnhI=,+guvyjDxHGE5lB98KFqKI4EZDLA=
-7,-243,onVuFLDdSqH9dSO8Mv6n9x1qnhI=,+guvyjDxHGE5lB98KFqKI4EZDLA=
-1,-244,onVuFLDdSqH9dSO8Mv6n9x1qnhI=,+guvyjDxHGE5lB98KFqKI4EZDLA=
-1,-243,onVuFLDdSqH9dSO8Mv6n9x1qnhI=,+guvyjDxHGE5lB98KFqKI4EZDLA=
-1,-245,onVuFLDdSqH9dSO8Mv6n9x1qnhI=,+guvyjDxHGE5lB98KFqKI4EZDLA=
-1,-246,onVuFLDdSqH9dSO8Mv6n9x1qnhI=,+guvyjDxHGE5lB98KFqKI4EZDLA=
-1,-247,onVuFLDdSqH9dSO8Mv6n9x1qnhI=,+guvyjDxHGE5lB98KFqKI4EZDLA=
-3,-241,onVuFLDdSqH9dSO8Mv6n9x1qnhI=,+guvyjDxHGE5lB98KFqKI4EZDLA=
-2,-241,onVuFLDdSqH9dSO8Mv6n9x1qnhI=,+guvyjDxHGE5lB98KFqKI4EZDLA=
-4,-241,onVuFLDdSqH9dSO8Mv6n9x1qnhI=,+guvyjDxHGE5lB98KFqKI4EZDLA=
-5,-241,onVuFLDdSqH9dSO8Mv6n9x1qnhI=,+guvyjDxHGE5lB98KFqKI4EZDLA=
-6,-241,onVuFLDdSqH9dSO8Mv6n9x1qnhI=,+guvyjDxHGE5lB98KFqKI4EZDLA=
-1,-241,onVuFLDdSqH9dSO8Mv6n9x1qnhI=,+guvyjDxHGE5lB98KFqKI4EZDLA=
-7,-241,onVuFLDdSqH9dSO8Mv6n9x1qnhI=,+guvyjDxHGE5lB98KFqKI4EZDLA=
-4,-248,onVuFLDdSqH9dSO8Mv6n9x1qnhI=,+guvyjDxHGE5lB98KFqKI4EZDLA=
-4,-253,onVuFLDdSqH9dSO8Mv6n9x1qnhI=,+guvyjDxHGE5lB98KFqKI4EZDLA=
-3,-253,onVuFLDdSqH9dSO8Mv6n9x1qnhI=,+guvyjDxHGE5lB98KFqKI4EZDLA=
-2,-253,onVuFLDdSqH9dSO8Mv6n9x1qnhI=,+guvyjDxHGE5lB98KFqKI4EZDLA=
-1,-253,onVuFLDdSqH9dSO8Mv6n9x1qnhI=,+guvyjDxHGE5lB98KFqKI4EZDLA=
-1,-249,onVuFLDdSqH9dSO8Mv6n9x1qnhI=,+guvyjDxHGE5lB98KFqKI4EZDLA=
-2,-249,onVuFLDdSqH9dSO8Mv6n9x1qnhI=,+guvyjDxHGE5lB98KFqKI4EZDLA=
-7,-252,onVuFLDdSqH9dSO8Mv6n9x1qnhI=,+guvyjDxHGE5lB98KFqKI4EZDLA=
-1,-254,onVuFLDdSqH9dSO8Mv6n9x1qnhI=,+guvyjDxHGE5lB98KFqKI4EZDLA=
-3,-249,onVuFLDdSqH9dSO8Mv6n9x1qnhI=,+guvyjDxHGE5lB98KFqKI4EZDLA=
-2,-254,onVuFLDdSqH9dSO8Mv6n9x1qnhI=,+guvyjDxHGE5lB98KFqKI4EZDLA=
-4,-254,onVuFLDdSqH9dSO8Mv6n9x1qnhI=,+guvyjDxHGE5lB98KFqKI4EZDLA=
-3,-254,onVuFLDdSqH9dSO8Mv6n9x1qnhI=,+guvyjDxHGE5lB98KFqKI4EZDLA=
-4,-249,onVuFLDdSqH9dSO8Mv6n9x1qnhI=,+guvyjDxHGE5lB98KFqKI4EZDLA=
-1,-255,onVuFLDdSqH9dSO8Mv6n9x1qnhI=,+guvyjDxHGE5lB98KFqKI4EZDLA=
-5,-253,onVuFLDdSqH9dSO8Mv6n9x1qnhI=,+guvyjDxHGE5lB98KFqKI4EZDLA=
-2,-255,onVuFLDdSqH9dSO8Mv6n9x1qnhI=,+guvyjDxHGE5lB98KFqKI4EZDLA=
-1,-248,onVuFLDdSqH9dSO8Mv6n9x1qnhI=,+guvyjDxHGE5lB98KFqKI4EZDLA=
-6,-253,onVuFLDdSqH9dSO8Mv6n9x1qnhI=,+guvyjDxHGE5lB98KFqKI4EZDLA=
-3,-255,onVuFLDdSqH9dSO8Mv6n9x1qnhI=,+guvyjDxHGE5lB98KFqKI4EZDLA=
-4,-255,onVuFLDdSqH9dSO8Mv6n9x1qnhI=,+guvyjDxHGE5lB98KFqKI4EZDLA=
-5,-255,onVuFLDdSqH9dSO8Mv6n9x1qnhI=,+guvyjDxHGE5lB98KFqKI4EZDLA=
-6,-254,onVuFLDdSqH9dSO8Mv6n9x1qnhI=,+guvyjDxHGE5lB98KFqKI4EZDLA=
-7,-255,onVuFLDdSqH9dSO8Mv6n9x1qnhI=,+guvyjDxHGE5lB98KFqKI4EZDLA=
-7,-254,onVuFLDdSqH9dSO8Mv6n9x1qnhI=,+guvyjDxHGE5lB98KFqKI4EZDLA=
-1,-250,onVuFLDdSqH9dSO8Mv6n9x1qnhI=,+guvyjDxHGE5lB98KFqKI4EZDLA=
-2,-250,onVuFLDdSqH9dSO8Mv6n9x1qnhI=,+guvyjDxHGE5lB98KFqKI4EZDLA=
-3,-250,onVuFLDdSqH9dSO8Mv6n9x1qnhI=,+guvyjDxHGE5lB98KFqKI4EZDLA=
-4,-250,onVuFLDdSqH9dSO8Mv6n9x1qnhI=,+guvyjDxHGE5lB98KFqKI4EZDLA=
-1,-256,onVuFLDdSqH9dSO8Mv6n9x1qnhI=,+guvyjDxHGE5lB98KFqKI4EZDLA=
-2,-256,onVuFLDdSqH9dSO8Mv6n9x1qnhI=,+guvyjDxHGE5lB98KFqKI4EZDLA=
-3,-256,onVuFLDdSqH9dSO8Mv6n9x1qnhI=,+guvyjDxHGE5lB98KFqKI4EZDLA=
-5,-254,onVuFLDdSqH9dSO8Mv6n9x1qnhI=,+guvyjDxHGE5lB98KFqKI4EZDLA=
-5,-248,onVuFLDdSqH9dSO8Mv6n9x1qnhI=,+guvyjDxHGE5lB98KFqKI4EZDLA=
-7,-253,onVuFLDdSqH9dSO8Mv6n9x1qnhI=,+guvyjDxHGE5lB98KFqKI4EZDLA=
-4,-256,onVuFLDdSqH9dSO8Mv6n9x1qnhI=,+guvyjDxHGE5lB98KFqKI4EZDLA=
-1,-251,onVuFLDdSqH9dSO8Mv6n9x1qnhI=,+guvyjDxHGE5lB98KFqKI4EZDLA=
-2,-251,onVuFLDdSqH9dSO8Mv6n9x1qnhI=,+guvyjDxHGE5lB98KFqKI4EZDLA=
-5,-256,onVuFLDdSqH9dSO8Mv6n9x1qnhI=,+guvyjDxHGE5lB98KFqKI4EZDLA=
-3,-251,onVuFLDdSqH9dSO8Mv6n9x1qnhI=,+guvyjDxHGE5lB98KFqKI4EZDLA=
-6,-248,onVuFLDdSqH9dSO8Mv6n9x1qnhI=,+guvyjDxHGE5lB98KFqKI4EZDLA=
-4,-251,onVuFLDdSqH9dSO8Mv6n9x1qnhI=,+guvyjDxHGE5lB98KFqKI4EZDLA=
-6,-252,onVuFLDdSqH9dSO8Mv6n9x1qnhI=,+guvyjDxHGE5lB98KFqKI4EZDLA=
-7,-256,onVuFLDdSqH9dSO8Mv6n9x1qnhI=,+guvyjDxHGE5lB98KFqKI4EZDLA=
-6,-255,onVuFLDdSqH9dSO8Mv6n9x1qnhI=,+guvyjDxHGE5lB98KFqKI4EZDLA=
-5,-249,onVuFLDdSqH9dSO8Mv6n9x1qnhI=,+guvyjDxHGE5lB98KFqKI4EZDLA=
-2,-248,onVuFLDdSqH9dSO8Mv6n9x1qnhI=,+guvyjDxHGE5lB98KFqKI4EZDLA=
-7,-248,onVuFLDdSqH9dSO8Mv6n9x1qnhI=,+guvyjDxHGE5lB98KFqKI4EZDLA=
-1,-252,onVuFLDdSqH9dSO8Mv6n9x1qnhI=,+guvyjDxHGE5lB98KFqKI4EZDLA=
-2,-252,onVuFLDdSqH9dSO8Mv6n9x1qnhI=,+guvyjDxHGE5lB98KFqKI4EZDLA=
-3,-248,onVuFLDdSqH9dSO8Mv6n9x1qnhI=,+guvyjDxHGE5lB98KFqKI4EZDLA=
-3,-252,onVuFLDdSqH9dSO8Mv6n9x1qnhI=,+guvyjDxHGE5lB98KFqKI4EZDLA=
-4,-252,onVuFLDdSqH9dSO8Mv6n9x1qnhI=,+guvyjDxHGE5lB98KFqKI4EZDLA=
-6,-256,onVuFLDdSqH9dSO8Mv6n9x1qnhI=,+guvyjDxHGE5lB98KFqKI4EZDLA=
-6,-249,onVuFLDdSqH9dSO8Mv6n9x1qnhI=,+guvyjDxHGE5lB98KFqKI4EZDLA=
-5,-252,onVuFLDdSqH9dSO8Mv6n9x1qnhI=,+guvyjDxHGE5lB98KFqKI4EZDLA=
-7,-249,onVuFLDdSqH9dSO8Mv6n9x1qnhI=,+guvyjDxHGE5lB98KFqKI4EZDLA=
-13,-245,onVuFLDdSqH9dSO8Mv6n9x1qnhI=,+guvyjDxHGE5lB98KFqKI4EZDLA=
-14,-245,onVuFLDdSqH9dSO8Mv6n9x1qnhI=,+guvyjDxHGE5lB98KFqKI4EZDLA=
-15,-245,onVuFLDdSqH9dSO8Mv6n9x1qnhI=,+guvyjDxHGE5lB98KFqKI4EZDLA=
-16,-245,onVuFLDdSqH9dSO8Mv6n9x1qnhI=,+guvyjDxHGE5lB98KFqKI4EZDLA=
-6,-250,onVuFLDdSqH9dSO8Mv6n9x1qnhI=,+guvyjDxHGE5lB98KFqKI4EZDLA=
-12,-241,onVuFLDdSqH9dSO8Mv6n9x1qnhI=,+guvyjDxHGE5lB98KFqKI4EZDLA=
-11,-241,onVuFLDdSqH9dSO8Mv6n9x1qnhI=,+guvyjDxHGE5lB98KFqKI4EZDLA=
-5,-251,onVuFLDdSqH9dSO8Mv6n9x1qnhI=,+guvyjDxHGE5lB98KFqKI4EZDLA=
-10,-246,onVuFLDdSqH9dSO8Mv6n9x1qnhI=,+guvyjDxHGE5lB98KFqKI4EZDLA=
-15,-241,onVuFLDdSqH9dSO8Mv6n9x1qnhI=,+guvyjDxHGE5lB98KFqKI4EZDLA=
-14,-241,onVuFLDdSqH9dSO8Mv6n9x1qnhI=,+guvyjDxHGE5lB98KFqKI4EZDLA=
-16,-241,onVuFLDdSqH9dSO8Mv6n9x1qnhI=,+guvyjDxHGE5lB98KFqKI4EZDLA=
-7,-250,onVuFLDdSqH9dSO8Mv6n9x1qnhI=,+guvyjDxHGE5lB98KFqKI4EZDLA=
-13,-241,onVuFLDdSqH9dSO8Mv6n9x1qnhI=,+guvyjDxHGE5lB98KFqKI4EZDLA=
-8,-247,onVuFLDdSqH9dSO8Mv6n9x1qnhI=,+guvyjDxHGE5lB98KFqKI4EZDLA=
-13,-246,onVuFLDdSqH9dSO8Mv6n9x1qnhI=,+guvyjDxHGE5lB98KFqKI4EZDLA=
-12,-245,onVuFLDdSqH9dSO8Mv6n9x1qnhI=,+guvyjDxHGE5lB98KFqKI4EZDLA=
-10,-242,onVuFLDdSqH9dSO8Mv6n9x1qnhI=,+guvyjDxHGE5lB98KFqKI4EZDLA=
-11,-242,onVuFLDdSqH9dSO8Mv6n9x1qnhI=,+guvyjDxHGE5lB98KFqKI4EZDLA=
-14,-246,onVuFLDdSqH9dSO8Mv6n9x1qnhI=,+guvyjDxHGE5lB98KFqKI4EZDLA=
-9,-246,onVuFLDdSqH9dSO8Mv6n9x1qnhI=,+guvyjDxHGE5lB98KFqKI4EZDLA=
-10,-241,onVuFLDdSqH9dSO8Mv6n9x1qnhI=,+guvyjDxHGE5lB98KFqKI4EZDLA=
-6,-251,onVuFLDdSqH9dSO8Mv6n9x1qnhI=,+guvyjDxHGE5lB98KFqKI4EZDLA=
-15,-246,onVuFLDdSqH9dSO8Mv6n9x1qnhI=,+guvyjDxHGE5lB98KFqKI4EZDLA=
-15,-242,onVuFLDdSqH9dSO8Mv6n9x1qnhI=,+guvyjDxHGE5lB98KFqKI4EZDLA=
-16,-242,onVuFLDdSqH9dSO8Mv6n9x1qnhI=,+guvyjDxHGE5lB98KFqKI4EZDLA=
-7,-251,onVuFLDdSqH9dSO8Mv6n9x1qnhI=,+guvyjDxHGE5lB98KFqKI4EZDLA=
-12,-242,onVuFLDdSqH9dSO8Mv6n9x1qnhI=,+guvyjDxHGE5lB98KFqKI4EZDLA=
-11,-246,onVuFLDdSqH9dSO8Mv6n9x1qnhI=,+guvyjDxHGE5lB98KFqKI4EZDLA=
-16,-246,onVuFLDdSqH9dSO8Mv6n9x1qnhI=,+guvyjDxHGE5lB98KFqKI4EZDLA=
-9,-247,onVuFLDdSqH9dSO8Mv6n9x1qnhI=,+guvyjDxHGE5lB98KFqKI4EZDLA=
-9,-241,onVuFLDdSqH9dSO8Mv6n9x1qnhI=,+guvyjDxHGE5lB98KFqKI4EZDLA=
-11,-243,onVuFLDdSqH9dSO8Mv6n9x1qnhI=,+guvyjDxHGE5lB98KFqKI4EZDLA=
-12,-246,onVuFLDdSqH9dSO8Mv6n9x1qnhI=,+guvyjDxHGE5lB98KFqKI4EZDLA=
-12,-243,onVuFLDdSqH9dSO8Mv6n9x1qnhI=,+guvyjDxHGE5lB98KFqKI4EZDLA=
-11,-245,onVuFLDdSqH9dSO8Mv6n9x1qnhI=,+guvyjDxHGE5lB98KFqKI4EZDLA=
-10,-247,onVuFLDdSqH9dSO8Mv6n9x1qnhI=,+guvyjDxHGE5lB98KFqKI4EZDLA=
-5,-250,onVuFLDdSqH9dSO8Mv6n9x1qnhI=,+guvyjDxHGE5lB98KFqKI4EZDLA=
-14,-242,onVuFLDdSqH9dSO8Mv6n9x1qnhI=,+guvyjDxHGE5lB98KFqKI4EZDLA=
-14,-247,onVuFLDdSqH9dSO8Mv6n9x1qnhI=,+guvyjDxHGE5lB98KFqKI4EZDLA=
-13,-247,onVuFLDdSqH9dSO8Mv6n9x1qnhI=,+guvyjDxHGE5lB98KFqKI4EZDLA=
-15,-247,onVuFLDdSqH9dSO8Mv6n9x1qnhI=,+guvyjDxHGE5lB98KFqKI4EZDLA=
-16,-247,onVuFLDdSqH9dSO8Mv6n9x1qnhI=,+guvyjDxHGE5lB98KFqKI4EZDLA=
-15,-243,onVuFLDdSqH9dSO8Mv6n9x1qnhI=,+guvyjDxHGE5lB98KFqKI4EZDLA=
-16,-243,onVuFLDdSqH9dSO8Mv6n9x1qnhI=,+guvyjDxHGE5lB98KFqKI4EZDLA=
-10,-243,onVuFLDdSqH9dSO8Mv6n9x1qnhI=,+guvyjDxHGE5lB98KFqKI4EZDLA=
-9,-242,onVuFLDdSqH9dSO8Mv6n9x1qnhI=,+guvyjDxHGE5lB98KFqKI4EZDLA=
-13,-242,onVuFLDdSqH9dSO8Mv6n9x1qnhI=,+guvyjDxHGE5lB98KFqKI4EZDLA=
-11,-247,onVuFLDdSqH9dSO8Mv6n9x1qnhI=,+guvyjDxHGE5lB98KFqKI4EZDLA=
-9,-243,onVuFLDdSqH9dSO8Mv6n9x1qnhI=,+guvyjDxHGE5lB98KFqKI4EZDLA=
-8,-244,onVuFLDdSqH9dSO8Mv6n9x1qnhI=,+guvyjDxHGE5lB98KFqKI4EZDLA=
-10,-245,onVuFLDdSqH9dSO8Mv6n9x1qnhI=,+guvyjDxHGE5lB98KFqKI4EZDLA=
-13,-243,onVuFLDdSqH9dSO8Mv6n9x1qnhI=,+guvyjDxHGE5lB98KFqKI4EZDLA=
-12,-247,onVuFLDdSqH9dSO8Mv6n9x1qnhI=,+guvyjDxHGE5lB98KFqKI4EZDLA=
-15,-244,onVuFLDdSqH9dSO8Mv6n9x1qnhI=,+guvyjDxHGE5lB98KFqKI4EZDLA=
-16,-244,onVuFLDdSqH9dSO8Mv6n9x1qnhI=,+guvyjDxHGE5lB98KFqKI4EZDLA=
-8,-246,onVuFLDdSqH9dSO8Mv6n9x1qnhI=,+guvyjDxHGE5lB98KFqKI4EZDLA=
-9,-244,onVuFLDdSqH9dSO8Mv6n9x1qnhI=,+guvyjDxHGE5lB98KFqKI4EZDLA=
-10,-244,onVuFLDdSqH9dSO8Mv6n9x1qnhI=,+guvyjDxHGE5lB98KFqKI4EZDLA=
-11,-244,onVuFLDdSqH9dSO8Mv6n9x1qnhI=,+guvyjDxHGE5lB98KFqKI4EZDLA=
-12,-244,onVuFLDdSqH9dSO8Mv6n9x1qnhI=,+guvyjDxHGE5lB98KFqKI4EZDLA=
-13,-244,onVuFLDdSqH9dSO8Mv6n9x1qnhI=,+guvyjDxHGE5lB98KFqKI4EZDLA=
-8,-243,onVuFLDdSqH9dSO8Mv6n9x1qnhI=,+guvyjDxHGE5lB98KFqKI4EZDLA=
-14,-244,onVuFLDdSqH9dSO8Mv6n9x1qnhI=,+guvyjDxHGE5lB98KFqKI4EZDLA=
-15,-251,onVuFLDdSqH9dSO8Mv6n9x1qnhI=,+guvyjDxHGE5lB98KFqKI4EZDLA=
-12,-251,onVuFLDdSqH9dSO8Mv6n9x1qnhI=,+guvyjDxHGE5lB98KFqKI4EZDLA=
-14,-243,onVuFLDdSqH9dSO8Mv6n9x1qnhI=,+guvyjDxHGE5lB98KFqKI4EZDLA=
-11,-251,onVuFLDdSqH9dSO8Mv6n9x1qnhI=,+guvyjDxHGE5lB98KFqKI4EZDLA=
-10,-251,onVuFLDdSqH9dSO8Mv6n9x1qnhI=,+guvyjDxHGE5lB98KFqKI4EZDLA=
-16,-251,onVuFLDdSqH9dSO8Mv6n9x1qnhI=,+guvyjDxHGE5lB98KFqKI4EZDLA=
-8,-255,onVuFLDdSqH9dSO8Mv6n9x1qnhI=,+guvyjDxHGE5lB98KFqKI4EZDLA=
-9,-245,onVuFLDdSqH9dSO8Mv6n9x1qnhI=,+guvyjDxHGE5lB98KFqKI4EZDLA=
-8,-254,onVuFLDdSqH9dSO8Mv6n9x1qnhI=,+guvyjDxHGE5lB98KFqKI4EZDLA=
-11,-252,onVuFLDdSqH9dSO8Mv6n9x1qnhI=,+guvyjDxHGE5lB98KFqKI4EZDLA=
-10,-252,onVuFLDdSqH9dSO8Mv6n9x1qnhI=,+guvyjDxHGE5lB98KFqKI4EZDLA=
-12,-252,onVuFLDdSqH9dSO8Mv6n9x1qnhI=,+guvyjDxHGE5lB98KFqKI4EZDLA=
-9,-252,onVuFLDdSqH9dSO8Mv6n9x1qnhI=,+guvyjDxHGE5lB98KFqKI4EZDLA=
-13,-252,onVuFLDdSqH9dSO8Mv6n9x1qnhI=,+guvyjDxHGE5lB98KFqKI4EZDLA=
-16,-252,onVuFLDdSqH9dSO8Mv6n9x1qnhI=,+guvyjDxHGE5lB98KFqKI4EZDLA=
-13,-251,onVuFLDdSqH9dSO8Mv6n9x1qnhI=,+guvyjDxHGE5lB98KFqKI4EZDLA=
-15,-252,onVuFLDdSqH9dSO8Mv6n9x1qnhI=,+guvyjDxHGE5lB98KFqKI4EZDLA=
-14,-251,onVuFLDdSqH9dSO8Mv6n9x1qnhI=,+guvyjDxHGE5lB98KFqKI4EZDLA=
-9,-253,onVuFLDdSqH9dSO8Mv6n9x1qnhI=,+guvyjDxHGE5lB98KFqKI4EZDLA=
-9,-251,onVuFLDdSqH9dSO8Mv6n9x1qnhI=,+guvyjDxHGE5lB98KFqKI4EZDLA=
-16,-250,onVuFLDdSqH9dSO8Mv6n9x1qnhI=,+guvyjDxHGE5lB98KFqKI4EZDLA=
-15,-250,onVuFLDdSqH9dSO8Mv6n9x1qnhI=,+guvyjDxHGE5lB98KFqKI4EZDLA=
-11,-253,onVuFLDdSqH9dSO8Mv6n9x1qnhI=,+guvyjDxHGE5lB98KFqKI4EZDLA=
-8,-242,onVuFLDdSqH9dSO8Mv6n9x1qnhI=,+guvyjDxHGE5lB98KFqKI4EZDLA=
-10,-253,onVuFLDdSqH9dSO8Mv6n9x1qnhI=,+guvyjDxHGE5lB98KFqKI4EZDLA=
-8,-253,onVuFLDdSqH9dSO8Mv6n9x1qnhI=,+guvyjDxHGE5lB98KFqKI4EZDLA=
-12,-253,onVuFLDdSqH9dSO8Mv6n9x1qnhI=,+guvyjDxHGE5lB98KFqKI4EZDLA=
-9,-254,onVuFLDdSqH9dSO8Mv6n9x1qnhI=,+guvyjDxHGE5lB98KFqKI4EZDLA=
-14,-252,onVuFLDdSqH9dSO8Mv6n9x1qnhI=,+guvyjDxHGE5lB98KFqKI4EZDLA=
-8,-249,onVuFLDdSqH9dSO8Mv6n9x1qnhI=,+guvyjDxHGE5lB98KFqKI4EZDLA=
-15,-253,onVuFLDdSqH9dSO8Mv6n9x1qnhI=,+guvyjDxHGE5lB98KFqKI4EZDLA=
-14,-253,onVuFLDdSqH9dSO8Mv6n9x1qnhI=,+guvyjDxHGE5lB98KFqKI4EZDLA=
-13,-253,onVuFLDdSqH9dSO8Mv6n9x1qnhI=,+guvyjDxHGE5lB98KFqKI4EZDLA=
-8,-245,onVuFLDdSqH9dSO8Mv6n9x1qnhI=,+guvyjDxHGE5lB98KFqKI4EZDLA=
-16,-254,onVuFLDdSqH9dSO8Mv6n9x1qnhI=,+guvyjDxHGE5lB98KFqKI4EZDLA=
-14,-250,onVuFLDdSqH9dSO8Mv6n9x1qnhI=,+guvyjDxHGE5lB98KFqKI4EZDLA=
-15,-254,onVuFLDdSqH9dSO8Mv6n9x1qnhI=,+guvyjDxHGE5lB98KFqKI4EZDLA=
-10,-254,onVuFLDdSqH9dSO8Mv6n9x1qnhI=,+guvyjDxHGE5lB98KFqKI4EZDLA=
-11,-254,onVuFLDdSqH9dSO8Mv6n9x1qnhI=,+guvyjDxHGE5lB98KFqKI4EZDLA=
-8,-250,onVuFLDdSqH9dSO8Mv6n9x1qnhI=,+guvyjDxHGE5lB98KFqKI4EZDLA=
-8,-256,onVuFLDdSqH9dSO8Mv6n9x1qnhI=,+guvyjDxHGE5lB98KFqKI4EZDLA=
-9,-248,onVuFLDdSqH9dSO8Mv6n9x1qnhI=,+guvyjDxHGE5lB98KFqKI4EZDLA=
-10,-248,onVuFLDdSqH9dSO8Mv6n9x1qnhI=,+guvyjDxHGE5lB98KFqKI4EZDLA=
-11,-248,onVuFLDdSqH9dSO8Mv6n9x1qnhI=,+guvyjDxHGE5lB98KFqKI4EZDLA=
-9,-255,onVuFLDdSqH9dSO8Mv6n9x1qnhI=,+guvyjDxHGE5lB98KFqKI4EZDLA=
-13,-250,onVuFLDdSqH9dSO8Mv6n9x1qnhI=,+guvyjDxHGE5lB98KFqKI4EZDLA=
-12,-248,onVuFLDdSqH9dSO8Mv6n9x1qnhI=,+guvyjDxHGE5lB98KFqKI4EZDLA=
-13,-248,onVuFLDdSqH9dSO8Mv6n9x1qnhI=,+guvyjDxHGE5lB98KFqKI4EZDLA=
-14,-248,onVuFLDdSqH9dSO8Mv6n9x1qnhI=,+guvyjDxHGE5lB98KFqKI4EZDLA=
-15,-248,onVuFLDdSqH9dSO8Mv6n9x1qnhI=,+guvyjDxHGE5lB98KFqKI4EZDLA=
-12,-250,onVuFLDdSqH9dSO8Mv6n9x1qnhI=,+guvyjDxHGE5lB98KFqKI4EZDLA=
-12,-254,onVuFLDdSqH9dSO8Mv6n9x1qnhI=,+guvyjDxHGE5lB98KFqKI4EZDLA=
-11,-250,onVuFLDdSqH9dSO8Mv6n9x1qnhI=,+guvyjDxHGE5lB98KFqKI4EZDLA=
-14,-254,onVuFLDdSqH9dSO8Mv6n9x1qnhI=,+guvyjDxHGE5lB98KFqKI4EZDLA=
-15,-255,onVuFLDdSqH9dSO8Mv6n9x1qnhI=,+guvyjDxHGE5lB98KFqKI4EZDLA=
-16,-255,onVuFLDdSqH9dSO8Mv6n9x1qnhI=,+guvyjDxHGE5lB98KFqKI4EZDLA=
-16,-248,onVuFLDdSqH9dSO8Mv6n9x1qnhI=,+guvyjDxHGE5lB98KFqKI4EZDLA=
-13,-254,onVuFLDdSqH9dSO8Mv6n9x1qnhI=,+guvyjDxHGE5lB98KFqKI4EZDLA=
-14,-255,onVuFLDdSqH9dSO8Mv6n9x1qnhI=,+guvyjDxHGE5lB98KFqKI4EZDLA=
-10,-255,onVuFLDdSqH9dSO8Mv6n9x1qnhI=,+guvyjDxHGE5lB98KFqKI4EZDLA=
-11,-255,onVuFLDdSqH9dSO8Mv6n9x1qnhI=,+guvyjDxHGE5lB98KFqKI4EZDLA=
-12,-255,onVuFLDdSqH9dSO8Mv6n9x1qnhI=,+guvyjDxHGE5lB98KFqKI4EZDLA=
-13,-255,onVuFLDdSqH9dSO8Mv6n9x1qnhI=,+guvyjDxHGE5lB98KFqKI4EZDLA=
-9,-249,onVuFLDdSqH9dSO8Mv6n9x1qnhI=,+guvyjDxHGE5lB98KFqKI4EZDLA=
-12,-249,onVuFLDdSqH9dSO8Mv6n9x1qnhI=,+guvyjDxHGE5lB98KFqKI4EZDLA=
-8,-252,onVuFLDdSqH9dSO8Mv6n9x1qnhI=,+guvyjDxHGE5lB98KFqKI4EZDLA=
-10,-249,onVuFLDdSqH9dSO8Mv6n9x1qnhI=,+guvyjDxHGE5lB98KFqKI4EZDLA=
-11,-249,onVuFLDdSqH9dSO8Mv6n9x1qnhI=,+guvyjDxHGE5lB98KFqKI4EZDLA=
-15,-249,onVuFLDdSqH9dSO8Mv6n9x1qnhI=,+guvyjDxHGE5lB98KFqKI4EZDLA=
-16,-249,onVuFLDdSqH9dSO8Mv6n9x1qnhI=,+guvyjDxHGE5lB98KFqKI4EZDLA=
-10,-256,onVuFLDdSqH9dSO8Mv6n9x1qnhI=,+guvyjDxHGE5lB98KFqKI4EZDLA=
-8,-251,onVuFLDdSqH9dSO8Mv6n9x1qnhI=,+guvyjDxHGE5lB98KFqKI4EZDLA=
-13,-249,onVuFLDdSqH9dSO8Mv6n9x1qnhI=,+guvyjDxHGE5lB98KFqKI4EZDLA=
-16,-256,onVuFLDdSqH9dSO8Mv6n9x1qnhI=,+guvyjDxHGE5lB98KFqKI4EZDLA=
-9,-256,onVuFLDdSqH9dSO8Mv6n9x1qnhI=,+guvyjDxHGE5lB98KFqKI4EZDLA=
-14,-249,onVuFLDdSqH9dSO8Mv6n9x1qnhI=,+guvyjDxHGE5lB98KFqKI4EZDLA=
-15,-256,onVuFLDdSqH9dSO8Mv6n9x1qnhI=,+guvyjDxHGE5lB98KFqKI4EZDLA=
-11,-256,onVuFLDdSqH9dSO8Mv6n9x1qnhI=,+guvyjDxHGE5lB98KFqKI4EZDLA=
-8,-248,onVuFLDdSqH9dSO8Mv6n9x1qnhI=,+guvyjDxHGE5lB98KFqKI4EZDLA=
-10,-250,onVuFLDdSqH9dSO8Mv6n9x1qnhI=,+guvyjDxHGE5lB98KFqKI4EZDLA=
-14,-256,onVuFLDdSqH9dSO8Mv6n9x1qnhI=,+guvyjDxHGE5lB98KFqKI4EZDLA=
-16,-253,onVuFLDdSqH9dSO8Mv6n9x1qnhI=,+guvyjDxHGE5lB98KFqKI4EZDLA=
-12,-256,onVuFLDdSqH9dSO8Mv6n9x1qnhI=,+guvyjDxHGE5lB98KFqKI4EZDLA=
-13,-256,onVuFLDdSqH9dSO8Mv6n9x1qnhI=,+guvyjDxHGE5lB98KFqKI4EZDLA=
-8,-241,onVuFLDdSqH9dSO8Mv6n9x1qnhI=,+guvyjDxHGE5lB98KFqKI4EZDLA=
-9,-250,onVuFLDdSqH9dSO8Mv6n9x1qnhI=,+guvyjDxHGE5lB98KFqKI4EZDLA=
-1,-242,onVuFLDdSqH9dSO8Mv6n9x1qnhI=,+guvyjDxHGE5lB98KFqKI4EZDLA=
-17,-241,j1iHSbgs1EyFmxN0NZS+04DdVvs=,+guvyjDxHGE5lB98KFqKI4EZDLA=
-18,-246,j1iHSbgs1EyFmxN0NZS+04DdVvs=,+guvyjDxHGE5lB98KFqKI4EZDLA=
-21,-245,j1iHSbgs1EyFmxN0NZS+04DdVvs=,+guvyjDxHGE5lB98KFqKI4EZDLA=
-18,-241,j1iHSbgs1EyFmxN0NZS+04DdVvs=,+guvyjDxHGE5lB98KFqKI4EZDLA=
-19,-241,j1iHSbgs1EyFmxN0NZS+04DdVvs=,+guvyjDxHGE5lB98KFqKI4EZDLA=
-22,-245,j1iHSbgs1EyFmxN0NZS+04DdVvs=,+guvyjDxHGE5lB98KFqKI4EZDLA=
-20,-241,j1iHSbgs1EyFmxN0NZS+04DdVvs=,+guvyjDxHGE5lB98KFqKI4EZDLA=
-23,-245,j1iHSbgs1EyFmxN0NZS+04DdVvs=,+guvyjDxHGE5lB98KFqKI4EZDLA=
-17,-247,j1iHSbgs1EyFmxN0NZS+04DdVvs=,+guvyjDxHGE5lB98KFqKI4EZDLA=
-21,-241,j1iHSbgs1EyFmxN0NZS+04DdVvs=,+guvyjDxHGE5lB98KFqKI4EZDLA=
-22,-241,j1iHSbgs1EyFmxN0NZS+04DdVvs=,+guvyjDxHGE5lB98KFqKI4EZDLA=
-23,-241,j1iHSbgs1EyFmxN0NZS+04DdVvs=,+guvyjDxHGE5lB98KFqKI4EZDLA=
-24,-241,j1iHSbgs1EyFmxN0NZS+04DdVvs=,+guvyjDxHGE5lB98KFqKI4EZDLA=
-18,-247,j1iHSbgs1EyFmxN0NZS+04DdVvs=,+guvyjDxHGE5lB98KFqKI4EZDLA=
-17,-242,j1iHSbgs1EyFmxN0NZS+04DdVvs=,+guvyjDxHGE5lB98KFqKI4EZDLA=
-18,-242,j1iHSbgs1EyFmxN0NZS+04DdVvs=,+guvyjDxHGE5lB98KFqKI4EZDLA=
-23,-247,j1iHSbgs1EyFmxN0NZS+04DdVvs=,+guvyjDxHGE5lB98KFqKI4EZDLA=
-19,-246,j1iHSbgs1EyFmxN0NZS+04DdVvs=,+guvyjDxHGE5lB98KFqKI4EZDLA=
-22,-242,j1iHSbgs1EyFmxN0NZS+04DdVvs=,+guvyjDxHGE5lB98KFqKI4EZDLA=
-20,-242,j1iHSbgs1EyFmxN0NZS+04DdVvs=,+guvyjDxHGE5lB98KFqKI4EZDLA=
-19,-247,j1iHSbgs1EyFmxN0NZS+04DdVvs=,+guvyjDxHGE5lB98KFqKI4EZDLA=
-21,-242,j1iHSbgs1EyFmxN0NZS+04DdVvs=,+guvyjDxHGE5lB98KFqKI4EZDLA=
-23,-242,j1iHSbgs1EyFmxN0NZS+04DdVvs=,+guvyjDxHGE5lB98KFqKI4EZDLA=
-24,-242,j1iHSbgs1EyFmxN0NZS+04DdVvs=,+guvyjDxHGE5lB98KFqKI4EZDLA=
-17,-243,j1iHSbgs1EyFmxN0NZS+04DdVvs=,+guvyjDxHGE5lB98KFqKI4EZDLA=
-20,-246,j1iHSbgs1EyFmxN0NZS+04DdVvs=,+guvyjDxHGE5lB98KFqKI4EZDLA=
-19,-243,j1iHSbgs1EyFmxN0NZS+04DdVvs=,+guvyjDxHGE5lB98KFqKI4EZDLA=
-18,-243,j1iHSbgs1EyFmxN0NZS+04DdVvs=,+guvyjDxHGE5lB98KFqKI4EZDLA=
-20,-243,j1iHSbgs1EyFmxN0NZS+04DdVvs=,+guvyjDxHGE5lB98KFqKI4EZDLA=
-24,-247,j1iHSbgs1EyFmxN0NZS+04DdVvs=,+guvyjDxHGE5lB98KFqKI4EZDLA=
-21,-243,j1iHSbgs1EyFmxN0NZS+04DdVvs=,+guvyjDxHGE5lB98KFqKI4EZDLA=
-22,-243,j1iHSbgs1EyFmxN0NZS+04DdVvs=,+guvyjDxHGE5lB98KFqKI4EZDLA=
-21,-246,j1iHSbgs1EyFmxN0NZS+04DdVvs=,+guvyjDxHGE5lB98KFqKI4EZDLA=
-23,-243,j1iHSbgs1EyFmxN0NZS+04DdVvs=,+guvyjDxHGE5lB98KFqKI4EZDLA=
-20,-247,j1iHSbgs1EyFmxN0NZS+04DdVvs=,+guvyjDxHGE5lB98KFqKI4EZDLA=
-24,-243,j1iHSbgs1EyFmxN0NZS+04DdVvs=,+guvyjDxHGE5lB98KFqKI4EZDLA=
-17,-244,j1iHSbgs1EyFmxN0NZS+04DdVvs=,+guvyjDxHGE5lB98KFqKI4EZDLA=
-18,-244,j1iHSbgs1EyFmxN0NZS+04DdVvs=,+guvyjDxHGE5lB98KFqKI4EZDLA=
-22,-246,j1iHSbgs1EyFmxN0NZS+04DdVvs=,+guvyjDxHGE5lB98KFqKI4EZDLA=
-19,-244,j1iHSbgs1EyFmxN0NZS+04DdVvs=,+guvyjDxHGE5lB98KFqKI4EZDLA=
-21,-244,j1iHSbgs1EyFmxN0NZS+04DdVvs=,+guvyjDxHGE5lB98KFqKI4EZDLA=
-20,-244,j1iHSbgs1EyFmxN0NZS+04DdVvs=,+guvyjDxHGE5lB98KFqKI4EZDLA=
-23,-246,j1iHSbgs1EyFmxN0NZS+04DdVvs=,+guvyjDxHGE5lB98KFqKI4EZDLA=
-21,-247,j1iHSbgs1EyFmxN0NZS+04DdVvs=,+guvyjDxHGE5lB98KFqKI4EZDLA=
-22,-244,j1iHSbgs1EyFmxN0NZS+04DdVvs=,+guvyjDxHGE5lB98KFqKI4EZDLA=
-23,-244,j1iHSbgs1EyFmxN0NZS+04DdVvs=,+guvyjDxHGE5lB98KFqKI4EZDLA=
-17,-245,j1iHSbgs1EyFmxN0NZS+04DdVvs=,+guvyjDxHGE5lB98KFqKI4EZDLA=
-24,-244,j1iHSbgs1EyFmxN0NZS+04DdVvs=,+guvyjDxHGE5lB98KFqKI4EZDLA=
-18,-245,j1iHSbgs1EyFmxN0NZS+04DdVvs=,+guvyjDxHGE5lB98KFqKI4EZDLA=
-24,-246,j1iHSbgs1EyFmxN0NZS+04DdVvs=,+guvyjDxHGE5lB98KFqKI4EZDLA=
-19,-245,j1iHSbgs1EyFmxN0NZS+04DdVvs=,+guvyjDxHGE5lB98KFqKI4EZDLA=
-24,-245,j1iHSbgs1EyFmxN0NZS+04DdVvs=,+guvyjDxHGE5lB98KFqKI4EZDLA=
-22,-247,j1iHSbgs1EyFmxN0NZS+04DdVvs=,+guvyjDxHGE5lB98KFqKI4EZDLA=
-20,-245,j1iHSbgs1EyFmxN0NZS+04DdVvs=,+guvyjDxHGE5lB98KFqKI4EZDLA=
-17,-246,j1iHSbgs1EyFmxN0NZS+04DdVvs=,+guvyjDxHGE5lB98KFqKI4EZDLA=
-21,-248,j1iHSbgs1EyFmxN0NZS+04DdVvs=,+guvyjDxHGE5lB98KFqKI4EZDLA=
-21,-249,j1iHSbgs1EyFmxN0NZS+04DdVvs=,+guvyjDxHGE5lB98KFqKI4EZDLA=
-22,-249,j1iHSbgs1EyFmxN0NZS+04DdVvs=,+guvyjDxHGE5lB98KFqKI4EZDLA=
-23,-249,j1iHSbgs1EyFmxN0NZS+04DdVvs=,+guvyjDxHGE5lB98KFqKI4EZDLA=
-24,-249,j1iHSbgs1EyFmxN0NZS+04DdVvs=,+guvyjDxHGE5lB98KFqKI4EZDLA=
-20,-249,j1iHSbgs1EyFmxN0NZS+04DdVvs=,+guvyjDxHGE5lB98KFqKI4EZDLA=
-18,-250,j1iHSbgs1EyFmxN0NZS+04DdVvs=,+guvyjDxHGE5lB98KFqKI4EZDLA=
-19,-250,j1iHSbgs1EyFmxN0NZS+04DdVvs=,+guvyjDxHGE5lB98KFqKI4EZDLA=
-20,-250,j1iHSbgs1EyFmxN0NZS+04DdVvs=,+guvyjDxHGE5lB98KFqKI4EZDLA=
-17,-250,j1iHSbgs1EyFmxN0NZS+04DdVvs=,+guvyjDxHGE5lB98KFqKI4EZDLA=
-20,-248,j1iHSbgs1EyFmxN0NZS+04DdVvs=,+guvyjDxHGE5lB98KFqKI4EZDLA=
-21,-250,j1iHSbgs1EyFmxN0NZS+04DdVvs=,+guvyjDxHGE5lB98KFqKI4EZDLA=
-22,-250,j1iHSbgs1EyFmxN0NZS+04DdVvs=,+guvyjDxHGE5lB98KFqKI4EZDLA=
-23,-250,j1iHSbgs1EyFmxN0NZS+04DdVvs=,+guvyjDxHGE5lB98KFqKI4EZDLA=
-19,-249,j1iHSbgs1EyFmxN0NZS+04DdVvs=,+guvyjDxHGE5lB98KFqKI4EZDLA=
-18,-251,j1iHSbgs1EyFmxN0NZS+04DdVvs=,+guvyjDxHGE5lB98KFqKI4EZDLA=
-19,-251,j1iHSbgs1EyFmxN0NZS+04DdVvs=,+guvyjDxHGE5lB98KFqKI4EZDLA=
-17,-251,j1iHSbgs1EyFmxN0NZS+04DdVvs=,+guvyjDxHGE5lB98KFqKI4EZDLA=
-24,-248,j1iHSbgs1EyFmxN0NZS+04DdVvs=,+guvyjDxHGE5lB98KFqKI4EZDLA=
-21,-251,j1iHSbgs1EyFmxN0NZS+04DdVvs=,+guvyjDxHGE5lB98KFqKI4EZDLA=
-22,-251,j1iHSbgs1EyFmxN0NZS+04DdVvs=,+guvyjDxHGE5lB98KFqKI4EZDLA=
-24,-250,j1iHSbgs1EyFmxN0NZS+04DdVvs=,+guvyjDxHGE5lB98KFqKI4EZDLA=
-23,-251,j1iHSbgs1EyFmxN0NZS+04DdVvs=,+guvyjDxHGE5lB98KFqKI4EZDLA=
-24,-251,j1iHSbgs1EyFmxN0NZS+04DdVvs=,+guvyjDxHGE5lB98KFqKI4EZDLA=
-18,-249,j1iHSbgs1EyFmxN0NZS+04DdVvs=,+guvyjDxHGE5lB98KFqKI4EZDLA=
-20,-251,j1iHSbgs1EyFmxN0NZS+04DdVvs=,+guvyjDxHGE5lB98KFqKI4EZDLA=
-19,-252,j1iHSbgs1EyFmxN0NZS+04DdVvs=,+guvyjDxHGE5lB98KFqKI4EZDLA=
-21,-252,j1iHSbgs1EyFmxN0NZS+04DdVvs=,+guvyjDxHGE5lB98KFqKI4EZDLA=
-22,-252,j1iHSbgs1EyFmxN0NZS+04DdVvs=,+guvyjDxHGE5lB98KFqKI4EZDLA=
-18,-252,j1iHSbgs1EyFmxN0NZS+04DdVvs=,+guvyjDxHGE5lB98KFqKI4EZDLA=
-20,-252,j1iHSbgs1EyFmxN0NZS+04DdVvs=,+guvyjDxHGE5lB98KFqKI4EZDLA=
-23,-248,j1iHSbgs1EyFmxN0NZS+04DdVvs=,+guvyjDxHGE5lB98KFqKI4EZDLA=
-18,-253,j1iHSbgs1EyFmxN0NZS+04DdVvs=,+guvyjDxHGE5lB98KFqKI4EZDLA=
-17,-253,j1iHSbgs1EyFmxN0NZS+04DdVvs=,+guvyjDxHGE5lB98KFqKI4EZDLA=
-21,-253,j1iHSbgs1EyFmxN0NZS+04DdVvs=,+guvyjDxHGE5lB98KFqKI4EZDLA=
-22,-253,j1iHSbgs1EyFmxN0NZS+04DdVvs=,+guvyjDxHGE5lB98KFqKI4EZDLA=
-20,-253,j1iHSbgs1EyFmxN0NZS+04DdVvs=,+guvyjDxHGE5lB98KFqKI4EZDLA=
-24,-256,j1iHSbgs1EyFmxN0NZS+04DdVvs=,+guvyjDxHGE5lB98KFqKI4EZDLA=
-23,-252,j1iHSbgs1EyFmxN0NZS+04DdVvs=,+guvyjDxHGE5lB98KFqKI4EZDLA=
-24,-252,j1iHSbgs1EyFmxN0NZS+04DdVvs=,+guvyjDxHGE5lB98KFqKI4EZDLA=
-19,-253,j1iHSbgs1EyFmxN0NZS+04DdVvs=,+guvyjDxHGE5lB98KFqKI4EZDLA=
-17,-254,j1iHSbgs1EyFmxN0NZS+04DdVvs=,+guvyjDxHGE5lB98KFqKI4EZDLA=
-18,-254,j1iHSbgs1EyFmxN0NZS+04DdVvs=,+guvyjDxHGE5lB98KFqKI4EZDLA=
-23,-253,j1iHSbgs1EyFmxN0NZS+04DdVvs=,+guvyjDxHGE5lB98KFqKI4EZDLA=
-24,-253,j1iHSbgs1EyFmxN0NZS+04DdVvs=,+guvyjDxHGE5lB98KFqKI4EZDLA=
-23,-256,j1iHSbgs1EyFmxN0NZS+04DdVvs=,+guvyjDxHGE5lB98KFqKI4EZDLA=
-19,-254,j1iHSbgs1EyFmxN0NZS+04DdVvs=,+guvyjDxHGE5lB98KFqKI4EZDLA=
-20,-254,j1iHSbgs1EyFmxN0NZS+04DdVvs=,+guvyjDxHGE5lB98KFqKI4EZDLA=
-22,-254,j1iHSbgs1EyFmxN0NZS+04DdVvs=,+guvyjDxHGE5lB98KFqKI4EZDLA=
-21,-254,j1iHSbgs1EyFmxN0NZS+04DdVvs=,+guvyjDxHGE5lB98KFqKI4EZDLA=
-24,-254,j1iHSbgs1EyFmxN0NZS+04DdVvs=,+guvyjDxHGE5lB98KFqKI4EZDLA=
-17,-252,j1iHSbgs1EyFmxN0NZS+04DdVvs=,+guvyjDxHGE5lB98KFqKI4EZDLA=
-23,-254,j1iHSbgs1EyFmxN0NZS+04DdVvs=,+guvyjDxHGE5lB98KFqKI4EZDLA=
-19,-255,j1iHSbgs1EyFmxN0NZS+04DdVvs=,+guvyjDxHGE5lB98KFqKI4EZDLA=
-19,-248,j1iHSbgs1EyFmxN0NZS+04DdVvs=,+guvyjDxHGE5lB98KFqKI4EZDLA=
-17,-255,j1iHSbgs1EyFmxN0NZS+04DdVvs=,+guvyjDxHGE5lB98KFqKI4EZDLA=
-20,-255,j1iHSbgs1EyFmxN0NZS+04DdVvs=,+guvyjDxHGE5lB98KFqKI4EZDLA=
-21,-255,j1iHSbgs1EyFmxN0NZS+04DdVvs=,+guvyjDxHGE5lB98KFqKI4EZDLA=
-18,-255,j1iHSbgs1EyFmxN0NZS+04DdVvs=,+guvyjDxHGE5lB98KFqKI4EZDLA=
-22,-255,j1iHSbgs1EyFmxN0NZS+04DdVvs=,+guvyjDxHGE5lB98KFqKI4EZDLA=
-23,-255,j1iHSbgs1EyFmxN0NZS+04DdVvs=,+guvyjDxHGE5lB98KFqKI4EZDLA=
-17,-256,j1iHSbgs1EyFmxN0NZS+04DdVvs=,+guvyjDxHGE5lB98KFqKI4EZDLA=
-24,-255,j1iHSbgs1EyFmxN0NZS+04DdVvs=,+guvyjDxHGE5lB98KFqKI4EZDLA=
-18,-256,j1iHSbgs1EyFmxN0NZS+04DdVvs=,+guvyjDxHGE5lB98KFqKI4EZDLA=
-19,-242,j1iHSbgs1EyFmxN0NZS+04DdVvs=,+guvyjDxHGE5lB98KFqKI4EZDLA=
-21,-256,j1iHSbgs1EyFmxN0NZS+04DdVvs=,+guvyjDxHGE5lB98KFqKI4EZDLA=
-19,-256,j1iHSbgs1EyFmxN0NZS+04DdVvs=,+guvyjDxHGE5lB98KFqKI4EZDLA=
-20,-256,j1iHSbgs1EyFmxN0NZS+04DdVvs=,+guvyjDxHGE5lB98KFqKI4EZDLA=
-22,-256,j1iHSbgs1EyFmxN0NZS+04DdVvs=,+guvyjDxHGE5lB98KFqKI4EZDLA=
-18,-248,j1iHSbgs1EyFmxN0NZS+04DdVvs=,+guvyjDxHGE5lB98KFqKI4EZDLA=
-17,-248,j1iHSbgs1EyFmxN0NZS+04DdVvs=,+guvyjDxHGE5lB98KFqKI4EZDLA=
-22,-248,j1iHSbgs1EyFmxN0NZS+04DdVvs=,+guvyjDxHGE5lB98KFqKI4EZDLA=
-17,-249,j1iHSbgs1EyFmxN0NZS+04DdVvs=,+guvyjDxHGE5lB98KFqKI4EZDLA=
-17,-231,j1iHSbgs1EyFmxN0NZS+04DdVvs=,+guvyjDxHGE5lB98KFqKI4EZDLA=
-18,-231,j1iHSbgs1EyFmxN0NZS+04DdVvs=,+guvyjDxHGE5lB98KFqKI4EZDLA=
-19,-231,j1iHSbgs1EyFmxN0NZS+04DdVvs=,+guvyjDxHGE5lB98KFqKI4EZDLA=
-18,-228,j1iHSbgs1EyFmxN0NZS+04DdVvs=,+guvyjDxHGE5lB98KFqKI4EZDLA=
-21,-227,j1iHSbgs1EyFmxN0NZS+04DdVvs=,+guvyjDxHGE5lB98KFqKI4EZDLA=
-20,-231,j1iHSbgs1EyFmxN0NZS+04DdVvs=,+guvyjDxHGE5lB98KFqKI4EZDLA=
-24,-228,j1iHSbgs1EyFmxN0NZS+04DdVvs=,+guvyjDxHGE5lB98KFqKI4EZDLA=
-17,-229,j1iHSbgs1EyFmxN0NZS+04DdVvs=,+guvyjDxHGE5lB98KFqKI4EZDLA=
-21,-231,j1iHSbgs1EyFmxN0NZS+04DdVvs=,+guvyjDxHGE5lB98KFqKI4EZDLA=
-22,-227,j1iHSbgs1EyFmxN0NZS+04DdVvs=,+guvyjDxHGE5lB98KFqKI4EZDLA=
-17,-230,j1iHSbgs1EyFmxN0NZS+04DdVvs=,+guvyjDxHGE5lB98KFqKI4EZDLA=
-18,-229,j1iHSbgs1EyFmxN0NZS+04DdVvs=,+guvyjDxHGE5lB98KFqKI4EZDLA=
-20,-227,j1iHSbgs1EyFmxN0NZS+04DdVvs=,+guvyjDxHGE5lB98KFqKI4EZDLA=
-22,-231,j1iHSbgs1EyFmxN0NZS+04DdVvs=,+guvyjDxHGE5lB98KFqKI4EZDLA=
-18,-230,j1iHSbgs1EyFmxN0NZS+04DdVvs=,+guvyjDxHGE5lB98KFqKI4EZDLA=
-20,-229,j1iHSbgs1EyFmxN0NZS+04DdVvs=,+guvyjDxHGE5lB98KFqKI4EZDLA=
-19,-230,j1iHSbgs1EyFmxN0NZS+04DdVvs=,+guvyjDxHGE5lB98KFqKI4EZDLA=
-20,-230,j1iHSbgs1EyFmxN0NZS+04DdVvs=,+guvyjDxHGE5lB98KFqKI4EZDLA=
-19,-228,j1iHSbgs1EyFmxN0NZS+04DdVvs=,+guvyjDxHGE5lB98KFqKI4EZDLA=
-23,-228,j1iHSbgs1EyFmxN0NZS+04DdVvs=,+guvyjDxHGE5lB98KFqKI4EZDLA=
-19,-227,j1iHSbgs1EyFmxN0NZS+04DdVvs=,+guvyjDxHGE5lB98KFqKI4EZDLA=
-19,-229,j1iHSbgs1EyFmxN0NZS+04DdVvs=,+guvyjDxHGE5lB98KFqKI4EZDLA=
-21,-232,j1iHSbgs1EyFmxN0NZS+04DdVvs=,+guvyjDxHGE5lB98KFqKI4EZDLA=
-18,-233,j1iHSbgs1EyFmxN0NZS+04DdVvs=,+guvyjDxHGE5lB98KFqKI4EZDLA=
-21,-237,j1iHSbgs1EyFmxN0NZS+04DdVvs=,+guvyjDxHGE5lB98KFqKI4EZDLA=
-18,-227,j1iHSbgs1EyFmxN0NZS+04DdVvs=,+guvyjDxHGE5lB98KFqKI4EZDLA=
-17,-233,j1iHSbgs1EyFmxN0NZS+04DdVvs=,+guvyjDxHGE5lB98KFqKI4EZDLA=
-19,-233,j1iHSbgs1EyFmxN0NZS+04DdVvs=,+guvyjDxHGE5lB98KFqKI4EZDLA=
-22,-237,j1iHSbgs1EyFmxN0NZS+04DdVvs=,+guvyjDxHGE5lB98KFqKI4EZDLA=
-23,-237,j1iHSbgs1EyFmxN0NZS+04DdVvs=,+guvyjDxHGE5lB98KFqKI4EZDLA=
-23,-227,j1iHSbgs1EyFmxN0NZS+04DdVvs=,+guvyjDxHGE5lB98KFqKI4EZDLA=
-22,-232,j1iHSbgs1EyFmxN0NZS+04DdVvs=,+guvyjDxHGE5lB98KFqKI4EZDLA=
-20,-233,j1iHSbgs1EyFmxN0NZS+04DdVvs=,+guvyjDxHGE5lB98KFqKI4EZDLA=
-24,-237,j1iHSbgs1EyFmxN0NZS+04DdVvs=,+guvyjDxHGE5lB98KFqKI4EZDLA=
-22,-233,j1iHSbgs1EyFmxN0NZS+04DdVvs=,+guvyjDxHGE5lB98KFqKI4EZDLA=
-21,-233,j1iHSbgs1EyFmxN0NZS+04DdVvs=,+guvyjDxHGE5lB98KFqKI4EZDLA=
-24,-229,j1iHSbgs1EyFmxN0NZS+04DdVvs=,+guvyjDxHGE5lB98KFqKI4EZDLA=
-18,-238,j1iHSbgs1EyFmxN0NZS+04DdVvs=,+guvyjDxHGE5lB98KFqKI4EZDLA=
-19,-238,j1iHSbgs1EyFmxN0NZS+04DdVvs=,+guvyjDxHGE5lB98KFqKI4EZDLA=
-20,-237,j1iHSbgs1EyFmxN0NZS+04DdVvs=,+guvyjDxHGE5lB98KFqKI4EZDLA=
-20,-238,j1iHSbgs1EyFmxN0NZS+04DdVvs=,+guvyjDxHGE5lB98KFqKI4EZDLA=
-17,-238,j1iHSbgs1EyFmxN0NZS+04DdVvs=,+guvyjDxHGE5lB98KFqKI4EZDLA=
-22,-238,j1iHSbgs1EyFmxN0NZS+04DdVvs=,+guvyjDxHGE5lB98KFqKI4EZDLA=
-17,-228,j1iHSbgs1EyFmxN0NZS+04DdVvs=,+guvyjDxHGE5lB98KFqKI4EZDLA=
-23,-233,j1iHSbgs1EyFmxN0NZS+04DdVvs=,+guvyjDxHGE5lB98KFqKI4EZDLA=
-21,-238,j1iHSbgs1EyFmxN0NZS+04DdVvs=,+guvyjDxHGE5lB98KFqKI4EZDLA=
-19,-237,j1iHSbgs1EyFmxN0NZS+04DdVvs=,+guvyjDxHGE5lB98KFqKI4EZDLA=
-17,-227,j1iHSbgs1EyFmxN0NZS+04DdVvs=,+guvyjDxHGE5lB98KFqKI4EZDLA=
-23,-238,j1iHSbgs1EyFmxN0NZS+04DdVvs=,+guvyjDxHGE5lB98KFqKI4EZDLA=
-24,-233,j1iHSbgs1EyFmxN0NZS+04DdVvs=,+guvyjDxHGE5lB98KFqKI4EZDLA=
-24,-238,j1iHSbgs1EyFmxN0NZS+04DdVvs=,+guvyjDxHGE5lB98KFqKI4EZDLA=
-17,-234,j1iHSbgs1EyFmxN0NZS+04DdVvs=,+guvyjDxHGE5lB98KFqKI4EZDLA=
-18,-237,j1iHSbgs1EyFmxN0NZS+04DdVvs=,+guvyjDxHGE5lB98KFqKI4EZDLA=
-17,-239,j1iHSbgs1EyFmxN0NZS+04DdVvs=,+guvyjDxHGE5lB98KFqKI4EZDLA=
-21,-229,j1iHSbgs1EyFmxN0NZS+04DdVvs=,+guvyjDxHGE5lB98KFqKI4EZDLA=
-21,-230,j1iHSbgs1EyFmxN0NZS+04DdVvs=,+guvyjDxHGE5lB98KFqKI4EZDLA=
-22,-228,j1iHSbgs1EyFmxN0NZS+04DdVvs=,+guvyjDxHGE5lB98KFqKI4EZDLA=
-18,-225,j1iHSbgs1EyFmxN0NZS+04DdVvs=,+guvyjDxHGE5lB98KFqKI4EZDLA=
-17,-225,j1iHSbgs1EyFmxN0NZS+04DdVvs=,+guvyjDxHGE5lB98KFqKI4EZDLA=
-18,-239,j1iHSbgs1EyFmxN0NZS+04DdVvs=,+guvyjDxHGE5lB98KFqKI4EZDLA=
-17,-237,j1iHSbgs1EyFmxN0NZS+04DdVvs=,+guvyjDxHGE5lB98KFqKI4EZDLA=
-19,-239,j1iHSbgs1EyFmxN0NZS+04DdVvs=,+guvyjDxHGE5lB98KFqKI4EZDLA=
-20,-239,j1iHSbgs1EyFmxN0NZS+04DdVvs=,+guvyjDxHGE5lB98KFqKI4EZDLA=
-19,-225,j1iHSbgs1EyFmxN0NZS+04DdVvs=,+guvyjDxHGE5lB98KFqKI4EZDLA=
-24,-226,j1iHSbgs1EyFmxN0NZS+04DdVvs=,+guvyjDxHGE5lB98KFqKI4EZDLA=
-20,-225,j1iHSbgs1EyFmxN0NZS+04DdVvs=,+guvyjDxHGE5lB98KFqKI4EZDLA=
-18,-234,j1iHSbgs1EyFmxN0NZS+04DdVvs=,+guvyjDxHGE5lB98KFqKI4EZDLA=
-19,-234,j1iHSbgs1EyFmxN0NZS+04DdVvs=,+guvyjDxHGE5lB98KFqKI4EZDLA=
-24,-236,j1iHSbgs1EyFmxN0NZS+04DdVvs=,+guvyjDxHGE5lB98KFqKI4EZDLA=
-23,-226,j1iHSbgs1EyFmxN0NZS+04DdVvs=,+guvyjDxHGE5lB98KFqKI4EZDLA=
-20,-234,j1iHSbgs1EyFmxN0NZS+04DdVvs=,+guvyjDxHGE5lB98KFqKI4EZDLA=
-21,-234,j1iHSbgs1EyFmxN0NZS+04DdVvs=,+guvyjDxHGE5lB98KFqKI4EZDLA=
-22,-225,j1iHSbgs1EyFmxN0NZS+04DdVvs=,+guvyjDxHGE5lB98KFqKI4EZDLA=
-21,-225,j1iHSbgs1EyFmxN0NZS+04DdVvs=,+guvyjDxHGE5lB98KFqKI4EZDLA=
-21,-239,j1iHSbgs1EyFmxN0NZS+04DdVvs=,+guvyjDxHGE5lB98KFqKI4EZDLA=
-23,-236,j1iHSbgs1EyFmxN0NZS+04DdVvs=,+guvyjDxHGE5lB98KFqKI4EZDLA=
-22,-239,j1iHSbgs1EyFmxN0NZS+04DdVvs=,+guvyjDxHGE5lB98KFqKI4EZDLA=
-24,-230,j1iHSbgs1EyFmxN0NZS+04DdVvs=,+guvyjDxHGE5lB98KFqKI4EZDLA=
-18,-240,j1iHSbgs1EyFmxN0NZS+04DdVvs=,+guvyjDxHGE5lB98KFqKI4EZDLA=
-17,-240,j1iHSbgs1EyFmxN0NZS+04DdVvs=,+guvyjDxHGE5lB98KFqKI4EZDLA=
-24,-239,j1iHSbgs1EyFmxN0NZS+04DdVvs=,+guvyjDxHGE5lB98KFqKI4EZDLA=
-24,-227,j1iHSbgs1EyFmxN0NZS+04DdVvs=,+guvyjDxHGE5lB98KFqKI4EZDLA=
-19,-240,j1iHSbgs1EyFmxN0NZS+04DdVvs=,+guvyjDxHGE5lB98KFqKI4EZDLA=
-24,-232,j1iHSbgs1EyFmxN0NZS+04DdVvs=,+guvyjDxHGE5lB98KFqKI4EZDLA=
-22,-234,j1iHSbgs1EyFmxN0NZS+04DdVvs=,+guvyjDxHGE5lB98KFqKI4EZDLA=
-23,-225,j1iHSbgs1EyFmxN0NZS+04DdVvs=,+guvyjDxHGE5lB98KFqKI4EZDLA=
-22,-229,j1iHSbgs1EyFmxN0NZS+04DdVvs=,+guvyjDxHGE5lB98KFqKI4EZDLA=
-23,-239,j1iHSbgs1EyFmxN0NZS+04DdVvs=,+guvyjDxHGE5lB98KFqKI4EZDLA=
-23,-234,j1iHSbgs1EyFmxN0NZS+04DdVvs=,+guvyjDxHGE5lB98KFqKI4EZDLA=
-21,-240,j1iHSbgs1EyFmxN0NZS+04DdVvs=,+guvyjDxHGE5lB98KFqKI4EZDLA=
-20,-240,j1iHSbgs1EyFmxN0NZS+04DdVvs=,+guvyjDxHGE5lB98KFqKI4EZDLA=
-22,-236,j1iHSbgs1EyFmxN0NZS+04DdVvs=,+guvyjDxHGE5lB98KFqKI4EZDLA=
-21,-228,j1iHSbgs1EyFmxN0NZS+04DdVvs=,+guvyjDxHGE5lB98KFqKI4EZDLA=
-23,-240,j1iHSbgs1EyFmxN0NZS+04DdVvs=,+guvyjDxHGE5lB98KFqKI4EZDLA=
-22,-240,j1iHSbgs1EyFmxN0NZS+04DdVvs=,+guvyjDxHGE5lB98KFqKI4EZDLA=
-17,-235,j1iHSbgs1EyFmxN0NZS+04DdVvs=,+guvyjDxHGE5lB98KFqKI4EZDLA=
-24,-240,j1iHSbgs1EyFmxN0NZS+04DdVvs=,+guvyjDxHGE5lB98KFqKI4EZDLA=
-24,-234,j1iHSbgs1EyFmxN0NZS+04DdVvs=,+guvyjDxHGE5lB98KFqKI4EZDLA=
-18,-235,j1iHSbgs1EyFmxN0NZS+04DdVvs=,+guvyjDxHGE5lB98KFqKI4EZDLA=
-23,-232,j1iHSbgs1EyFmxN0NZS+04DdVvs=,+guvyjDxHGE5lB98KFqKI4EZDLA=
-17,-232,j1iHSbgs1EyFmxN0NZS+04DdVvs=,+guvyjDxHGE5lB98KFqKI4EZDLA=
-19,-235,j1iHSbgs1EyFmxN0NZS+04DdVvs=,+guvyjDxHGE5lB98KFqKI4EZDLA=
-18,-232,j1iHSbgs1EyFmxN0NZS+04DdVvs=,+guvyjDxHGE5lB98KFqKI4EZDLA=
-20,-235,j1iHSbgs1EyFmxN0NZS+04DdVvs=,+guvyjDxHGE5lB98KFqKI4EZDLA=
-21,-236,j1iHSbgs1EyFmxN0NZS+04DdVvs=,+guvyjDxHGE5lB98KFqKI4EZDLA=
-21,-235,j1iHSbgs1EyFmxN0NZS+04DdVvs=,+guvyjDxHGE5lB98KFqKI4EZDLA=
-22,-226,j1iHSbgs1EyFmxN0NZS+04DdVvs=,+guvyjDxHGE5lB98KFqKI4EZDLA=
-22,-235,j1iHSbgs1EyFmxN0NZS+04DdVvs=,+guvyjDxHGE5lB98KFqKI4EZDLA=
-23,-235,j1iHSbgs1EyFmxN0NZS+04DdVvs=,+guvyjDxHGE5lB98KFqKI4EZDLA=
-20,-236,j1iHSbgs1EyFmxN0NZS+04DdVvs=,+guvyjDxHGE5lB98KFqKI4EZDLA=
-17,-236,j1iHSbgs1EyFmxN0NZS+04DdVvs=,+guvyjDxHGE5lB98KFqKI4EZDLA=
-23,-230,j1iHSbgs1EyFmxN0NZS+04DdVvs=,+guvyjDxHGE5lB98KFqKI4EZDLA=
-22,-230,j1iHSbgs1EyFmxN0NZS+04DdVvs=,+guvyjDxHGE5lB98KFqKI4EZDLA=
-24,-235,j1iHSbgs1EyFmxN0NZS+04DdVvs=,+guvyjDxHGE5lB98KFqKI4EZDLA=
-24,-225,j1iHSbgs1EyFmxN0NZS+04DdVvs=,+guvyjDxHGE5lB98KFqKI4EZDLA=
-19,-232,j1iHSbgs1EyFmxN0NZS+04DdVvs=,+guvyjDxHGE5lB98KFqKI4EZDLA=
-24,-231,j1iHSbgs1EyFmxN0NZS+04DdVvs=,+guvyjDxHGE5lB98KFqKI4EZDLA=
-17,-226,j1iHSbgs1EyFmxN0NZS+04DdVvs=,+guvyjDxHGE5lB98KFqKI4EZDLA=
-18,-236,j1iHSbgs1EyFmxN0NZS+04DdVvs=,+guvyjDxHGE5lB98KFqKI4EZDLA=
-19,-236,j1iHSbgs1EyFmxN0NZS+04DdVvs=,+guvyjDxHGE5lB98KFqKI4EZDLA=
-18,-226,j1iHSbgs1EyFmxN0NZS+04DdVvs=,+guvyjDxHGE5lB98KFqKI4EZDLA=
-20,-228,j1iHSbgs1EyFmxN0NZS+04DdVvs=,+guvyjDxHGE5lB98KFqKI4EZDLA=
-19,-226,j1iHSbgs1EyFmxN0NZS+04DdVvs=,+guvyjDxHGE5lB98KFqKI4EZDLA=
-23,-231,j1iHSbgs1EyFmxN0NZS+04DdVvs=,+guvyjDxHGE5lB98KFqKI4EZDLA=
-20,-232,j1iHSbgs1EyFmxN0NZS+04DdVvs=,+guvyjDxHGE5lB98KFqKI4EZDLA=
-20,-226,j1iHSbgs1EyFmxN0NZS+04DdVvs=,+guvyjDxHGE5lB98KFqKI4EZDLA=
-21,-226,j1iHSbgs1EyFmxN0NZS+04DdVvs=,+guvyjDxHGE5lB98KFqKI4EZDLA=
-23,-229,j1iHSbgs1EyFmxN0NZS+04DdVvs=,+guvyjDxHGE5lB98KFqKI4EZDLA=
