85,-138,eCmSbzybtIelefc5aTX6UDSPxAs=,doohFZsGrWltfKIDWMDWGVA8SR8=
80,-143,eCmSbzybtIelefc5aTX6UDSPxAs=,doohFZsGrWltfKIDWMDWGVA8SR8=
83,-141,eCmSbzybtIelefc5aTX6UDSPxAs=,doohFZsGrWltfKIDWMDWGVA8SR8=
87,-144,eCmSbzybtIelefc5aTX6UDSPxAs=,doohFZsGrWltfKIDWMDWGVA8SR8=
87,-139,eCmSbzybtIelefc5aTX6UDSPxAs=,doohFZsGrWltfKIDWMDWGVA8SR8=
86,-144,eCmSbzybtIelefc5aTX6UDSPxAs=,doohFZsGrWltfKIDWMDWGVA8SR8=
84,-138,eCmSbzybtIelefc5aTX6UDSPxAs=,doohFZsGrWltfKIDWMDWGVA8SR8=
85,-144,eCmSbzybtIelefc5aTX6UDSPxAs=,doohFZsGrWltfKIDWMDWGVA8SR8=
86,-139,eCmSbzybtIelefc5aTX6UDSPxAs=,doohFZsGrWltfKIDWMDWGVA8SR8=
83,-138,eCmSbzybtIelefc5aTX6UDSPxAs=,doohFZsGrWltfKIDWMDWGVA8SR8=
82,-138,eCmSbzybtIelefc5aTX6UDSPxAs=,doohFZsGrWltfKIDWMDWGVA8SR8=
83,-143,eCmSbzybtIelefc5aTX6UDSPxAs=,doohFZsGrWltfKIDWMDWGVA8SR8=
84,-144,eCmSbzybtIelefc5aTX6UDSPxAs=,doohFZsGrWltfKIDWMDWGVA8SR8=
85,-139,eCmSbzybtIelefc5aTX6UDSPxAs=,doohFZsGrWltfKIDWMDWGVA8SR8=
84,-139,eCmSbzybtIelefc5aTX6UDSPxAs=,doohFZsGrWltfKIDWMDWGVA8SR8=
82,-140,eCmSbzybtIelefc5aTX6UDSPxAs=,doohFZsGrWltfKIDWMDWGVA8SR8=
83,-142,eCmSbzybtIelefc5aTX6UDSPxAs=,doohFZsGrWltfKIDWMDWGVA8SR8=
87,-140,eCmSbzybtIelefc5aTX6UDSPxAs=,doohFZsGrWltfKIDWMDWGVA8SR8=
81,-142,eCmSbzybtIelefc5aTX6UDSPxAs=,doohFZsGrWltfKIDWMDWGVA8SR8=
83,-139,eCmSbzybtIelefc5aTX6UDSPxAs=,doohFZsGrWltfKIDWMDWGVA8SR8=
86,-140,eCmSbzybtIelefc5aTX6UDSPxAs=,doohFZsGrWltfKIDWMDWGVA8SR8=
87,-143,eCmSbzybtIelefc5aTX6UDSPxAs=,doohFZsGrWltfKIDWMDWGVA8SR8=
86,-143,eCmSbzybtIelefc5aTX6UDSPxAs=,doohFZsGrWltfKIDWMDWGVA8SR8=
85,-140,eCmSbzybtIelefc5aTX6UDSPxAs=,doohFZsGrWltfKIDWMDWGVA8SR8=
85,-143,eCmSbzybtIelefc5aTX6UDSPxAs=,doohFZsGrWltfKIDWMDWGVA8SR8=
84,-140,eCmSbzybtIelefc5aTX6UDSPxAs=,doohFZsGrWltfKIDWMDWGVA8SR8=
87,-142,eCmSbzybtIelefc5aTX6UDSPxAs=,doohFZsGrWltfKIDWMDWGVA8SR8=
80,-141,eCmSbzybtIelefc5aTX6UDSPxAs=,doohFZsGrWltfKIDWMDWGVA8SR8=
87,-138,eCmSbzybtIelefc5aTX6UDSPxAs=,doohFZsGrWltfKIDWMDWGVA8SR8=
82,-139,eCmSbzybtIelefc5aTX6UDSPxAs=,doohFZsGrWltfKIDWMDWGVA8SR8=
86,-142,eCmSbzybtIelefc5aTX6UDSPxAs=,doohFZsGrWltfKIDWMDWGVA8SR8=
83,-144,eCmSbzybtIelefc5aTX6UDSPxAs=,doohFZsGrWltfKIDWMDWGVA8SR8=
83,-140,eCmSbzybtIelefc5aTX6UDSPxAs=,doohFZsGrWltfKIDWMDWGVA8SR8=
85,-142,eCmSbzybtIelefc5aTX6UDSPxAs=,doohFZsGrWltfKIDWMDWGVA8SR8=
84,-142,eCmSbzybtIelefc5aTX6UDSPxAs=,doohFZsGrWltfKIDWMDWGVA8SR8=
84,-143,eCmSbzybtIelefc5aTX6UDSPxAs=,doohFZsGrWltfKIDWMDWGVA8SR8=
82,-141,eCmSbzybtIelefc5aTX6UDSPxAs=,doohFZsGrWltfKIDWMDWGVA8SR8=
81,-139,eCmSbzybtIelefc5aTX6UDSPxAs=,doohFZsGrWltfKIDWMDWGVA8SR8=
80,-144,eCmSbzybtIelefc5aTX6UDSPxAs=,doohFZsGrWltfKIDWMDWGVA8SR8=
87,-141,eCmSbzybtIelefc5aTX6UDSPxAs=,doohFZsGrWltfKIDWMDWGVA8SR8=
86,-138,eCmSbzybtIelefc5aTX6UDSPxAs=,doohFZsGrWltfKIDWMDWGVA8SR8=
86,-141,eCmSbzybtIelefc5aTX6UDSPxAs=,doohFZsGrWltfKIDWMDWGVA8SR8=
81,-140,eCmSbzybtIelefc5aTX6UDSPxAs=,doohFZsGrWltfKIDWMDWGVA8SR8=
81,-141,eCmSbzybtIelefc5aTX6UDSPxAs=,doohFZsGrWltfKIDWMDWGVA8SR8=
85,-141,eCmSbzybtIelefc5aTX6UDSPxAs=,doohFZsGrWltfKIDWMDWGVA8SR8=
84,-141,eCmSbzybtIelefc5aTX6UDSPxAs=,doohFZsGrWltfKIDWMDWGVA8SR8=
80,-140,eCmSbzybtIelefc5aTX6UDSPxAs=,doohFZsGrWltfKIDWMDWGVA8SR8=
81,-138,eCmSbzybtIelefc5aTX6UDSPxAs=,doohFZsGrWltfKIDWMDWGVA8SR8=
80,-142,eCmSbzybtIelefc5aTX6UDSPxAs=,doohFZsGrWltfKIDWMDWGVA8SR8=
87,-130,eCmSbzybtIelefc5aTX6UDSPxAs=,doohFZsGrWltfKIDWMDWGVA8SR8=
82,-142,eCmSbzybtIelefc5aTX6UDSPxAs=,doohFZsGrWltfKIDWMDWGVA8SR8=
86,-130,eCmSbzybtIelefc5aTX6UDSPxAs=,doohFZsGrWltfKIDWMDWGVA8SR8=
85,-130,eCmSbzybtIelefc5aTX6UDSPxAs=,doohFZsGrWltfKIDWMDWGVA8SR8=
83,-129,eCmSbzybtIelefc5aTX6UDSPxAs=,doohFZsGrWltfKIDWMDWGVA8SR8=
84,-137,eCmSbzybtIelefc5aTX6UDSPxAs=,doohFZsGrWltfKIDWMDWGVA8SR8=
84,-130,eCmSbzybtIelefc5aTX6UDSPxAs=,doohFZsGrWltfKIDWMDWGVA8SR8=
83,-130,eCmSbzybtIelefc5aTX6UDSPxAs=,doohFZsGrWltfKIDWMDWGVA8SR8=
82,-130,eCmSbzybtIelefc5aTX6UDSPxAs=,doohFZsGrWltfKIDWMDWGVA8SR8=
81,-144,eCmSbzybtIelefc5aTX6UDSPxAs=,doohFZsGrWltfKIDWMDWGVA8SR8=
83,-137,eCmSbzybtIelefc5aTX6UDSPxAs=,doohFZsGrWltfKIDWMDWGVA8SR8=
84,-129,eCmSbzybtIelefc5aTX6UDSPxAs=,doohFZsGrWltfKIDWMDWGVA8SR8=
86,-131,eCmSbzybtIelefc5aTX6UDSPxAs=,doohFZsGrWltfKIDWMDWGVA8SR8=
87,-131,eCmSbzybtIelefc5aTX6UDSPxAs=,doohFZsGrWltfKIDWMDWGVA8SR8=
85,-129,eCmSbzybtIelefc5aTX6UDSPxAs=,doohFZsGrWltfKIDWMDWGVA8SR8=
85,-131,eCmSbzybtIelefc5aTX6UDSPxAs=,doohFZsGrWltfKIDWMDWGVA8SR8=
84,-131,eCmSbzybtIelefc5aTX6UDSPxAs=,doohFZsGrWltfKIDWMDWGVA8SR8=
83,-131,eCmSbzybtIelefc5aTX6UDSPxAs=,doohFZsGrWltfKIDWMDWGVA8SR8=
85,-137,eCmSbzybtIelefc5aTX6UDSPxAs=,doohFZsGrWltfKIDWMDWGVA8SR8=
82,-131,eCmSbzybtIelefc5aTX6UDSPxAs=,doohFZsGrWltfKIDWMDWGVA8SR8=
86,-129,eCmSbzybtIelefc5aTX6UDSPxAs=,doohFZsGrWltfKIDWMDWGVA8SR8=
87,-129,eCmSbzybtIelefc5aTX6UDSPxAs=,doohFZsGrWltfKIDWMDWGVA8SR8=
82,-137,eCmSbzybtIelefc5aTX6UDSPxAs=,doohFZsGrWltfKIDWMDWGVA8SR8=
82,-144,eCmSbzybtIelefc5aTX6UDSPxAs=,doohFZsGrWltfKIDWMDWGVA8SR8=
86,-137,eCmSbzybtIelefc5aTX6UDSPxAs=,doohFZsGrWltfKIDWMDWGVA8SR8=
87,-132,eCmSbzybtIelefc5aTX6UDSPxAs=,doohFZsGrWltfKIDWMDWGVA8SR8=
86,-132,eCmSbzybtIelefc5aTX6UDSPxAs=,doohFZsGrWltfKIDWMDWGVA8SR8=
87,-137,eCmSbzybtIelefc5aTX6UDSPxAs=,doohFZsGrWltfKIDWMDWGVA8SR8=
85,-132,eCmSbzybtIelefc5aTX6UDSPxAs=,doohFZsGrWltfKIDWMDWGVA8SR8=
84,-132,eCmSbzybtIelefc5aTX6UDSPxAs=,doohFZsGrWltfKIDWMDWGVA8SR8=
80,-138,eCmSbzybtIelefc5aTX6UDSPxAs=,doohFZsGrWltfKIDWMDWGVA8SR8=
83,-132,eCmSbzybtIelefc5aTX6UDSPxAs=,doohFZsGrWltfKIDWMDWGVA8SR8=
82,-132,eCmSbzybtIelefc5aTX6UDSPxAs=,doohFZsGrWltfKIDWMDWGVA8SR8=
81,-132,eCmSbzybtIelefc5aTX6UDSPxAs=,doohFZsGrWltfKIDWMDWGVA8SR8=
80,-132,eCmSbzybtIelefc5aTX6UDSPxAs=,doohFZsGrWltfKIDWMDWGVA8SR8=
87,-133,eCmSbzybtIelefc5aTX6UDSPxAs=,doohFZsGrWltfKIDWMDWGVA8SR8=
86,-133,eCmSbzybtIelefc5aTX6UDSPxAs=,doohFZsGrWltfKIDWMDWGVA8SR8=
85,-133,eCmSbzybtIelefc5aTX6UDSPxAs=,doohFZsGrWltfKIDWMDWGVA8SR8=
84,-133,eCmSbzybtIelefc5aTX6UDSPxAs=,doohFZsGrWltfKIDWMDWGVA8SR8=
81,-143,eCmSbzybtIelefc5aTX6UDSPxAs=,doohFZsGrWltfKIDWMDWGVA8SR8=
83,-133,eCmSbzybtIelefc5aTX6UDSPxAs=,doohFZsGrWltfKIDWMDWGVA8SR8=
80,-131,eCmSbzybtIelefc5aTX6UDSPxAs=,doohFZsGrWltfKIDWMDWGVA8SR8=
81,-130,eCmSbzybtIelefc5aTX6UDSPxAs=,doohFZsGrWltfKIDWMDWGVA8SR8=
81,-131,eCmSbzybtIelefc5aTX6UDSPxAs=,doohFZsGrWltfKIDWMDWGVA8SR8=
86,-134,eCmSbzybtIelefc5aTX6UDSPxAs=,doohFZsGrWltfKIDWMDWGVA8SR8=
87,-134,eCmSbzybtIelefc5aTX6UDSPxAs=,doohFZsGrWltfKIDWMDWGVA8SR8=
85,-134,eCmSbzybtIelefc5aTX6UDSPxAs=,doohFZsGrWltfKIDWMDWGVA8SR8=
80,-130,eCmSbzybtIelefc5aTX6UDSPxAs=,doohFZsGrWltfKIDWMDWGVA8SR8=
84,-134,eCmSbzybtIelefc5aTX6UDSPxAs=,doohFZsGrWltfKIDWMDWGVA8SR8=
82,-134,eCmSbzybtIelefc5aTX6UDSPxAs=,doohFZsGrWltfKIDWMDWGVA8SR8=
83,-134,eCmSbzybtIelefc5aTX6UDSPxAs=,doohFZsGrWltfKIDWMDWGVA8SR8=
82,-133,eCmSbzybtIelefc5aTX6UDSPxAs=,doohFZsGrWltfKIDWMDWGVA8SR8=
81,-137,eCmSbzybtIelefc5aTX6UDSPxAs=,doohFZsGrWltfKIDWMDWGVA8SR8=
87,-135,eCmSbzybtIelefc5aTX6UDSPxAs=,doohFZsGrWltfKIDWMDWGVA8SR8=
86,-135,eCmSbzybtIelefc5aTX6UDSPxAs=,doohFZsGrWltfKIDWMDWGVA8SR8=
85,-135,eCmSbzybtIelefc5aTX6UDSPxAs=,doohFZsGrWltfKIDWMDWGVA8SR8=
83,-135,eCmSbzybtIelefc5aTX6UDSPxAs=,doohFZsGrWltfKIDWMDWGVA8SR8=
84,-135,eCmSbzybtIelefc5aTX6UDSPxAs=,doohFZsGrWltfKIDWMDWGVA8SR8=
81,-134,eCmSbzybtIelefc5aTX6UDSPxAs=,doohFZsGrWltfKIDWMDWGVA8SR8=
82,-135,eCmSbzybtIelefc5aTX6UDSPxAs=,doohFZsGrWltfKIDWMDWGVA8SR8=
87,-136,eCmSbzybtIelefc5aTX6UDSPxAs=,doohFZsGrWltfKIDWMDWGVA8SR8=
80,-133,eCmSbzybtIelefc5aTX6UDSPxAs=,doohFZsGrWltfKIDWMDWGVA8SR8=
86,-136,eCmSbzybtIelefc5aTX6UDSPxAs=,doohFZsGrWltfKIDWMDWGVA8SR8=
85,-136,eCmSbzybtIelefc5aTX6UDSPxAs=,doohFZsGrWltfKIDWMDWGVA8SR8=
84,-136,eCmSbzybtIelefc5aTX6UDSPxAs=,doohFZsGrWltfKIDWMDWGVA8SR8=
83,-136,eCmSbzybtIelefc5aTX6UDSPxAs=,doohFZsGrWltfKIDWMDWGVA8SR8=
82,-136,eCmSbzybtIelefc5aTX6UDSPxAs=,doohFZsGrWltfKIDWMDWGVA8SR8=
81,-133,eCmSbzybtIelefc5aTX6UDSPxAs=,doohFZsGrWltfKIDWMDWGVA8SR8=
80,-134,eCmSbzybtIelefc5aTX6UDSPxAs=,doohFZsGrWltfKIDWMDWGVA8SR8=
80,-129,eCmSbzybtIelefc5aTX6UDSPxAs=,doohFZsGrWltfKIDWMDWGVA8SR8=
82,-129,eCmSbzybtIelefc5aTX6UDSPxAs=,doohFZsGrWltfKIDWMDWGVA8SR8=
80,-137,eCmSbzybtIelefc5aTX6UDSPxAs=,doohFZsGrWltfKIDWMDWGVA8SR8=
80,-136,eCmSbzybtIelefc5aTX6UDSPxAs=,doohFZsGrWltfKIDWMDWGVA8SR8=
81,-129,eCmSbzybtIelefc5aTX6UDSPxAs=,doohFZsGrWltfKIDWMDWGVA8SR8=
80,-139,eCmSbzybtIelefc5aTX6UDSPxAs=,doohFZsGrWltfKIDWMDWGVA8SR8=
82,-143,eCmSbzybtIelefc5aTX6UDSPxAs=,doohFZsGrWltfKIDWMDWGVA8SR8=
81,-136,eCmSbzybtIelefc5aTX6UDSPxAs=,doohFZsGrWltfKIDWMDWGVA8SR8=
81,-135,eCmSbzybtIelefc5aTX6UDSPxAs=,doohFZsGrWltfKIDWMDWGVA8SR8=
80,-135,eCmSbzybtIelefc5aTX6UDSPxAs=,doohFZsGrWltfKIDWMDWGVA8SR8=
84,-145,MuBx/jAf3YSKk50JFKWyjs2Irfo=,doohFZsGrWltfKIDWMDWGVA8SR8=
83,-145,MuBx/jAf3YSKk50JFKWyjs2Irfo=,doohFZsGrWltfKIDWMDWGVA8SR8=
87,-146,MuBx/jAf3YSKk50JFKWyjs2Irfo=,doohFZsGrWltfKIDWMDWGVA8SR8=
86,-146,MuBx/jAf3YSKk50JFKWyjs2Irfo=,doohFZsGrWltfKIDWMDWGVA8SR8=
85,-146,MuBx/jAf3YSKk50JFKWyjs2Irfo=,doohFZsGrWltfKIDWMDWGVA8SR8=
80,-145,MuBx/jAf3YSKk50JFKWyjs2Irfo=,doohFZsGrWltfKIDWMDWGVA8SR8=
84,-146,MuBx/jAf3YSKk50JFKWyjs2Irfo=,doohFZsGrWltfKIDWMDWGVA8SR8=
83,-146,MuBx/jAf3YSKk50JFKWyjs2Irfo=,doohFZsGrWltfKIDWMDWGVA8SR8=
87,-147,MuBx/jAf3YSKk50JFKWyjs2Irfo=,doohFZsGrWltfKIDWMDWGVA8SR8=
85,-147,MuBx/jAf3YSKk50JFKWyjs2Irfo=,doohFZsGrWltfKIDWMDWGVA8SR8=
86,-147,MuBx/jAf3YSKk50JFKWyjs2Irfo=,doohFZsGrWltfKIDWMDWGVA8SR8=
84,-147,MuBx/jAf3YSKk50JFKWyjs2Irfo=,doohFZsGrWltfKIDWMDWGVA8SR8=
83,-147,MuBx/jAf3YSKk50JFKWyjs2Irfo=,doohFZsGrWltfKIDWMDWGVA8SR8=
86,-148,MuBx/jAf3YSKk50JFKWyjs2Irfo=,doohFZsGrWltfKIDWMDWGVA8SR8=
84,-148,MuBx/jAf3YSKk50JFKWyjs2Irfo=,doohFZsGrWltfKIDWMDWGVA8SR8=
85,-148,MuBx/jAf3YSKk50JFKWyjs2Irfo=,doohFZsGrWltfKIDWMDWGVA8SR8=
83,-148,MuBx/jAf3YSKk50JFKWyjs2Irfo=,doohFZsGrWltfKIDWMDWGVA8SR8=
81,-148,MuBx/jAf3YSKk50JFKWyjs2Irfo=,doohFZsGrWltfKIDWMDWGVA8SR8=
82,-148,MuBx/jAf3YSKk50JFKWyjs2Irfo=,doohFZsGrWltfKIDWMDWGVA8SR8=
87,-149,MuBx/jAf3YSKk50JFKWyjs2Irfo=,doohFZsGrWltfKIDWMDWGVA8SR8=
86,-149,MuBx/jAf3YSKk50JFKWyjs2Irfo=,doohFZsGrWltfKIDWMDWGVA8SR8=
85,-149,MuBx/jAf3YSKk50JFKWyjs2Irfo=,doohFZsGrWltfKIDWMDWGVA8SR8=
84,-149,MuBx/jAf3YSKk50JFKWyjs2Irfo=,doohFZsGrWltfKIDWMDWGVA8SR8=
83,-149,MuBx/jAf3YSKk50JFKWyjs2Irfo=,doohFZsGrWltfKIDWMDWGVA8SR8=
87,-148,MuBx/jAf3YSKk50JFKWyjs2Irfo=,doohFZsGrWltfKIDWMDWGVA8SR8=
81,-146,MuBx/jAf3YSKk50JFKWyjs2Irfo=,doohFZsGrWltfKIDWMDWGVA8SR8=
81,-145,MuBx/jAf3YSKk50JFKWyjs2Irfo=,doohFZsGrWltfKIDWMDWGVA8SR8=
82,-149,MuBx/jAf3YSKk50JFKWyjs2Irfo=,doohFZsGrWltfKIDWMDWGVA8SR8=
87,-150,MuBx/jAf3YSKk50JFKWyjs2Irfo=,doohFZsGrWltfKIDWMDWGVA8SR8=
85,-150,MuBx/jAf3YSKk50JFKWyjs2Irfo=,doohFZsGrWltfKIDWMDWGVA8SR8=
83,-150,MuBx/jAf3YSKk50JFKWyjs2Irfo=,doohFZsGrWltfKIDWMDWGVA8SR8=
80,-148,MuBx/jAf3YSKk50JFKWyjs2Irfo=,doohFZsGrWltfKIDWMDWGVA8SR8=
80,-149,MuBx/jAf3YSKk50JFKWyjs2Irfo=,doohFZsGrWltfKIDWMDWGVA8SR8=
81,-147,MuBx/jAf3YSKk50JFKWyjs2Irfo=,doohFZsGrWltfKIDWMDWGVA8SR8=
84,-150,MuBx/jAf3YSKk50JFKWyjs2Irfo=,doohFZsGrWltfKIDWMDWGVA8SR8=
87,-151,MuBx/jAf3YSKk50JFKWyjs2Irfo=,doohFZsGrWltfKIDWMDWGVA8SR8=
86,-151,MuBx/jAf3YSKk50JFKWyjs2Irfo=,doohFZsGrWltfKIDWMDWGVA8SR8=
85,-151,MuBx/jAf3YSKk50JFKWyjs2Irfo=,doohFZsGrWltfKIDWMDWGVA8SR8=
84,-151,MuBx/jAf3YSKk50JFKWyjs2Irfo=,doohFZsGrWltfKIDWMDWGVA8SR8=
83,-151,MuBx/jAf3YSKk50JFKWyjs2Irfo=,doohFZsGrWltfKIDWMDWGVA8SR8=
82,-146,MuBx/jAf3YSKk50JFKWyjs2Irfo=,doohFZsGrWltfKIDWMDWGVA8SR8=
81,-149,MuBx/jAf3YSKk50JFKWyjs2Irfo=,doohFZsGrWltfKIDWMDWGVA8SR8=
87,-145,MuBx/jAf3YSKk50JFKWyjs2Irfo=,doohFZsGrWltfKIDWMDWGVA8SR8=
80,-146,MuBx/jAf3YSKk50JFKWyjs2Irfo=,doohFZsGrWltfKIDWMDWGVA8SR8=
86,-145,MuBx/jAf3YSKk50JFKWyjs2Irfo=,doohFZsGrWltfKIDWMDWGVA8SR8=
86,-150,MuBx/jAf3YSKk50JFKWyjs2Irfo=,doohFZsGrWltfKIDWMDWGVA8SR8=
85,-145,MuBx/jAf3YSKk50JFKWyjs2Irfo=,doohFZsGrWltfKIDWMDWGVA8SR8=
82,-160,MuBx/jAf3YSKk50JFKWyjs2Irfo=,doohFZsGrWltfKIDWMDWGVA8SR8=
85,-153,MuBx/jAf3YSKk50JFKWyjs2Irfo=,doohFZsGrWltfKIDWMDWGVA8SR8=
83,-153,MuBx/jAf3YSKk50JFKWyjs2Irfo=,doohFZsGrWltfKIDWMDWGVA8SR8=
80,-147,MuBx/jAf3YSKk50JFKWyjs2Irfo=,doohFZsGrWltfKIDWMDWGVA8SR8=
80,-150,MuBx/jAf3YSKk50JFKWyjs2Irfo=,doohFZsGrWltfKIDWMDWGVA8SR8=
82,-150,MuBx/jAf3YSKk50JFKWyjs2Irfo=,doohFZsGrWltfKIDWMDWGVA8SR8=
85,-154,MuBx/jAf3YSKk50JFKWyjs2Irfo=,doohFZsGrWltfKIDWMDWGVA8SR8=
87,-160,MuBx/jAf3YSKk50JFKWyjs2Irfo=,doohFZsGrWltfKIDWMDWGVA8SR8=
81,-156,MuBx/jAf3YSKk50JFKWyjs2Irfo=,doohFZsGrWltfKIDWMDWGVA8SR8=
82,-151,MuBx/jAf3YSKk50JFKWyjs2Irfo=,doohFZsGrWltfKIDWMDWGVA8SR8=
87,-155,MuBx/jAf3YSKk50JFKWyjs2Irfo=,doohFZsGrWltfKIDWMDWGVA8SR8=
82,-153,MuBx/jAf3YSKk50JFKWyjs2Irfo=,doohFZsGrWltfKIDWMDWGVA8SR8=
81,-150,MuBx/jAf3YSKk50JFKWyjs2Irfo=,doohFZsGrWltfKIDWMDWGVA8SR8=
80,-151,MuBx/jAf3YSKk50JFKWyjs2Irfo=,doohFZsGrWltfKIDWMDWGVA8SR8=
86,-160,MuBx/jAf3YSKk50JFKWyjs2Irfo=,doohFZsGrWltfKIDWMDWGVA8SR8=
86,-154,MuBx/jAf3YSKk50JFKWyjs2Irfo=,doohFZsGrWltfKIDWMDWGVA8SR8=
87,-154,MuBx/jAf3YSKk50JFKWyjs2Irfo=,doohFZsGrWltfKIDWMDWGVA8SR8=
84,-154,MuBx/jAf3YSKk50JFKWyjs2Irfo=,doohFZsGrWltfKIDWMDWGVA8SR8=
85,-160,MuBx/jAf3YSKk50JFKWyjs2Irfo=,doohFZsGrWltfKIDWMDWGVA8SR8=
83,-159,MuBx/jAf3YSKk50JFKWyjs2Irfo=,doohFZsGrWltfKIDWMDWGVA8SR8=
82,-159,MuBx/jAf3YSKk50JFKWyjs2Irfo=,doohFZsGrWltfKIDWMDWGVA8SR8=
82,-145,MuBx/jAf3YSKk50JFKWyjs2Irfo=,doohFZsGrWltfKIDWMDWGVA8SR8=
80,-158,MuBx/jAf3YSKk50JFKWyjs2Irfo=,doohFZsGrWltfKIDWMDWGVA8SR8=
87,-158,MuBx/jAf3YSKk50JFKWyjs2Irfo=,doohFZsGrWltfKIDWMDWGVA8SR8=
86,-158,MuBx/jAf3YSKk50JFKWyjs2Irfo=,doohFZsGrWltfKIDWMDWGVA8SR8=
85,-158,MuBx/jAf3YSKk50JFKWyjs2Irfo=,doohFZsGrWltfKIDWMDWGVA8SR8=
83,-154,MuBx/jAf3YSKk50JFKWyjs2Irfo=,doohFZsGrWltfKIDWMDWGVA8SR8=
81,-151,MuBx/jAf3YSKk50JFKWyjs2Irfo=,doohFZsGrWltfKIDWMDWGVA8SR8=
86,-155,MuBx/jAf3YSKk50JFKWyjs2Irfo=,doohFZsGrWltfKIDWMDWGVA8SR8=
84,-158,MuBx/jAf3YSKk50JFKWyjs2Irfo=,doohFZsGrWltfKIDWMDWGVA8SR8=
83,-158,MuBx/jAf3YSKk50JFKWyjs2Irfo=,doohFZsGrWltfKIDWMDWGVA8SR8=
82,-156,MuBx/jAf3YSKk50JFKWyjs2Irfo=,doohFZsGrWltfKIDWMDWGVA8SR8=
86,-153,MuBx/jAf3YSKk50JFKWyjs2Irfo=,doohFZsGrWltfKIDWMDWGVA8SR8=
84,-159,MuBx/jAf3YSKk50JFKWyjs2Irfo=,doohFZsGrWltfKIDWMDWGVA8SR8=
83,-156,MuBx/jAf3YSKk50JFKWyjs2Irfo=,doohFZsGrWltfKIDWMDWGVA8SR8=
84,-156,MuBx/jAf3YSKk50JFKWyjs2Irfo=,doohFZsGrWltfKIDWMDWGVA8SR8=
80,-156,MuBx/jAf3YSKk50JFKWyjs2Irfo=,doohFZsGrWltfKIDWMDWGVA8SR8=
84,-153,MuBx/jAf3YSKk50JFKWyjs2Irfo=,doohFZsGrWltfKIDWMDWGVA8SR8=
87,-157,MuBx/jAf3YSKk50JFKWyjs2Irfo=,doohFZsGrWltfKIDWMDWGVA8SR8=
80,-157,MuBx/jAf3YSKk50JFKWyjs2Irfo=,doohFZsGrWltfKIDWMDWGVA8SR8=
82,-147,MuBx/jAf3YSKk50JFKWyjs2Irfo=,doohFZsGrWltfKIDWMDWGVA8SR8=
86,-157,MuBx/jAf3YSKk50JFKWyjs2Irfo=,doohFZsGrWltfKIDWMDWGVA8SR8=
81,-153,MuBx/jAf3YSKk50JFKWyjs2Irfo=,doohFZsGrWltfKIDWMDWGVA8SR8=
85,-155,MuBx/jAf3YSKk50JFKWyjs2Irfo=,doohFZsGrWltfKIDWMDWGVA8SR8=
85,-157,MuBx/jAf3YSKk50JFKWyjs2Irfo=,doohFZsGrWltfKIDWMDWGVA8SR8=
84,-155,MuBx/jAf3YSKk50JFKWyjs2Irfo=,doohFZsGrWltfKIDWMDWGVA8SR8=
87,-159,MuBx/jAf3YSKk50JFKWyjs2Irfo=,doohFZsGrWltfKIDWMDWGVA8SR8=
84,-157,MuBx/jAf3YSKk50JFKWyjs2Irfo=,doohFZsGrWltfKIDWMDWGVA8SR8=
83,-157,MuBx/jAf3YSKk50JFKWyjs2Irfo=,doohFZsGrWltfKIDWMDWGVA8SR8=
84,-160,MuBx/jAf3YSKk50JFKWyjs2Irfo=,doohFZsGrWltfKIDWMDWGVA8SR8=
83,-155,MuBx/jAf3YSKk50JFKWyjs2Irfo=,doohFZsGrWltfKIDWMDWGVA8SR8=
81,-159,MuBx/jAf3YSKk50JFKWyjs2Irfo=,doohFZsGrWltfKIDWMDWGVA8SR8=
86,-159,MuBx/jAf3YSKk50JFKWyjs2Irfo=,doohFZsGrWltfKIDWMDWGVA8SR8=
80,-159,MuBx/jAf3YSKk50JFKWyjs2Irfo=,doohFZsGrWltfKIDWMDWGVA8SR8=
83,-160,MuBx/jAf3YSKk50JFKWyjs2Irfo=,doohFZsGrWltfKIDWMDWGVA8SR8=
85,-159,MuBx/jAf3YSKk50JFKWyjs2Irfo=,doohFZsGrWltfKIDWMDWGVA8SR8=
87,-152,MuBx/jAf3YSKk50JFKWyjs2Irfo=,doohFZsGrWltfKIDWMDWGVA8SR8=
86,-152,MuBx/jAf3YSKk50JFKWyjs2Irfo=,doohFZsGrWltfKIDWMDWGVA8SR8=
81,-158,MuBx/jAf3YSKk50JFKWyjs2Irfo=,doohFZsGrWltfKIDWMDWGVA8SR8=
82,-155,MuBx/jAf3YSKk50JFKWyjs2Irfo=,doohFZsGrWltfKIDWMDWGVA8SR8=
87,-156,MuBx/jAf3YSKk50JFKWyjs2Irfo=,doohFZsGrWltfKIDWMDWGVA8SR8=
85,-152,MuBx/jAf3YSKk50JFKWyjs2Irfo=,doohFZsGrWltfKIDWMDWGVA8SR8=
84,-152,MuBx/jAf3YSKk50JFKWyjs2Irfo=,doohFZsGrWltfKIDWMDWGVA8SR8=
83,-152,MuBx/jAf3YSKk50JFKWyjs2Irfo=,doohFZsGrWltfKIDWMDWGVA8SR8=
82,-154,MuBx/jAf3YSKk50JFKWyjs2Irfo=,doohFZsGrWltfKIDWMDWGVA8SR8=
80,-153,MuBx/jAf3YSKk50JFKWyjs2Irfo=,doohFZsGrWltfKIDWMDWGVA8SR8=
81,-160,MuBx/jAf3YSKk50JFKWyjs2Irfo=,doohFZsGrWltfKIDWMDWGVA8SR8=
86,-156,MuBx/jAf3YSKk50JFKWyjs2Irfo=,doohFZsGrWltfKIDWMDWGVA8SR8=
87,-153,MuBx/jAf3YSKk50JFKWyjs2Irfo=,doohFZsGrWltfKIDWMDWGVA8SR8=
85,-156,MuBx/jAf3YSKk50JFKWyjs2Irfo=,doohFZsGrWltfKIDWMDWGVA8SR8=
80,-152,MuBx/jAf3YSKk50JFKWyjs2Irfo=,doohFZsGrWltfKIDWMDWGVA8SR8=
81,-157,MuBx/jAf3YSKk50JFKWyjs2Irfo=,doohFZsGrWltfKIDWMDWGVA8SR8=
80,-155,MuBx/jAf3YSKk50JFKWyjs2Irfo=,doohFZsGrWltfKIDWMDWGVA8SR8=
82,-158,MuBx/jAf3YSKk50JFKWyjs2Irfo=,doohFZsGrWltfKIDWMDWGVA8SR8=
81,-155,MuBx/jAf3YSKk50JFKWyjs2Irfo=,doohFZsGrWltfKIDWMDWGVA8SR8=
80,-154,MuBx/jAf3YSKk50JFKWyjs2Irfo=,doohFZsGrWltfKIDWMDWGVA8SR8=
80,-160,MuBx/jAf3YSKk50JFKWyjs2Irfo=,doohFZsGrWltfKIDWMDWGVA8SR8=
82,-157,MuBx/jAf3YSKk50JFKWyjs2Irfo=,doohFZsGrWltfKIDWMDWGVA8SR8=
82,-152,MuBx/jAf3YSKk50JFKWyjs2Irfo=,doohFZsGrWltfKIDWMDWGVA8SR8=
81,-154,MuBx/jAf3YSKk50JFKWyjs2Irfo=,doohFZsGrWltfKIDWMDWGVA8SR8=
81,-152,MuBx/jAf3YSKk50JFKWyjs2Irfo=,doohFZsGrWltfKIDWMDWGVA8SR8=
75,-145,XVDlrZNUq/nZWdB3SKIiLxwQLdk=,doohFZsGrWltfKIDWMDWGVA8SR8=
73,-148,XVDlrZNUq/nZWdB3SKIiLxwQLdk=,doohFZsGrWltfKIDWMDWGVA8SR8=
73,-151,XVDlrZNUq/nZWdB3SKIiLxwQLdk=,doohFZsGrWltfKIDWMDWGVA8SR8=
76,-146,XVDlrZNUq/nZWdB3SKIiLxwQLdk=,doohFZsGrWltfKIDWMDWGVA8SR8=
72,-148,XVDlrZNUq/nZWdB3SKIiLxwQLdk=,doohFZsGrWltfKIDWMDWGVA8SR8=
72,-151,XVDlrZNUq/nZWdB3SKIiLxwQLdk=,doohFZsGrWltfKIDWMDWGVA8SR8=
74,-145,XVDlrZNUq/nZWdB3SKIiLxwQLdk=,doohFZsGrWltfKIDWMDWGVA8SR8=
77,-146,XVDlrZNUq/nZWdB3SKIiLxwQLdk=,doohFZsGrWltfKIDWMDWGVA8SR8=
78,-146,XVDlrZNUq/nZWdB3SKIiLxwQLdk=,doohFZsGrWltfKIDWMDWGVA8SR8=
76,-145,XVDlrZNUq/nZWdB3SKIiLxwQLdk=,doohFZsGrWltfKIDWMDWGVA8SR8=
79,-146,XVDlrZNUq/nZWdB3SKIiLxwQLdk=,doohFZsGrWltfKIDWMDWGVA8SR8=
78,-147,XVDlrZNUq/nZWdB3SKIiLxwQLdk=,doohFZsGrWltfKIDWMDWGVA8SR8=
79,-147,XVDlrZNUq/nZWdB3SKIiLxwQLdk=,doohFZsGrWltfKIDWMDWGVA8SR8=
77,-145,XVDlrZNUq/nZWdB3SKIiLxwQLdk=,doohFZsGrWltfKIDWMDWGVA8SR8=
72,-145,XVDlrZNUq/nZWdB3SKIiLxwQLdk=,doohFZsGrWltfKIDWMDWGVA8SR8=
74,-151,XVDlrZNUq/nZWdB3SKIiLxwQLdk=,doohFZsGrWltfKIDWMDWGVA8SR8=
75,-146,XVDlrZNUq/nZWdB3SKIiLxwQLdk=,doohFZsGrWltfKIDWMDWGVA8SR8=
78,-145,XVDlrZNUq/nZWdB3SKIiLxwQLdk=,doohFZsGrWltfKIDWMDWGVA8SR8=
72,-147,XVDlrZNUq/nZWdB3SKIiLxwQLdk=,doohFZsGrWltfKIDWMDWGVA8SR8=
79,-145,XVDlrZNUq/nZWdB3SKIiLxwQLdk=,doohFZsGrWltfKIDWMDWGVA8SR8=
74,-150,XVDlrZNUq/nZWdB3SKIiLxwQLdk=,doohFZsGrWltfKIDWMDWGVA8SR8=
75,-150,XVDlrZNUq/nZWdB3SKIiLxwQLdk=,doohFZsGrWltfKIDWMDWGVA8SR8=
76,-150,XVDlrZNUq/nZWdB3SKIiLxwQLdk=,doohFZsGrWltfKIDWMDWGVA8SR8=
74,-148,XVDlrZNUq/nZWdB3SKIiLxwQLdk=,doohFZsGrWltfKIDWMDWGVA8SR8=
77,-150,XVDlrZNUq/nZWdB3SKIiLxwQLdk=,doohFZsGrWltfKIDWMDWGVA8SR8=
78,-150,XVDlrZNUq/nZWdB3SKIiLxwQLdk=,doohFZsGrWltfKIDWMDWGVA8SR8=
79,-150,XVDlrZNUq/nZWdB3SKIiLxwQLdk=,doohFZsGrWltfKIDWMDWGVA8SR8=
75,-148,XVDlrZNUq/nZWdB3SKIiLxwQLdk=,doohFZsGrWltfKIDWMDWGVA8SR8=
76,-148,XVDlrZNUq/nZWdB3SKIiLxwQLdk=,doohFZsGrWltfKIDWMDWGVA8SR8=
73,-150,XVDlrZNUq/nZWdB3SKIiLxwQLdk=,doohFZsGrWltfKIDWMDWGVA8SR8=
76,-151,XVDlrZNUq/nZWdB3SKIiLxwQLdk=,doohFZsGrWltfKIDWMDWGVA8SR8=
72,-149,XVDlrZNUq/nZWdB3SKIiLxwQLdk=,doohFZsGrWltfKIDWMDWGVA8SR8=
72,-150,XVDlrZNUq/nZWdB3SKIiLxwQLdk=,doohFZsGrWltfKIDWMDWGVA8SR8=
79,-149,XVDlrZNUq/nZWdB3SKIiLxwQLdk=,doohFZsGrWltfKIDWMDWGVA8SR8=
76,-149,XVDlrZNUq/nZWdB3SKIiLxwQLdk=,doohFZsGrWltfKIDWMDWGVA8SR8=
78,-149,XVDlrZNUq/nZWdB3SKIiLxwQLdk=,doohFZsGrWltfKIDWMDWGVA8SR8=
77,-149,XVDlrZNUq/nZWdB3SKIiLxwQLdk=,doohFZsGrWltfKIDWMDWGVA8SR8=
79,-151,XVDlrZNUq/nZWdB3SKIiLxwQLdk=,doohFZsGrWltfKIDWMDWGVA8SR8=
76,-147,XVDlrZNUq/nZWdB3SKIiLxwQLdk=,doohFZsGrWltfKIDWMDWGVA8SR8=
75,-147,XVDlrZNUq/nZWdB3SKIiLxwQLdk=,doohFZsGrWltfKIDWMDWGVA8SR8=
74,-147,XVDlrZNUq/nZWdB3SKIiLxwQLdk=,doohFZsGrWltfKIDWMDWGVA8SR8=
78,-151,XVDlrZNUq/nZWdB3SKIiLxwQLdk=,doohFZsGrWltfKIDWMDWGVA8SR8=
74,-146,XVDlrZNUq/nZWdB3SKIiLxwQLdk=,doohFZsGrWltfKIDWMDWGVA8SR8=
73,-147,XVDlrZNUq/nZWdB3SKIiLxwQLdk=,doohFZsGrWltfKIDWMDWGVA8SR8=
73,-145,XVDlrZNUq/nZWdB3SKIiLxwQLdk=,doohFZsGrWltfKIDWMDWGVA8SR8=
73,-146,XVDlrZNUq/nZWdB3SKIiLxwQLdk=,doohFZsGrWltfKIDWMDWGVA8SR8=
74,-149,XVDlrZNUq/nZWdB3SKIiLxwQLdk=,doohFZsGrWltfKIDWMDWGVA8SR8=
72,-146,XVDlrZNUq/nZWdB3SKIiLxwQLdk=,doohFZsGrWltfKIDWMDWGVA8SR8=
77,-148,XVDlrZNUq/nZWdB3SKIiLxwQLdk=,doohFZsGrWltfKIDWMDWGVA8SR8=
73,-149,XVDlrZNUq/nZWdB3SKIiLxwQLdk=,doohFZsGrWltfKIDWMDWGVA8SR8=
77,-151,XVDlrZNUq/nZWdB3SKIiLxwQLdk=,doohFZsGrWltfKIDWMDWGVA8SR8=
75,-149,XVDlrZNUq/nZWdB3SKIiLxwQLdk=,doohFZsGrWltfKIDWMDWGVA8SR8=
72,-152,XVDlrZNUq/nZWdB3SKIiLxwQLdk=,doohFZsGrWltfKIDWMDWGVA8SR8=
72,-160,XVDlrZNUq/nZWdB3SKIiLxwQLdk=,doohFZsGrWltfKIDWMDWGVA8SR8=
73,-160,XVDlrZNUq/nZWdB3SKIiLxwQLdk=,doohFZsGrWltfKIDWMDWGVA8SR8=
74,-153,XVDlrZNUq/nZWdB3SKIiLxwQLdk=,doohFZsGrWltfKIDWMDWGVA8SR8=
73,-153,XVDlrZNUq/nZWdB3SKIiLxwQLdk=,doohFZsGrWltfKIDWMDWGVA8SR8=
72,-153,XVDlrZNUq/nZWdB3SKIiLxwQLdk=,doohFZsGrWltfKIDWMDWGVA8SR8=
78,-154,XVDlrZNUq/nZWdB3SKIiLxwQLdk=,doohFZsGrWltfKIDWMDWGVA8SR8=
77,-147,XVDlrZNUq/nZWdB3SKIiLxwQLdk=,doohFZsGrWltfKIDWMDWGVA8SR8=
74,-154,XVDlrZNUq/nZWdB3SKIiLxwQLdk=,doohFZsGrWltfKIDWMDWGVA8SR8=
73,-154,XVDlrZNUq/nZWdB3SKIiLxwQLdk=,doohFZsGrWltfKIDWMDWGVA8SR8=
72,-154,XVDlrZNUq/nZWdB3SKIiLxwQLdk=,doohFZsGrWltfKIDWMDWGVA8SR8=
76,-153,XVDlrZNUq/nZWdB3SKIiLxwQLdk=,doohFZsGrWltfKIDWMDWGVA8SR8=
74,-160,XVDlrZNUq/nZWdB3SKIiLxwQLdk=,doohFZsGrWltfKIDWMDWGVA8SR8=
75,-160,XVDlrZNUq/nZWdB3SKIiLxwQLdk=,doohFZsGrWltfKIDWMDWGVA8SR8=
76,-160,XVDlrZNUq/nZWdB3SKIiLxwQLdk=,doohFZsGrWltfKIDWMDWGVA8SR8=
74,-152,XVDlrZNUq/nZWdB3SKIiLxwQLdk=,doohFZsGrWltfKIDWMDWGVA8SR8=
75,-151,XVDlrZNUq/nZWdB3SKIiLxwQLdk=,doohFZsGrWltfKIDWMDWGVA8SR8=
78,-148,XVDlrZNUq/nZWdB3SKIiLxwQLdk=,doohFZsGrWltfKIDWMDWGVA8SR8=
77,-153,XVDlrZNUq/nZWdB3SKIiLxwQLdk=,doohFZsGrWltfKIDWMDWGVA8SR8=
77,-160,XVDlrZNUq/nZWdB3SKIiLxwQLdk=,doohFZsGrWltfKIDWMDWGVA8SR8=
79,-148,XVDlrZNUq/nZWdB3SKIiLxwQLdk=,doohFZsGrWltfKIDWMDWGVA8SR8=
76,-154,XVDlrZNUq/nZWdB3SKIiLxwQLdk=,doohFZsGrWltfKIDWMDWGVA8SR8=
79,-155,XVDlrZNUq/nZWdB3SKIiLxwQLdk=,doohFZsGrWltfKIDWMDWGVA8SR8=
75,-155,XVDlrZNUq/nZWdB3SKIiLxwQLdk=,doohFZsGrWltfKIDWMDWGVA8SR8=
74,-155,XVDlrZNUq/nZWdB3SKIiLxwQLdk=,doohFZsGrWltfKIDWMDWGVA8SR8=
73,-155,XVDlrZNUq/nZWdB3SKIiLxwQLdk=,doohFZsGrWltfKIDWMDWGVA8SR8=
72,-155,XVDlrZNUq/nZWdB3SKIiLxwQLdk=,doohFZsGrWltfKIDWMDWGVA8SR8=
73,-152,XVDlrZNUq/nZWdB3SKIiLxwQLdk=,doohFZsGrWltfKIDWMDWGVA8SR8=
79,-152,XVDlrZNUq/nZWdB3SKIiLxwQLdk=,doohFZsGrWltfKIDWMDWGVA8SR8=
77,-154,XVDlrZNUq/nZWdB3SKIiLxwQLdk=,doohFZsGrWltfKIDWMDWGVA8SR8=
78,-160,XVDlrZNUq/nZWdB3SKIiLxwQLdk=,doohFZsGrWltfKIDWMDWGVA8SR8=
75,-156,XVDlrZNUq/nZWdB3SKIiLxwQLdk=,doohFZsGrWltfKIDWMDWGVA8SR8=
75,-153,XVDlrZNUq/nZWdB3SKIiLxwQLdk=,doohFZsGrWltfKIDWMDWGVA8SR8=
75,-154,XVDlrZNUq/nZWdB3SKIiLxwQLdk=,doohFZsGrWltfKIDWMDWGVA8SR8=
74,-156,XVDlrZNUq/nZWdB3SKIiLxwQLdk=,doohFZsGrWltfKIDWMDWGVA8SR8=
73,-156,XVDlrZNUq/nZWdB3SKIiLxwQLdk=,doohFZsGrWltfKIDWMDWGVA8SR8=
72,-156,XVDlrZNUq/nZWdB3SKIiLxwQLdk=,doohFZsGrWltfKIDWMDWGVA8SR8=
77,-156,XVDlrZNUq/nZWdB3SKIiLxwQLdk=,doohFZsGrWltfKIDWMDWGVA8SR8=
79,-156,XVDlrZNUq/nZWdB3SKIiLxwQLdk=,doohFZsGrWltfKIDWMDWGVA8SR8=
77,-152,XVDlrZNUq/nZWdB3SKIiLxwQLdk=,doohFZsGrWltfKIDWMDWGVA8SR8=
78,-152,XVDlrZNUq/nZWdB3SKIiLxwQLdk=,doohFZsGrWltfKIDWMDWGVA8SR8=
76,-155,XVDlrZNUq/nZWdB3SKIiLxwQLdk=,doohFZsGrWltfKIDWMDWGVA8SR8=
77,-155,XVDlrZNUq/nZWdB3SKIiLxwQLdk=,doohFZsGrWltfKIDWMDWGVA8SR8=
76,-156,XVDlrZNUq/nZWdB3SKIiLxwQLdk=,doohFZsGrWltfKIDWMDWGVA8SR8=
78,-156,XVDlrZNUq/nZWdB3SKIiLxwQLdk=,doohFZsGrWltfKIDWMDWGVA8SR8=
74,-157,XVDlrZNUq/nZWdB3SKIiLxwQLdk=,doohFZsGrWltfKIDWMDWGVA8SR8=
73,-157,XVDlrZNUq/nZWdB3SKIiLxwQLdk=,doohFZsGrWltfKIDWMDWGVA8SR8=
72,-157,XVDlrZNUq/nZWdB3SKIiLxwQLdk=,doohFZsGrWltfKIDWMDWGVA8SR8=
79,-157,XVDlrZNUq/nZWdB3SKIiLxwQLdk=,doohFZsGrWltfKIDWMDWGVA8SR8=
79,-160,XVDlrZNUq/nZWdB3SKIiLxwQLdk=,doohFZsGrWltfKIDWMDWGVA8SR8=
73,-159,XVDlrZNUq/nZWdB3SKIiLxwQLdk=,doohFZsGrWltfKIDWMDWGVA8SR8=
74,-159,XVDlrZNUq/nZWdB3SKIiLxwQLdk=,doohFZsGrWltfKIDWMDWGVA8SR8=
72,-159,XVDlrZNUq/nZWdB3SKIiLxwQLdk=,doohFZsGrWltfKIDWMDWGVA8SR8=
75,-157,XVDlrZNUq/nZWdB3SKIiLxwQLdk=,doohFZsGrWltfKIDWMDWGVA8SR8=
76,-152,XVDlrZNUq/nZWdB3SKIiLxwQLdk=,doohFZsGrWltfKIDWMDWGVA8SR8=
78,-153,XVDlrZNUq/nZWdB3SKIiLxwQLdk=,doohFZsGrWltfKIDWMDWGVA8SR8=
76,-157,XVDlrZNUq/nZWdB3SKIiLxwQLdk=,doohFZsGrWltfKIDWMDWGVA8SR8=
77,-157,XVDlrZNUq/nZWdB3SKIiLxwQLdk=,doohFZsGrWltfKIDWMDWGVA8SR8=
74,-158,XVDlrZNUq/nZWdB3SKIiLxwQLdk=,doohFZsGrWltfKIDWMDWGVA8SR8=
73,-158,XVDlrZNUq/nZWdB3SKIiLxwQLdk=,doohFZsGrWltfKIDWMDWGVA8SR8=
72,-158,XVDlrZNUq/nZWdB3SKIiLxwQLdk=,doohFZsGrWltfKIDWMDWGVA8SR8=
78,-157,XVDlrZNUq/nZWdB3SKIiLxwQLdk=,doohFZsGrWltfKIDWMDWGVA8SR8=
79,-158,XVDlrZNUq/nZWdB3SKIiLxwQLdk=,doohFZsGrWltfKIDWMDWGVA8SR8=
77,-158,XVDlrZNUq/nZWdB3SKIiLxwQLdk=,doohFZsGrWltfKIDWMDWGVA8SR8=
79,-154,XVDlrZNUq/nZWdB3SKIiLxwQLdk=,doohFZsGrWltfKIDWMDWGVA8SR8=
75,-159,XVDlrZNUq/nZWdB3SKIiLxwQLdk=,doohFZsGrWltfKIDWMDWGVA8SR8=
75,-158,XVDlrZNUq/nZWdB3SKIiLxwQLdk=,doohFZsGrWltfKIDWMDWGVA8SR8=
77,-159,XVDlrZNUq/nZWdB3SKIiLxwQLdk=,doohFZsGrWltfKIDWMDWGVA8SR8=
78,-158,XVDlrZNUq/nZWdB3SKIiLxwQLdk=,doohFZsGrWltfKIDWMDWGVA8SR8=
76,-159,XVDlrZNUq/nZWdB3SKIiLxwQLdk=,doohFZsGrWltfKIDWMDWGVA8SR8=
76,-158,XVDlrZNUq/nZWdB3SKIiLxwQLdk=,doohFZsGrWltfKIDWMDWGVA8SR8=
78,-159,XVDlrZNUq/nZWdB3SKIiLxwQLdk=,doohFZsGrWltfKIDWMDWGVA8SR8=
75,-152,XVDlrZNUq/nZWdB3SKIiLxwQLdk=,doohFZsGrWltfKIDWMDWGVA8SR8=
79,-159,XVDlrZNUq/nZWdB3SKIiLxwQLdk=,doohFZsGrWltfKIDWMDWGVA8SR8=
79,-153,XVDlrZNUq/nZWdB3SKIiLxwQLdk=,doohFZsGrWltfKIDWMDWGVA8SR8=
78,-155,XVDlrZNUq/nZWdB3SKIiLxwQLdk=,doohFZsGrWltfKIDWMDWGVA8SR8=
76,-141,XVDlrZNUq/nZWdB3SKIiLxwQLdk=,doohFZsGrWltfKIDWMDWGVA8SR8=
74,-141,XVDlrZNUq/nZWdB3SKIiLxwQLdk=,doohFZsGrWltfKIDWMDWGVA8SR8=
73,-141,XVDlrZNUq/nZWdB3SKIiLxwQLdk=,doohFZsGrWltfKIDWMDWGVA8SR8=
72,-141,XVDlrZNUq/nZWdB3SKIiLxwQLdk=,doohFZsGrWltfKIDWMDWGVA8SR8=
77,-142,XVDlrZNUq/nZWdB3SKIiLxwQLdk=,doohFZsGrWltfKIDWMDWGVA8SR8=
74,-142,7TJyBqb+SY+0ztRCqw2+tWAgKY0=,doohFZsGrWltfKIDWMDWGVA8SR8=
78,-142,7TJyBqb+SY+0ztRCqw2+tWAgKY0=,doohFZsGrWltfKIDWMDWGVA8SR8=
73,-142,7TJyBqb+SY+0ztRCqw2+tWAgKY0=,doohFZsGrWltfKIDWMDWGVA8SR8=
79,-142,7TJyBqb+SY+0ztRCqw2+tWAgKY0=,doohFZsGrWltfKIDWMDWGVA8SR8=
72,-142,7TJyBqb+SY+0ztRCqw2+tWAgKY0=,doohFZsGrWltfKIDWMDWGVA8SR8=
79,-143,7TJyBqb+SY+0ztRCqw2+tWAgKY0=,doohFZsGrWltfKIDWMDWGVA8SR8=
78,-143,7TJyBqb+SY+0ztRCqw2+tWAgKY0=,doohFZsGrWltfKIDWMDWGVA8SR8=
76,-131,7TJyBqb+SY+0ztRCqw2+tWAgKY0=,doohFZsGrWltfKIDWMDWGVA8SR8=
76,-138,7TJyBqb+SY+0ztRCqw2+tWAgKY0=,doohFZsGrWltfKIDWMDWGVA8SR8=
74,-135,7TJyBqb+SY+0ztRCqw2+tWAgKY0=,doohFZsGrWltfKIDWMDWGVA8SR8=
72,-134,7TJyBqb+SY+0ztRCqw2+tWAgKY0=,doohFZsGrWltfKIDWMDWGVA8SR8=
76,-142,7TJyBqb+SY+0ztRCqw2+tWAgKY0=,doohFZsGrWltfKIDWMDWGVA8SR8=
75,-135,7TJyBqb+SY+0ztRCqw2+tWAgKY0=,doohFZsGrWltfKIDWMDWGVA8SR8=
72,-136,7TJyBqb+SY+0ztRCqw2+tWAgKY0=,doohFZsGrWltfKIDWMDWGVA8SR8=
75,-141,7TJyBqb+SY+0ztRCqw2+tWAgKY0=,doohFZsGrWltfKIDWMDWGVA8SR8=
79,-135,7TJyBqb+SY+0ztRCqw2+tWAgKY0=,doohFZsGrWltfKIDWMDWGVA8SR8=
77,-138,7TJyBqb+SY+0ztRCqw2+tWAgKY0=,doohFZsGrWltfKIDWMDWGVA8SR8=
77,-133,7TJyBqb+SY+0ztRCqw2+tWAgKY0=,doohFZsGrWltfKIDWMDWGVA8SR8=
79,-138,7TJyBqb+SY+0ztRCqw2+tWAgKY0=,doohFZsGrWltfKIDWMDWGVA8SR8=
77,-143,7TJyBqb+SY+0ztRCqw2+tWAgKY0=,doohFZsGrWltfKIDWMDWGVA8SR8=
75,-142,7TJyBqb+SY+0ztRCqw2+tWAgKY0=,doohFZsGrWltfKIDWMDWGVA8SR8=
77,-131,7TJyBqb+SY+0ztRCqw2+tWAgKY0=,doohFZsGrWltfKIDWMDWGVA8SR8=
79,-137,7TJyBqb+SY+0ztRCqw2+tWAgKY0=,doohFZsGrWltfKIDWMDWGVA8SR8=
77,-132,7TJyBqb+SY+0ztRCqw2+tWAgKY0=,doohFZsGrWltfKIDWMDWGVA8SR8=
74,-137,7TJyBqb+SY+0ztRCqw2+tWAgKY0=,doohFZsGrWltfKIDWMDWGVA8SR8=
75,-137,7TJyBqb+SY+0ztRCqw2+tWAgKY0=,doohFZsGrWltfKIDWMDWGVA8SR8=
76,-132,7TJyBqb+SY+0ztRCqw2+tWAgKY0=,doohFZsGrWltfKIDWMDWGVA8SR8=
76,-135,7TJyBqb+SY+0ztRCqw2+tWAgKY0=,doohFZsGrWltfKIDWMDWGVA8SR8=
78,-137,7TJyBqb+SY+0ztRCqw2+tWAgKY0=,doohFZsGrWltfKIDWMDWGVA8SR8=
75,-131,7TJyBqb+SY+0ztRCqw2+tWAgKY0=,doohFZsGrWltfKIDWMDWGVA8SR8=
77,-137,7TJyBqb+SY+0ztRCqw2+tWAgKY0=,doohFZsGrWltfKIDWMDWGVA8SR8=
73,-137,7TJyBqb+SY+0ztRCqw2+tWAgKY0=,doohFZsGrWltfKIDWMDWGVA8SR8=
72,-137,7TJyBqb+SY+0ztRCqw2+tWAgKY0=,doohFZsGrWltfKIDWMDWGVA8SR8=
78,-138,7TJyBqb+SY+0ztRCqw2+tWAgKY0=,doohFZsGrWltfKIDWMDWGVA8SR8=
76,-137,7TJyBqb+SY+0ztRCqw2+tWAgKY0=,doohFZsGrWltfKIDWMDWGVA8SR8=
75,-132,7TJyBqb+SY+0ztRCqw2+tWAgKY0=,doohFZsGrWltfKIDWMDWGVA8SR8=
76,-143,7TJyBqb+SY+0ztRCqw2+tWAgKY0=,doohFZsGrWltfKIDWMDWGVA8SR8=
73,-131,7TJyBqb+SY+0ztRCqw2+tWAgKY0=,doohFZsGrWltfKIDWMDWGVA8SR8=
74,-132,7TJyBqb+SY+0ztRCqw2+tWAgKY0=,doohFZsGrWltfKIDWMDWGVA8SR8=
72,-131,7TJyBqb+SY+0ztRCqw2+tWAgKY0=,doohFZsGrWltfKIDWMDWGVA8SR8=
73,-133,7TJyBqb+SY+0ztRCqw2+tWAgKY0=,doohFZsGrWltfKIDWMDWGVA8SR8=
76,-133,7TJyBqb+SY+0ztRCqw2+tWAgKY0=,doohFZsGrWltfKIDWMDWGVA8SR8=
74,-131,7TJyBqb+SY+0ztRCqw2+tWAgKY0=,doohFZsGrWltfKIDWMDWGVA8SR8=
76,-134,7TJyBqb+SY+0ztRCqw2+tWAgKY0=,doohFZsGrWltfKIDWMDWGVA8SR8=
72,-133,7TJyBqb+SY+0ztRCqw2+tWAgKY0=,doohFZsGrWltfKIDWMDWGVA8SR8=
79,-132,7TJyBqb+SY+0ztRCqw2+tWAgKY0=,doohFZsGrWltfKIDWMDWGVA8SR8=
78,-134,7TJyBqb+SY+0ztRCqw2+tWAgKY0=,doohFZsGrWltfKIDWMDWGVA8SR8=
78,-135,7TJyBqb+SY+0ztRCqw2+tWAgKY0=,doohFZsGrWltfKIDWMDWGVA8SR8=
73,-135,7TJyBqb+SY+0ztRCqw2+tWAgKY0=,doohFZsGrWltfKIDWMDWGVA8SR8=
74,-133,7TJyBqb+SY+0ztRCqw2+tWAgKY0=,doohFZsGrWltfKIDWMDWGVA8SR8=
72,-135,7TJyBqb+SY+0ztRCqw2+tWAgKY0=,doohFZsGrWltfKIDWMDWGVA8SR8=
75,-143,7TJyBqb+SY+0ztRCqw2+tWAgKY0=,doohFZsGrWltfKIDWMDWGVA8SR8=
73,-132,7TJyBqb+SY+0ztRCqw2+tWAgKY0=,doohFZsGrWltfKIDWMDWGVA8SR8=
78,-129,7TJyBqb+SY+0ztRCqw2+tWAgKY0=,doohFZsGrWltfKIDWMDWGVA8SR8=
77,-129,7TJyBqb+SY+0ztRCqw2+tWAgKY0=,doohFZsGrWltfKIDWMDWGVA8SR8=
78,-133,7TJyBqb+SY+0ztRCqw2+tWAgKY0=,doohFZsGrWltfKIDWMDWGVA8SR8=
75,-138,7TJyBqb+SY+0ztRCqw2+tWAgKY0=,doohFZsGrWltfKIDWMDWGVA8SR8=
79,-129,7TJyBqb+SY+0ztRCqw2+tWAgKY0=,doohFZsGrWltfKIDWMDWGVA8SR8=
76,-129,7TJyBqb+SY+0ztRCqw2+tWAgKY0=,doohFZsGrWltfKIDWMDWGVA8SR8=
75,-136,7TJyBqb+SY+0ztRCqw2+tWAgKY0=,doohFZsGrWltfKIDWMDWGVA8SR8=
75,-134,7TJyBqb+SY+0ztRCqw2+tWAgKY0=,doohFZsGrWltfKIDWMDWGVA8SR8=
73,-129,7TJyBqb+SY+0ztRCqw2+tWAgKY0=,doohFZsGrWltfKIDWMDWGVA8SR8=
79,-136,7TJyBqb+SY+0ztRCqw2+tWAgKY0=,doohFZsGrWltfKIDWMDWGVA8SR8=
72,-129,7TJyBqb+SY+0ztRCqw2+tWAgKY0=,doohFZsGrWltfKIDWMDWGVA8SR8=
74,-143,7TJyBqb+SY+0ztRCqw2+tWAgKY0=,doohFZsGrWltfKIDWMDWGVA8SR8=
72,-132,7TJyBqb+SY+0ztRCqw2+tWAgKY0=,doohFZsGrWltfKIDWMDWGVA8SR8=
74,-129,7TJyBqb+SY+0ztRCqw2+tWAgKY0=,doohFZsGrWltfKIDWMDWGVA8SR8=
78,-132,7TJyBqb+SY+0ztRCqw2+tWAgKY0=,doohFZsGrWltfKIDWMDWGVA8SR8=
78,-130,7TJyBqb+SY+0ztRCqw2+tWAgKY0=,doohFZsGrWltfKIDWMDWGVA8SR8=
77,-130,7TJyBqb+SY+0ztRCqw2+tWAgKY0=,doohFZsGrWltfKIDWMDWGVA8SR8=
74,-138,7TJyBqb+SY+0ztRCqw2+tWAgKY0=,doohFZsGrWltfKIDWMDWGVA8SR8=
73,-134,7TJyBqb+SY+0ztRCqw2+tWAgKY0=,doohFZsGrWltfKIDWMDWGVA8SR8=
76,-130,7TJyBqb+SY+0ztRCqw2+tWAgKY0=,doohFZsGrWltfKIDWMDWGVA8SR8=
75,-129,7TJyBqb+SY+0ztRCqw2+tWAgKY0=,doohFZsGrWltfKIDWMDWGVA8SR8=
79,-130,7TJyBqb+SY+0ztRCqw2+tWAgKY0=,doohFZsGrWltfKIDWMDWGVA8SR8=
73,-130,7TJyBqb+SY+0ztRCqw2+tWAgKY0=,doohFZsGrWltfKIDWMDWGVA8SR8=
74,-136,7TJyBqb+SY+0ztRCqw2+tWAgKY0=,doohFZsGrWltfKIDWMDWGVA8SR8=
72,-130,7TJyBqb+SY+0ztRCqw2+tWAgKY0=,doohFZsGrWltfKIDWMDWGVA8SR8=
75,-130,7TJyBqb+SY+0ztRCqw2+tWAgKY0=,doohFZsGrWltfKIDWMDWGVA8SR8=
75,-133,7TJyBqb+SY+0ztRCqw2+tWAgKY0=,doohFZsGrWltfKIDWMDWGVA8SR8=
79,-134,7TJyBqb+SY+0ztRCqw2+tWAgKY0=,doohFZsGrWltfKIDWMDWGVA8SR8=
73,-136,7TJyBqb+SY+0ztRCqw2+tWAgKY0=,doohFZsGrWltfKIDWMDWGVA8SR8=
72,-138,7TJyBqb+SY+0ztRCqw2+tWAgKY0=,doohFZsGrWltfKIDWMDWGVA8SR8=
73,-138,7TJyBqb+SY+0ztRCqw2+tWAgKY0=,doohFZsGrWltfKIDWMDWGVA8SR8=
73,-143,7TJyBqb+SY+0ztRCqw2+tWAgKY0=,doohFZsGrWltfKIDWMDWGVA8SR8=
74,-130,7TJyBqb+SY+0ztRCqw2+tWAgKY0=,doohFZsGrWltfKIDWMDWGVA8SR8=
72,-143,7TJyBqb+SY+0ztRCqw2+tWAgKY0=,doohFZsGrWltfKIDWMDWGVA8SR8=
74,-134,7TJyBqb+SY+0ztRCqw2+tWAgKY0=,doohFZsGrWltfKIDWMDWGVA8SR8=
78,-131,7TJyBqb+SY+0ztRCqw2+tWAgKY0=,doohFZsGrWltfKIDWMDWGVA8SR8=
79,-133,7TJyBqb+SY+0ztRCqw2+tWAgKY0=,doohFZsGrWltfKIDWMDWGVA8SR8=
76,-144,7TJyBqb+SY+0ztRCqw2+tWAgKY0=,doohFZsGrWltfKIDWMDWGVA8SR8=
77,-136,7TJyBqb+SY+0ztRCqw2+tWAgKY0=,doohFZsGrWltfKIDWMDWGVA8SR8=
78,-136,7TJyBqb+SY+0ztRCqw2+tWAgKY0=,doohFZsGrWltfKIDWMDWGVA8SR8=
75,-139,7TJyBqb+SY+0ztRCqw2+tWAgKY0=,doohFZsGrWltfKIDWMDWGVA8SR8=
74,-139,7TJyBqb+SY+0ztRCqw2+tWAgKY0=,doohFZsGrWltfKIDWMDWGVA8SR8=
76,-139,7TJyBqb+SY+0ztRCqw2+tWAgKY0=,doohFZsGrWltfKIDWMDWGVA8SR8=
73,-139,7TJyBqb+SY+0ztRCqw2+tWAgKY0=,doohFZsGrWltfKIDWMDWGVA8SR8=
75,-144,7TJyBqb+SY+0ztRCqw2+tWAgKY0=,doohFZsGrWltfKIDWMDWGVA8SR8=
72,-139,7TJyBqb+SY+0ztRCqw2+tWAgKY0=,doohFZsGrWltfKIDWMDWGVA8SR8=
77,-144,7TJyBqb+SY+0ztRCqw2+tWAgKY0=,doohFZsGrWltfKIDWMDWGVA8SR8=
79,-131,7TJyBqb+SY+0ztRCqw2+tWAgKY0=,doohFZsGrWltfKIDWMDWGVA8SR8=
79,-144,7TJyBqb+SY+0ztRCqw2+tWAgKY0=,doohFZsGrWltfKIDWMDWGVA8SR8=
76,-140,7TJyBqb+SY+0ztRCqw2+tWAgKY0=,doohFZsGrWltfKIDWMDWGVA8SR8=
74,-140,7TJyBqb+SY+0ztRCqw2+tWAgKY0=,doohFZsGrWltfKIDWMDWGVA8SR8=
73,-140,7TJyBqb+SY+0ztRCqw2+tWAgKY0=,doohFZsGrWltfKIDWMDWGVA8SR8=
72,-140,7TJyBqb+SY+0ztRCqw2+tWAgKY0=,doohFZsGrWltfKIDWMDWGVA8SR8=
74,-144,7TJyBqb+SY+0ztRCqw2+tWAgKY0=,doohFZsGrWltfKIDWMDWGVA8SR8=
78,-144,7TJyBqb+SY+0ztRCqw2+tWAgKY0=,doohFZsGrWltfKIDWMDWGVA8SR8=
79,-141,7TJyBqb+SY+0ztRCqw2+tWAgKY0=,doohFZsGrWltfKIDWMDWGVA8SR8=
73,-144,7TJyBqb+SY+0ztRCqw2+tWAgKY0=,doohFZsGrWltfKIDWMDWGVA8SR8=
72,-144,7TJyBqb+SY+0ztRCqw2+tWAgKY0=,doohFZsGrWltfKIDWMDWGVA8SR8=
77,-141,7TJyBqb+SY+0ztRCqw2+tWAgKY0=,doohFZsGrWltfKIDWMDWGVA8SR8=
78,-141,7TJyBqb+SY+0ztRCqw2+tWAgKY0=,doohFZsGrWltfKIDWMDWGVA8SR8=
76,-136,7TJyBqb+SY+0ztRCqw2+tWAgKY0=,doohFZsGrWltfKIDWMDWGVA8SR8=
79,-139,7TJyBqb+SY+0ztRCqw2+tWAgKY0=,doohFZsGrWltfKIDWMDWGVA8SR8=
75,-140,7TJyBqb+SY+0ztRCqw2+tWAgKY0=,doohFZsGrWltfKIDWMDWGVA8SR8=
78,-139,7TJyBqb+SY+0ztRCqw2+tWAgKY0=,doohFZsGrWltfKIDWMDWGVA8SR8=
77,-139,7TJyBqb+SY+0ztRCqw2+tWAgKY0=,doohFZsGrWltfKIDWMDWGVA8SR8=
77,-140,7TJyBqb+SY+0ztRCqw2+tWAgKY0=,doohFZsGrWltfKIDWMDWGVA8SR8=
78,-140,7TJyBqb+SY+0ztRCqw2+tWAgKY0=,doohFZsGrWltfKIDWMDWGVA8SR8=
79,-140,7TJyBqb+SY+0ztRCqw2+tWAgKY0=,doohFZsGrWltfKIDWMDWGVA8SR8=
77,-134,7TJyBqb+SY+0ztRCqw2+tWAgKY0=,doohFZsGrWltfKIDWMDWGVA8SR8=
77,-135,7TJyBqb+SY+0ztRCqw2+tWAgKY0=,doohFZsGrWltfKIDWMDWGVA8SR8=
