28,-10,vaUZv2dN1KZZfEHdTqUyaAGmfow=,UtEE8rhDramcYUbDwS7dilE19qA=
25,-14,vaUZv2dN1KZZfEHdTqUyaAGmfow=,UtEE8rhDramcYUbDwS7dilE19qA=
30,-15,vaUZv2dN1KZZfEHdTqUyaAGmfow=,UtEE8rhDramcYUbDwS7dilE19qA=
28,-11,vaUZv2dN1KZZfEHdTqUyaAGmfow=,UtEE8rhDramcYUbDwS7dilE19qA=
26,-12,vaUZv2dN1KZZfEHdTqUyaAGmfow=,UtEE8rhDramcYUbDwS7dilE19qA=
29,-10,vaUZv2dN1KZZfEHdTqUyaAGmfow=,UtEE8rhDramcYUbDwS7dilE19qA=
30,-10,vaUZv2dN1KZZfEHdTqUyaAGmfow=,UtEE8rhDramcYUbDwS7dilE19qA=
29,-11,vaUZv2dN1KZZfEHdTqUyaAGmfow=,UtEE8rhDramcYUbDwS7dilE19qA=
27,-12,vaUZv2dN1KZZfEHdTqUyaAGmfow=,UtEE8rhDramcYUbDwS7dilE19qA=
30,-11,vaUZv2dN1KZZfEHdTqUyaAGmfow=,UtEE8rhDramcYUbDwS7dilE19qA=
25,-15,vaUZv2dN1KZZfEHdTqUyaAGmfow=,UtEE8rhDramcYUbDwS7dilE19qA=
28,-12,vaUZv2dN1KZZfEHdTqUyaAGmfow=,UtEE8rhDramcYUbDwS7dilE19qA=
26,-13,vaUZv2dN1KZZfEHdTqUyaAGmfow=,UtEE8rhDramcYUbDwS7dilE19qA=
27,-13,vaUZv2dN1KZZfEHdTqUyaAGmfow=,UtEE8rhDramcYUbDwS7dilE19qA=
26,-15,vaUZv2dN1KZZfEHdTqUyaAGmfow=,UtEE8rhDramcYUbDwS7dilE19qA=
25,-9,vaUZv2dN1KZZfEHdTqUyaAGmfow=,UtEE8rhDramcYUbDwS7dilE19qA=
26,-9,vaUZv2dN1KZZfEHdTqUyaAGmfow=,UtEE8rhDramcYUbDwS7dilE19qA=
27,-9,vaUZv2dN1KZZfEHdTqUyaAGmfow=,UtEE8rhDramcYUbDwS7dilE19qA=
25,-10,vaUZv2dN1KZZfEHdTqUyaAGmfow=,UtEE8rhDramcYUbDwS7dilE19qA=
27,-15,vaUZv2dN1KZZfEHdTqUyaAGmfow=,UtEE8rhDramcYUbDwS7dilE19qA=
26,-14,vaUZv2dN1KZZfEHdTqUyaAGmfow=,UtEE8rhDramcYUbDwS7dilE19qA=
28,-9,vaUZv2dN1KZZfEHdTqUyaAGmfow=,UtEE8rhDramcYUbDwS7dilE19qA=
29,-9,vaUZv2dN1KZZfEHdTqUyaAGmfow=,UtEE8rhDramcYUbDwS7dilE19qA=
30,-9,vaUZv2dN1KZZfEHdTqUyaAGmfow=,UtEE8rhDramcYUbDwS7dilE19qA=
26,-10,vaUZv2dN1KZZfEHdTqUyaAGmfow=,UtEE8rhDramcYUbDwS7dilE19qA=
28,-15,vaUZv2dN1KZZfEHdTqUyaAGmfow=,UtEE8rhDramcYUbDwS7dilE19qA=
29,-12,vaUZv2dN1KZZfEHdTqUyaAGmfow=,UtEE8rhDramcYUbDwS7dilE19qA=
27,-14,vaUZv2dN1KZZfEHdTqUyaAGmfow=,UtEE8rhDramcYUbDwS7dilE19qA=
30,-12,vaUZv2dN1KZZfEHdTqUyaAGmfow=,UtEE8rhDramcYUbDwS7dilE19qA=
29,-15,vaUZv2dN1KZZfEHdTqUyaAGmfow=,UtEE8rhDramcYUbDwS7dilE19qA=
28,-13,vaUZv2dN1KZZfEHdTqUyaAGmfow=,UtEE8rhDramcYUbDwS7dilE19qA=
29,-13,vaUZv2dN1KZZfEHdTqUyaAGmfow=,UtEE8rhDramcYUbDwS7dilE19qA=
25,-13,gbVqxsN8r9BiT7ikrVVkYiUlE+I=,UtEE8rhDramcYUbDwS7dilE19qA=
27,-11,gbVqxsN8r9BiT7ikrVVkYiUlE+I=,UtEE8rhDramcYUbDwS7dilE19qA=
30,-14,gbVqxsN8r9BiT7ikrVVkYiUlE+I=,UtEE8rhDramcYUbDwS7dilE19qA=
22,-6,gbVqxsN8r9BiT7ikrVVkYiUlE+I=,PkAqFoxWiIyQP7BsFtJXUCUM6zo=
23,-6,gbVqxsN8r9BiT7ikrVVkYiUlE+I=,PkAqFoxWiIyQP7BsFtJXUCUM6zo=
17,-5,gbVqxsN8r9BiT7ikrVVkYiUlE+I=,PkAqFoxWiIyQP7BsFtJXUCUM6zo=
18,-5,gbVqxsN8r9BiT7ikrVVkYiUlE+I=,PkAqFoxWiIyQP7BsFtJXUCUM6zo=
19,-5,gbVqxsN8r9BiT7ikrVVkYiUlE+I=,PkAqFoxWiIyQP7BsFtJXUCUM6zo=
20,-5,gbVqxsN8r9BiT7ikrVVkYiUlE+I=,PkAqFoxWiIyQP7BsFtJXUCUM6zo=
21,-5,gbVqxsN8r9BiT7ikrVVkYiUlE+I=,PkAqFoxWiIyQP7BsFtJXUCUM6zo=
22,-5,gbVqxsN8r9BiT7ikrVVkYiUlE+I=,PkAqFoxWiIyQP7BsFtJXUCUM6zo=
23,-5,gbVqxsN8r9BiT7ikrVVkYiUlE+I=,PkAqFoxWiIyQP7BsFtJXUCUM6zo=
17,-4,gbVqxsN8r9BiT7ikrVVkYiUlE+I=,PkAqFoxWiIyQP7BsFtJXUCUM6zo=
17,-7,gbVqxsN8r9BiT7ikrVVkYiUlE+I=,PkAqFoxWiIyQP7BsFtJXUCUM6zo=
18,-7,gbVqxsN8r9BiT7ikrVVkYiUlE+I=,PkAqFoxWiIyQP7BsFtJXUCUM6zo=
19,-7,gbVqxsN8r9BiT7ikrVVkYiUlE+I=,PkAqFoxWiIyQP7BsFtJXUCUM6zo=
20,-7,gbVqxsN8r9BiT7ikrVVkYiUlE+I=,PkAqFoxWiIyQP7BsFtJXUCUM6zo=
18,-4,gbVqxsN8r9BiT7ikrVVkYiUlE+I=,PkAqFoxWiIyQP7BsFtJXUCUM6zo=
21,-7,gbVqxsN8r9BiT7ikrVVkYiUlE+I=,PkAqFoxWiIyQP7BsFtJXUCUM6zo=
19,-4,gbVqxsN8r9BiT7ikrVVkYiUlE+I=,PkAqFoxWiIyQP7BsFtJXUCUM6zo=
22,-7,gbVqxsN8r9BiT7ikrVVkYiUlE+I=,PkAqFoxWiIyQP7BsFtJXUCUM6zo=
20,-4,gbVqxsN8r9BiT7ikrVVkYiUlE+I=,PkAqFoxWiIyQP7BsFtJXUCUM6zo=
21,-4,gbVqxsN8r9BiT7ikrVVkYiUlE+I=,PkAqFoxWiIyQP7BsFtJXUCUM6zo=
22,-4,gbVqxsN8r9BiT7ikrVVkYiUlE+I=,PkAqFoxWiIyQP7BsFtJXUCUM6zo=
23,-4,gbVqxsN8r9BiT7ikrVVkYiUlE+I=,PkAqFoxWiIyQP7BsFtJXUCUM6zo=
23,-7,gbVqxsN8r9BiT7ikrVVkYiUlE+I=,PkAqFoxWiIyQP7BsFtJXUCUM6zo=
21,-3,gbVqxsN8r9BiT7ikrVVkYiUlE+I=,PkAqFoxWiIyQP7BsFtJXUCUM6zo=
22,-3,gbVqxsN8r9BiT7ikrVVkYiUlE+I=,PkAqFoxWiIyQP7BsFtJXUCUM6zo=
23,-3,gbVqxsN8r9BiT7ikrVVkYiUlE+I=,PkAqFoxWiIyQP7BsFtJXUCUM6zo=
17,-6,gbVqxsN8r9BiT7ikrVVkYiUlE+I=,PkAqFoxWiIyQP7BsFtJXUCUM6zo=
18,-6,gbVqxsN8r9BiT7ikrVVkYiUlE+I=,PkAqFoxWiIyQP7BsFtJXUCUM6zo=
22,-2,gbVqxsN8r9BiT7ikrVVkYiUlE+I=,PkAqFoxWiIyQP7BsFtJXUCUM6zo=
26,-11,gbVqxsN8r9BiT7ikrVVkYiUlE+I=,UtEE8rhDramcYUbDwS7dilE19qA=
23,-2,gbVqxsN8r9BiT7ikrVVkYiUlE+I=,PkAqFoxWiIyQP7BsFtJXUCUM6zo=
19,-6,gbVqxsN8r9BiT7ikrVVkYiUlE+I=,PkAqFoxWiIyQP7BsFtJXUCUM6zo=
20,-6,gbVqxsN8r9BiT7ikrVVkYiUlE+I=,PkAqFoxWiIyQP7BsFtJXUCUM6zo=
21,-6,gbVqxsN8r9BiT7ikrVVkYiUlE+I=,PkAqFoxWiIyQP7BsFtJXUCUM6zo=
25,-12,gbVqxsN8r9BiT7ikrVVkYiUlE+I=,UtEE8rhDramcYUbDwS7dilE19qA=
27,-10,gbVqxsN8r9BiT7ikrVVkYiUlE+I=,UtEE8rhDramcYUbDwS7dilE19qA=
25,-11,gbVqxsN8r9BiT7ikrVVkYiUlE+I=,UtEE8rhDramcYUbDwS7dilE19qA=
29,-14,gbVqxsN8r9BiT7ikrVVkYiUlE+I=,UtEE8rhDramcYUbDwS7dilE19qA=
28,-14,gbVqxsN8r9BiT7ikrVVkYiUlE+I=,UtEE8rhDramcYUbDwS7dilE19qA=
30,-13,gbVqxsN8r9BiT7ikrVVkYiUlE+I=,UtEE8rhDramcYUbDwS7dilE19qA=
24,-14,gbVqxsN8r9BiT7ikrVVkYiUlE+I=,UtEE8rhDramcYUbDwS7dilE19qA=
18,-11,gbVqxsN8r9BiT7ikrVVkYiUlE+I=,UtEE8rhDramcYUbDwS7dilE19qA=
19,-11,gbVqxsN8r9BiT7ikrVVkYiUlE+I=,UtEE8rhDramcYUbDwS7dilE19qA=
20,-11,gbVqxsN8r9BiT7ikrVVkYiUlE+I=,UtEE8rhDramcYUbDwS7dilE19qA=
21,-11,gbVqxsN8r9BiT7ikrVVkYiUlE+I=,UtEE8rhDramcYUbDwS7dilE19qA=
22,-11,gbVqxsN8r9BiT7ikrVVkYiUlE+I=,UtEE8rhDramcYUbDwS7dilE19qA=
23,-11,gbVqxsN8r9BiT7ikrVVkYiUlE+I=,UtEE8rhDramcYUbDwS7dilE19qA=
17,-10,gbVqxsN8r9BiT7ikrVVkYiUlE+I=,UtEE8rhDramcYUbDwS7dilE19qA=
18,-10,gbVqxsN8r9BiT7ikrVVkYiUlE+I=,UtEE8rhDramcYUbDwS7dilE19qA=
24,-13,gbVqxsN8r9BiT7ikrVVkYiUlE+I=,UtEE8rhDramcYUbDwS7dilE19qA=
19,-10,gbVqxsN8r9BiT7ikrVVkYiUlE+I=,UtEE8rhDramcYUbDwS7dilE19qA=
20,-10,gbVqxsN8r9BiT7ikrVVkYiUlE+I=,UtEE8rhDramcYUbDwS7dilE19qA=
21,-10,gbVqxsN8r9BiT7ikrVVkYiUlE+I=,UtEE8rhDramcYUbDwS7dilE19qA=
24,-15,gbVqxsN8r9BiT7ikrVVkYiUlE+I=,UtEE8rhDramcYUbDwS7dilE19qA=
22,-10,gbVqxsN8r9BiT7ikrVVkYiUlE+I=,UtEE8rhDramcYUbDwS7dilE19qA=
23,-10,gbVqxsN8r9BiT7ikrVVkYiUlE+I=,UtEE8rhDramcYUbDwS7dilE19qA=
17,-9,gbVqxsN8r9BiT7ikrVVkYiUlE+I=,UtEE8rhDramcYUbDwS7dilE19qA=
18,-9,gbVqxsN8r9BiT7ikrVVkYiUlE+I=,UtEE8rhDramcYUbDwS7dilE19qA=
19,-9,gbVqxsN8r9BiT7ikrVVkYiUlE+I=,UtEE8rhDramcYUbDwS7dilE19qA=
24,-9,gbVqxsN8r9BiT7ikrVVkYiUlE+I=,UtEE8rhDramcYUbDwS7dilE19qA=
20,-9,gbVqxsN8r9BiT7ikrVVkYiUlE+I=,UtEE8rhDramcYUbDwS7dilE19qA=
21,-9,gbVqxsN8r9BiT7ikrVVkYiUlE+I=,UtEE8rhDramcYUbDwS7dilE19qA=
22,-9,gbVqxsN8r9BiT7ikrVVkYiUlE+I=,UtEE8rhDramcYUbDwS7dilE19qA=
23,-9,gbVqxsN8r9BiT7ikrVVkYiUlE+I=,UtEE8rhDramcYUbDwS7dilE19qA=
17,-8,gbVqxsN8r9BiT7ikrVVkYiUlE+I=,PkAqFoxWiIyQP7BsFtJXUCUM6zo=
24,-10,gbVqxsN8r9BiT7ikrVVkYiUlE+I=,UtEE8rhDramcYUbDwS7dilE19qA=
18,-8,gbVqxsN8r9BiT7ikrVVkYiUlE+I=,PkAqFoxWiIyQP7BsFtJXUCUM6zo=
19,-8,gbVqxsN8r9BiT7ikrVVkYiUlE+I=,PkAqFoxWiIyQP7BsFtJXUCUM6zo=
20,-8,gbVqxsN8r9BiT7ikrVVkYiUlE+I=,PkAqFoxWiIyQP7BsFtJXUCUM6zo=
21,-8,gbVqxsN8r9BiT7ikrVVkYiUlE+I=,PkAqFoxWiIyQP7BsFtJXUCUM6zo=
22,-8,gbVqxsN8r9BiT7ikrVVkYiUlE+I=,PkAqFoxWiIyQP7BsFtJXUCUM6zo=
23,-8,gbVqxsN8r9BiT7ikrVVkYiUlE+I=,PkAqFoxWiIyQP7BsFtJXUCUM6zo=
21,-15,gbVqxsN8r9BiT7ikrVVkYiUlE+I=,UtEE8rhDramcYUbDwS7dilE19qA=
22,-15,gbVqxsN8r9BiT7ikrVVkYiUlE+I=,UtEE8rhDramcYUbDwS7dilE19qA=
23,-15,gbVqxsN8r9BiT7ikrVVkYiUlE+I=,UtEE8rhDramcYUbDwS7dilE19qA=
19,-14,gbVqxsN8r9BiT7ikrVVkYiUlE+I=,UtEE8rhDramcYUbDwS7dilE19qA=
20,-14,gbVqxsN8r9BiT7ikrVVkYiUlE+I=,UtEE8rhDramcYUbDwS7dilE19qA=
24,-11,gbVqxsN8r9BiT7ikrVVkYiUlE+I=,UtEE8rhDramcYUbDwS7dilE19qA=
21,-14,gbVqxsN8r9BiT7ikrVVkYiUlE+I=,UtEE8rhDramcYUbDwS7dilE19qA=
22,-14,gbVqxsN8r9BiT7ikrVVkYiUlE+I=,UtEE8rhDramcYUbDwS7dilE19qA=
24,-12,gbVqxsN8r9BiT7ikrVVkYiUlE+I=,UtEE8rhDramcYUbDwS7dilE19qA=
23,-14,gbVqxsN8r9BiT7ikrVVkYiUlE+I=,UtEE8rhDramcYUbDwS7dilE19qA=
19,-13,gbVqxsN8r9BiT7ikrVVkYiUlE+I=,UtEE8rhDramcYUbDwS7dilE19qA=
20,-13,gbVqxsN8r9BiT7ikrVVkYiUlE+I=,UtEE8rhDramcYUbDwS7dilE19qA=
21,-13,gbVqxsN8r9BiT7ikrVVkYiUlE+I=,UtEE8rhDramcYUbDwS7dilE19qA=
22,-13,gbVqxsN8r9BiT7ikrVVkYiUlE+I=,UtEE8rhDramcYUbDwS7dilE19qA=
23,-13,gbVqxsN8r9BiT7ikrVVkYiUlE+I=,UtEE8rhDramcYUbDwS7dilE19qA=
18,-12,gbVqxsN8r9BiT7ikrVVkYiUlE+I=,UtEE8rhDramcYUbDwS7dilE19qA=
19,-12,gbVqxsN8r9BiT7ikrVVkYiUlE+I=,UtEE8rhDramcYUbDwS7dilE19qA=
20,-12,gbVqxsN8r9BiT7ikrVVkYiUlE+I=,UtEE8rhDramcYUbDwS7dilE19qA=
21,-12,gbVqxsN8r9BiT7ikrVVkYiUlE+I=,UtEE8rhDramcYUbDwS7dilE19qA=
22,-12,gbVqxsN8r9BiT7ikrVVkYiUlE+I=,UtEE8rhDramcYUbDwS7dilE19qA=
23,-12,gbVqxsN8r9BiT7ikrVVkYiUlE+I=,UtEE8rhDramcYUbDwS7dilE19qA=
16,-5,gbVqxsN8r9BiT7ikrVVkYiUlE+I=,PkAqFoxWiIyQP7BsFtJXUCUM6zo=
16,-9,gbVqxsN8r9BiT7ikrVVkYiUlE+I=,UtEE8rhDramcYUbDwS7dilE19qA=
16,-8,gbVqxsN8r9BiT7ikrVVkYiUlE+I=,PkAqFoxWiIyQP7BsFtJXUCUM6zo=
16,-4,gbVqxsN8r9BiT7ikrVVkYiUlE+I=,PkAqFoxWiIyQP7BsFtJXUCUM6zo=
16,-7,gbVqxsN8r9BiT7ikrVVkYiUlE+I=,PkAqFoxWiIyQP7BsFtJXUCUM6zo=
28,-16,gbVqxsN8r9BiT7ikrVVkYiUlE+I=,UtEE8rhDramcYUbDwS7dilE19qA=
26,-16,gbVqxsN8r9BiT7ikrVVkYiUlE+I=,UtEE8rhDramcYUbDwS7dilE19qA=
29,-16,gbVqxsN8r9BiT7ikrVVkYiUlE+I=,UtEE8rhDramcYUbDwS7dilE19qA=
30,-16,gbVqxsN8r9BiT7ikrVVkYiUlE+I=,UtEE8rhDramcYUbDwS7dilE19qA=
25,-16,gbVqxsN8r9BiT7ikrVVkYiUlE+I=,UtEE8rhDramcYUbDwS7dilE19qA=
27,-16,gbVqxsN8r9BiT7ikrVVkYiUlE+I=,UtEE8rhDramcYUbDwS7dilE19qA=
24,-16,gbVqxsN8r9BiT7ikrVVkYiUlE+I=,UtEE8rhDramcYUbDwS7dilE19qA=
20,-15,gbVqxsN8r9BiT7ikrVVkYiUlE+I=,UtEE8rhDramcYUbDwS7dilE19qA=
23,-16,gbVqxsN8r9BiT7ikrVVkYiUlE+I=,UtEE8rhDramcYUbDwS7dilE19qA=
22,-16,gbVqxsN8r9BiT7ikrVVkYiUlE+I=,UtEE8rhDramcYUbDwS7dilE19qA=
16,-6,gbVqxsN8r9BiT7ikrVVkYiUlE+I=,PkAqFoxWiIyQP7BsFtJXUCUM6zo=
31,-10,gbVqxsN8r9BiT7ikrVVkYiUlE+I=,UtEE8rhDramcYUbDwS7dilE19qA=
31,-11,gbVqxsN8r9BiT7ikrVVkYiUlE+I=,UtEE8rhDramcYUbDwS7dilE19qA=
31,-13,gbVqxsN8r9BiT7ikrVVkYiUlE+I=,UtEE8rhDramcYUbDwS7dilE19qA=
31,-12,gbVqxsN8r9BiT7ikrVVkYiUlE+I=,UtEE8rhDramcYUbDwS7dilE19qA=
31,-14,gbVqxsN8r9BiT7ikrVVkYiUlE+I=,UtEE8rhDramcYUbDwS7dilE19qA=
31,-15,gbVqxsN8r9BiT7ikrVVkYiUlE+I=,UtEE8rhDramcYUbDwS7dilE19qA=
31,-9,gbVqxsN8r9BiT7ikrVVkYiUlE+I=,UtEE8rhDramcYUbDwS7dilE19qA=
31,-16,gbVqxsN8r9BiT7ikrVVkYiUlE+I=,UtEE8rhDramcYUbDwS7dilE19qA=
17,-11,gbVqxsN8r9BiT7ikrVVkYiUlE+I=,UtEE8rhDramcYUbDwS7dilE19qA=
17,-12,gbVqxsN8r9BiT7ikrVVkYiUlE+I=,UtEE8rhDramcYUbDwS7dilE19qA=
16,-10,gbVqxsN8r9BiT7ikrVVkYiUlE+I=,UtEE8rhDramcYUbDwS7dilE19qA=
23,-1,gbVqxsN8r9BiT7ikrVVkYiUlE+I=,PkAqFoxWiIyQP7BsFtJXUCUM6zo=
22,-1,gbVqxsN8r9BiT7ikrVVkYiUlE+I=,PkAqFoxWiIyQP7BsFtJXUCUM6zo=
21,-16,gbVqxsN8r9BiT7ikrVVkYiUlE+I=,UtEE8rhDramcYUbDwS7dilE19qA=
21,-2,gbVqxsN8r9BiT7ikrVVkYiUlE+I=,PkAqFoxWiIyQP7BsFtJXUCUM6zo=
20,-16,gbVqxsN8r9BiT7ikrVVkYiUlE+I=,UtEE8rhDramcYUbDwS7dilE19qA=
18,-3,DHgstYrAg3jAv/+c+7KvMKtPkFA=,PkAqFoxWiIyQP7BsFtJXUCUM6zo=
19,-3,DHgstYrAg3jAv/+c+7KvMKtPkFA=,PkAqFoxWiIyQP7BsFtJXUCUM6zo=
21,-1,DHgstYrAg3jAv/+c+7KvMKtPkFA=,PkAqFoxWiIyQP7BsFtJXUCUM6zo=
20,-3,DHgstYrAg3jAv/+c+7KvMKtPkFA=,PkAqFoxWiIyQP7BsFtJXUCUM6zo=
16,-3,DHgstYrAg3jAv/+c+7KvMKtPkFA=,PkAqFoxWiIyQP7BsFtJXUCUM6zo=
17,-3,DHgstYrAg3jAv/+c+7KvMKtPkFA=,PkAqFoxWiIyQP7BsFtJXUCUM6zo=
16,-1,DHgstYrAg3jAv/+c+7KvMKtPkFA=,PkAqFoxWiIyQP7BsFtJXUCUM6zo=
16,-11,DHgstYrAg3jAv/+c+7KvMKtPkFA=,UtEE8rhDramcYUbDwS7dilE19qA=
17,-2,DHgstYrAg3jAv/+c+7KvMKtPkFA=,PkAqFoxWiIyQP7BsFtJXUCUM6zo=
18,-2,DHgstYrAg3jAv/+c+7KvMKtPkFA=,PkAqFoxWiIyQP7BsFtJXUCUM6zo=
20,-1,DHgstYrAg3jAv/+c+7KvMKtPkFA=,PkAqFoxWiIyQP7BsFtJXUCUM6zo=
16,-16,DHgstYrAg3jAv/+c+7KvMKtPkFA=,UtEE8rhDramcYUbDwS7dilE19qA=
16,-2,DHgstYrAg3jAv/+c+7KvMKtPkFA=,PkAqFoxWiIyQP7BsFtJXUCUM6zo=
16,-15,DHgstYrAg3jAv/+c+7KvMKtPkFA=,UtEE8rhDramcYUbDwS7dilE19qA=
19,-2,DHgstYrAg3jAv/+c+7KvMKtPkFA=,PkAqFoxWiIyQP7BsFtJXUCUM6zo=
20,-2,DHgstYrAg3jAv/+c+7KvMKtPkFA=,PkAqFoxWiIyQP7BsFtJXUCUM6zo=
16,-12,DHgstYrAg3jAv/+c+7KvMKtPkFA=,UtEE8rhDramcYUbDwS7dilE19qA=
17,-1,DHgstYrAg3jAv/+c+7KvMKtPkFA=,PkAqFoxWiIyQP7BsFtJXUCUM6zo=
18,-1,DHgstYrAg3jAv/+c+7KvMKtPkFA=,PkAqFoxWiIyQP7BsFtJXUCUM6zo=
19,-1,DHgstYrAg3jAv/+c+7KvMKtPkFA=,PkAqFoxWiIyQP7BsFtJXUCUM6zo=
18,-13,DHgstYrAg3jAv/+c+7KvMKtPkFA=,UtEE8rhDramcYUbDwS7dilE19qA=
19,-16,DHgstYrAg3jAv/+c+7KvMKtPkFA=,UtEE8rhDramcYUbDwS7dilE19qA=
18,-14,embEGcQ9NV7uU3Tr8atteYrSYnk=,UtEE8rhDramcYUbDwS7dilE19qA=
19,-15,embEGcQ9NV7uU3Tr8atteYrSYnk=,UtEE8rhDramcYUbDwS7dilE19qA=
17,-15,embEGcQ9NV7uU3Tr8atteYrSYnk=,UtEE8rhDramcYUbDwS7dilE19qA=
17,-13,embEGcQ9NV7uU3Tr8atteYrSYnk=,UtEE8rhDramcYUbDwS7dilE19qA=
18,-15,embEGcQ9NV7uU3Tr8atteYrSYnk=,UtEE8rhDramcYUbDwS7dilE19qA=
16,-13,embEGcQ9NV7uU3Tr8atteYrSYnk=,UtEE8rhDramcYUbDwS7dilE19qA=
17,-14,embEGcQ9NV7uU3Tr8atteYrSYnk=,UtEE8rhDramcYUbDwS7dilE19qA=
16,-14,embEGcQ9NV7uU3Tr8atteYrSYnk=,UtEE8rhDramcYUbDwS7dilE19qA=
17,-16,embEGcQ9NV7uU3Tr8atteYrSYnk=,UtEE8rhDramcYUbDwS7dilE19qA=
18,-16,embEGcQ9NV7uU3Tr8atteYrSYnk=,UtEE8rhDramcYUbDwS7dilE19qA=
26,-21,embEGcQ9NV7uU3Tr8atteYrSYnk=,UtEE8rhDramcYUbDwS7dilE19qA=
27,-21,embEGcQ9NV7uU3Tr8atteYrSYnk=,UtEE8rhDramcYUbDwS7dilE19qA=
30,-18,embEGcQ9NV7uU3Tr8atteYrSYnk=,UtEE8rhDramcYUbDwS7dilE19qA=
28,-21,embEGcQ9NV7uU3Tr8atteYrSYnk=,UtEE8rhDramcYUbDwS7dilE19qA=
29,-21,embEGcQ9NV7uU3Tr8atteYrSYnk=,UtEE8rhDramcYUbDwS7dilE19qA=
28,-20,embEGcQ9NV7uU3Tr8atteYrSYnk=,UtEE8rhDramcYUbDwS7dilE19qA=
30,-21,embEGcQ9NV7uU3Tr8atteYrSYnk=,UtEE8rhDramcYUbDwS7dilE19qA=
28,-19,embEGcQ9NV7uU3Tr8atteYrSYnk=,UtEE8rhDramcYUbDwS7dilE19qA=
29,-19,embEGcQ9NV7uU3Tr8atteYrSYnk=,UtEE8rhDramcYUbDwS7dilE19qA=
25,-20,embEGcQ9NV7uU3Tr8atteYrSYnk=,UtEE8rhDramcYUbDwS7dilE19qA=
30,-19,embEGcQ9NV7uU3Tr8atteYrSYnk=,UtEE8rhDramcYUbDwS7dilE19qA=
26,-20,embEGcQ9NV7uU3Tr8atteYrSYnk=,UtEE8rhDramcYUbDwS7dilE19qA=
29,-20,embEGcQ9NV7uU3Tr8atteYrSYnk=,UtEE8rhDramcYUbDwS7dilE19qA=
30,-20,embEGcQ9NV7uU3Tr8atteYrSYnk=,UtEE8rhDramcYUbDwS7dilE19qA=
25,-19,embEGcQ9NV7uU3Tr8atteYrSYnk=,UtEE8rhDramcYUbDwS7dilE19qA=
26,-19,embEGcQ9NV7uU3Tr8atteYrSYnk=,UtEE8rhDramcYUbDwS7dilE19qA=
27,-19,embEGcQ9NV7uU3Tr8atteYrSYnk=,UtEE8rhDramcYUbDwS7dilE19qA=
27,-20,embEGcQ9NV7uU3Tr8atteYrSYnk=,UtEE8rhDramcYUbDwS7dilE19qA=
25,-18,embEGcQ9NV7uU3Tr8atteYrSYnk=,UtEE8rhDramcYUbDwS7dilE19qA=
29,-23,embEGcQ9NV7uU3Tr8atteYrSYnk=,UtEE8rhDramcYUbDwS7dilE19qA=
30,-22,embEGcQ9NV7uU3Tr8atteYrSYnk=,UtEE8rhDramcYUbDwS7dilE19qA=
28,-23,embEGcQ9NV7uU3Tr8atteYrSYnk=,UtEE8rhDramcYUbDwS7dilE19qA=
29,-22,embEGcQ9NV7uU3Tr8atteYrSYnk=,UtEE8rhDramcYUbDwS7dilE19qA=
28,-22,embEGcQ9NV7uU3Tr8atteYrSYnk=,UtEE8rhDramcYUbDwS7dilE19qA=
27,-22,embEGcQ9NV7uU3Tr8atteYrSYnk=,UtEE8rhDramcYUbDwS7dilE19qA=
29,-18,embEGcQ9NV7uU3Tr8atteYrSYnk=,UtEE8rhDramcYUbDwS7dilE19qA=
28,-18,embEGcQ9NV7uU3Tr8atteYrSYnk=,UtEE8rhDramcYUbDwS7dilE19qA=
30,-23,embEGcQ9NV7uU3Tr8atteYrSYnk=,UtEE8rhDramcYUbDwS7dilE19qA=
27,-18,embEGcQ9NV7uU3Tr8atteYrSYnk=,UtEE8rhDramcYUbDwS7dilE19qA=
26,-18,embEGcQ9NV7uU3Tr8atteYrSYnk=,UtEE8rhDramcYUbDwS7dilE19qA=
17,-31,WEWJl4rftTkCcmLhv3zbn7hWq58=,UtEE8rhDramcYUbDwS7dilE19qA=
18,-31,WEWJl4rftTkCcmLhv3zbn7hWq58=,UtEE8rhDramcYUbDwS7dilE19qA=
19,-31,WEWJl4rftTkCcmLhv3zbn7hWq58=,UtEE8rhDramcYUbDwS7dilE19qA=
17,-30,WEWJl4rftTkCcmLhv3zbn7hWq58=,UtEE8rhDramcYUbDwS7dilE19qA=
18,-30,WEWJl4rftTkCcmLhv3zbn7hWq58=,UtEE8rhDramcYUbDwS7dilE19qA=
17,-29,WEWJl4rftTkCcmLhv3zbn7hWq58=,UtEE8rhDramcYUbDwS7dilE19qA=
20,-32,WEWJl4rftTkCcmLhv3zbn7hWq58=,UtEE8rhDramcYUbDwS7dilE19qA=
17,-32,WEWJl4rftTkCcmLhv3zbn7hWq58=,UtEE8rhDramcYUbDwS7dilE19qA=
18,-32,WEWJl4rftTkCcmLhv3zbn7hWq58=,UtEE8rhDramcYUbDwS7dilE19qA=
19,-32,WEWJl4rftTkCcmLhv3zbn7hWq58=,UtEE8rhDramcYUbDwS7dilE19qA=
24,-18,WEWJl4rftTkCcmLhv3zbn7hWq58=,UtEE8rhDramcYUbDwS7dilE19qA=
31,-18,WEWJl4rftTkCcmLhv3zbn7hWq58=,UtEE8rhDramcYUbDwS7dilE19qA=
31,-21,WEWJl4rftTkCcmLhv3zbn7hWq58=,UtEE8rhDramcYUbDwS7dilE19qA=
31,-19,WEWJl4rftTkCcmLhv3zbn7hWq58=,UtEE8rhDramcYUbDwS7dilE19qA=
31,-20,WEWJl4rftTkCcmLhv3zbn7hWq58=,UtEE8rhDramcYUbDwS7dilE19qA=
31,-23,WEWJl4rftTkCcmLhv3zbn7hWq58=,UtEE8rhDramcYUbDwS7dilE19qA=
31,-22,WEWJl4rftTkCcmLhv3zbn7hWq58=,UtEE8rhDramcYUbDwS7dilE19qA=
30,-24,WEWJl4rftTkCcmLhv3zbn7hWq58=,UtEE8rhDramcYUbDwS7dilE19qA=
30,-17,WEWJl4rftTkCcmLhv3zbn7hWq58=,UtEE8rhDramcYUbDwS7dilE19qA=
23,-17,WEWJl4rftTkCcmLhv3zbn7hWq58=,UtEE8rhDramcYUbDwS7dilE19qA=
24,-17,WEWJl4rftTkCcmLhv3zbn7hWq58=,UtEE8rhDramcYUbDwS7dilE19qA=
25,-17,WEWJl4rftTkCcmLhv3zbn7hWq58=,UtEE8rhDramcYUbDwS7dilE19qA=
26,-17,WEWJl4rftTkCcmLhv3zbn7hWq58=,UtEE8rhDramcYUbDwS7dilE19qA=
27,-17,WEWJl4rftTkCcmLhv3zbn7hWq58=,UtEE8rhDramcYUbDwS7dilE19qA=
31,-24,WEWJl4rftTkCcmLhv3zbn7hWq58=,UtEE8rhDramcYUbDwS7dilE19qA=
31,-25,D94zr5Bk8Ak2d5qe/w8Y2emiktQ=,UtEE8rhDramcYUbDwS7dilE19qA=
29,-17,D94zr5Bk8Ak2d5qe/w8Y2emiktQ=,UtEE8rhDramcYUbDwS7dilE19qA=
28,-17,D94zr5Bk8Ak2d5qe/w8Y2emiktQ=,UtEE8rhDramcYUbDwS7dilE19qA=
31,-17,D94zr5Bk8Ak2d5qe/w8Y2emiktQ=,UtEE8rhDramcYUbDwS7dilE19qA=
16,-31,D94zr5Bk8Ak2d5qe/w8Y2emiktQ=,UtEE8rhDramcYUbDwS7dilE19qA=
16,-30,D94zr5Bk8Ak2d5qe/w8Y2emiktQ=,UtEE8rhDramcYUbDwS7dilE19qA=
16,-29,D94zr5Bk8Ak2d5qe/w8Y2emiktQ=,UtEE8rhDramcYUbDwS7dilE19qA=
16,-28,D94zr5Bk8Ak2d5qe/w8Y2emiktQ=,UtEE8rhDramcYUbDwS7dilE19qA=
16,-27,D94zr5Bk8Ak2d5qe/w8Y2emiktQ=,UtEE8rhDramcYUbDwS7dilE19qA=
16,-26,D94zr5Bk8Ak2d5qe/w8Y2emiktQ=,UtEE8rhDramcYUbDwS7dilE19qA=
16,-32,D94zr5Bk8Ak2d5qe/w8Y2emiktQ=,UtEE8rhDramcYUbDwS7dilE19qA=
24,-19,D94zr5Bk8Ak2d5qe/w8Y2emiktQ=,UtEE8rhDramcYUbDwS7dilE19qA=
23,-19,D94zr5Bk8Ak2d5qe/w8Y2emiktQ=,UtEE8rhDramcYUbDwS7dilE19qA=
23,-24,D94zr5Bk8Ak2d5qe/w8Y2emiktQ=,UtEE8rhDramcYUbDwS7dilE19qA=
22,-27,D94zr5Bk8Ak2d5qe/w8Y2emiktQ=,UtEE8rhDramcYUbDwS7dilE19qA=
20,-28,D94zr5Bk8Ak2d5qe/w8Y2emiktQ=,UtEE8rhDramcYUbDwS7dilE19qA=
21,-27,D94zr5Bk8Ak2d5qe/w8Y2emiktQ=,UtEE8rhDramcYUbDwS7dilE19qA=
23,-32,D94zr5Bk8Ak2d5qe/w8Y2emiktQ=,UtEE8rhDramcYUbDwS7dilE19qA=
20,-27,D94zr5Bk8Ak2d5qe/w8Y2emiktQ=,UtEE8rhDramcYUbDwS7dilE19qA=
24,-20,D94zr5Bk8Ak2d5qe/w8Y2emiktQ=,UtEE8rhDramcYUbDwS7dilE19qA=
23,-26,D94zr5Bk8Ak2d5qe/w8Y2emiktQ=,UtEE8rhDramcYUbDwS7dilE19qA=
23,-28,D94zr5Bk8Ak2d5qe/w8Y2emiktQ=,UtEE8rhDramcYUbDwS7dilE19qA=
21,-28,D94zr5Bk8Ak2d5qe/w8Y2emiktQ=,UtEE8rhDramcYUbDwS7dilE19qA=
22,-28,D94zr5Bk8Ak2d5qe/w8Y2emiktQ=,UtEE8rhDramcYUbDwS7dilE19qA=
16,-24,tfB6cLNS80kt/gSoVm+UMi/Wve4=,UtEE8rhDramcYUbDwS7dilE19qA=
22,-17,tfB6cLNS80kt/gSoVm+UMi/Wve4=,UtEE8rhDramcYUbDwS7dilE19qA=
19,-29,tfB6cLNS80kt/gSoVm+UMi/Wve4=,UtEE8rhDramcYUbDwS7dilE19qA=
23,-18,tfB6cLNS80kt/gSoVm+UMi/Wve4=,UtEE8rhDramcYUbDwS7dilE19qA=
21,-19,tfB6cLNS80kt/gSoVm+UMi/Wve4=,UtEE8rhDramcYUbDwS7dilE19qA=
22,-20,tfB6cLNS80kt/gSoVm+UMi/Wve4=,UtEE8rhDramcYUbDwS7dilE19qA=
21,-20,tfB6cLNS80kt/gSoVm+UMi/Wve4=,UtEE8rhDramcYUbDwS7dilE19qA=
20,-20,tfB6cLNS80kt/gSoVm+UMi/Wve4=,UtEE8rhDramcYUbDwS7dilE19qA=
16,-25,tfB6cLNS80kt/gSoVm+UMi/Wve4=,UtEE8rhDramcYUbDwS7dilE19qA=
20,-19,tfB6cLNS80kt/gSoVm+UMi/Wve4=,UtEE8rhDramcYUbDwS7dilE19qA=
23,-20,tfB6cLNS80kt/gSoVm+UMi/Wve4=,UtEE8rhDramcYUbDwS7dilE19qA=
22,-19,tfB6cLNS80kt/gSoVm+UMi/Wve4=,UtEE8rhDramcYUbDwS7dilE19qA=
20,-21,tfB6cLNS80kt/gSoVm+UMi/Wve4=,UtEE8rhDramcYUbDwS7dilE19qA=
21,-18,tfB6cLNS80kt/gSoVm+UMi/Wve4=,UtEE8rhDramcYUbDwS7dilE19qA=
18,-29,tfB6cLNS80kt/gSoVm+UMi/Wve4=,UtEE8rhDramcYUbDwS7dilE19qA=
22,-18,tfB6cLNS80kt/gSoVm+UMi/Wve4=,UtEE8rhDramcYUbDwS7dilE19qA=
20,-17,tfB6cLNS80kt/gSoVm+UMi/Wve4=,UtEE8rhDramcYUbDwS7dilE19qA=
29,-24,XdSFl30MVaQGYdlEQ4fgBvi2gDc=,UtEE8rhDramcYUbDwS7dilE19qA=
23,-30,XdSFl30MVaQGYdlEQ4fgBvi2gDc=,UtEE8rhDramcYUbDwS7dilE19qA=
21,-17,XdSFl30MVaQGYdlEQ4fgBvi2gDc=,UtEE8rhDramcYUbDwS7dilE19qA=
23,-21,XdSFl30MVaQGYdlEQ4fgBvi2gDc=,UtEE8rhDramcYUbDwS7dilE19qA=
22,-21,XdSFl30MVaQGYdlEQ4fgBvi2gDc=,UtEE8rhDramcYUbDwS7dilE19qA=
21,-21,XdSFl30MVaQGYdlEQ4fgBvi2gDc=,UtEE8rhDramcYUbDwS7dilE19qA=
22,-22,XdSFl30MVaQGYdlEQ4fgBvi2gDc=,UtEE8rhDramcYUbDwS7dilE19qA=
21,-22,XdSFl30MVaQGYdlEQ4fgBvi2gDc=,UtEE8rhDramcYUbDwS7dilE19qA=
23,-27,XdSFl30MVaQGYdlEQ4fgBvi2gDc=,UtEE8rhDramcYUbDwS7dilE19qA=
20,-18,XdSFl30MVaQGYdlEQ4fgBvi2gDc=,UtEE8rhDramcYUbDwS7dilE19qA=
20,-22,XdSFl30MVaQGYdlEQ4fgBvi2gDc=,UtEE8rhDramcYUbDwS7dilE19qA=
23,-22,9CsUA0NJ45O4gtTHEWB13k8IXtc=,UtEE8rhDramcYUbDwS7dilE19qA=
19,-21,9CsUA0NJ45O4gtTHEWB13k8IXtc=,UtEE8rhDramcYUbDwS7dilE19qA=
19,-30,9CsUA0NJ45O4gtTHEWB13k8IXtc=,UtEE8rhDramcYUbDwS7dilE19qA=
20,-23,9CsUA0NJ45O4gtTHEWB13k8IXtc=,UtEE8rhDramcYUbDwS7dilE19qA=
22,-23,9CsUA0NJ45O4gtTHEWB13k8IXtc=,UtEE8rhDramcYUbDwS7dilE19qA=
22,-24,9CsUA0NJ45O4gtTHEWB13k8IXtc=,UtEE8rhDramcYUbDwS7dilE19qA=
23,-23,9CsUA0NJ45O4gtTHEWB13k8IXtc=,UtEE8rhDramcYUbDwS7dilE19qA=
21,-23,9CsUA0NJ45O4gtTHEWB13k8IXtc=,UtEE8rhDramcYUbDwS7dilE19qA=
21,-24,9CsUA0NJ45O4gtTHEWB13k8IXtc=,UtEE8rhDramcYUbDwS7dilE19qA=
20,-24,9CsUA0NJ45O4gtTHEWB13k8IXtc=,UtEE8rhDramcYUbDwS7dilE19qA=
28,-26,9CsUA0NJ45O4gtTHEWB13k8IXtc=,UtEE8rhDramcYUbDwS7dilE19qA=
27,-24,9CsUA0NJ45O4gtTHEWB13k8IXtc=,UtEE8rhDramcYUbDwS7dilE19qA=
24,-26,9CsUA0NJ45O4gtTHEWB13k8IXtc=,UtEE8rhDramcYUbDwS7dilE19qA=
23,-25,9CsUA0NJ45O4gtTHEWB13k8IXtc=,UtEE8rhDramcYUbDwS7dilE19qA=
29,-26,9CsUA0NJ45O4gtTHEWB13k8IXtc=,UtEE8rhDramcYUbDwS7dilE19qA=
31,-26,9CsUA0NJ45O4gtTHEWB13k8IXtc=,UtEE8rhDramcYUbDwS7dilE19qA=
30,-26,9CsUA0NJ45O4gtTHEWB13k8IXtc=,UtEE8rhDramcYUbDwS7dilE19qA=
23,-31,9CsUA0NJ45O4gtTHEWB13k8IXtc=,UtEE8rhDramcYUbDwS7dilE19qA=
25,-26,9CsUA0NJ45O4gtTHEWB13k8IXtc=,UtEE8rhDramcYUbDwS7dilE19qA=
27,-26,9CsUA0NJ45O4gtTHEWB13k8IXtc=,UtEE8rhDramcYUbDwS7dilE19qA=
26,-26,9CsUA0NJ45O4gtTHEWB13k8IXtc=,UtEE8rhDramcYUbDwS7dilE19qA=
22,-25,9CsUA0NJ45O4gtTHEWB13k8IXtc=,UtEE8rhDramcYUbDwS7dilE19qA=
23,-29,9CsUA0NJ45O4gtTHEWB13k8IXtc=,UtEE8rhDramcYUbDwS7dilE19qA=
17,-22,9CsUA0NJ45O4gtTHEWB13k8IXtc=,UtEE8rhDramcYUbDwS7dilE19qA=
19,-22,9CsUA0NJ45O4gtTHEWB13k8IXtc=,UtEE8rhDramcYUbDwS7dilE19qA=
18,-23,9CsUA0NJ45O4gtTHEWB13k8IXtc=,UtEE8rhDramcYUbDwS7dilE19qA=
17,-21,9CsUA0NJ45O4gtTHEWB13k8IXtc=,UtEE8rhDramcYUbDwS7dilE19qA=
18,-22,9CsUA0NJ45O4gtTHEWB13k8IXtc=,UtEE8rhDramcYUbDwS7dilE19qA=
31,-27,9CsUA0NJ45O4gtTHEWB13k8IXtc=,UtEE8rhDramcYUbDwS7dilE19qA=
16,-21,9CsUA0NJ45O4gtTHEWB13k8IXtc=,UtEE8rhDramcYUbDwS7dilE19qA=
22,-32,9CsUA0NJ45O4gtTHEWB13k8IXtc=,UtEE8rhDramcYUbDwS7dilE19qA=
18,-21,9CsUA0NJ45O4gtTHEWB13k8IXtc=,UtEE8rhDramcYUbDwS7dilE19qA=
19,-25,9CsUA0NJ45O4gtTHEWB13k8IXtc=,UtEE8rhDramcYUbDwS7dilE19qA=
18,-24,9CsUA0NJ45O4gtTHEWB13k8IXtc=,UtEE8rhDramcYUbDwS7dilE19qA=
21,-32,9CsUA0NJ45O4gtTHEWB13k8IXtc=,UtEE8rhDramcYUbDwS7dilE19qA=
19,-23,9CsUA0NJ45O4gtTHEWB13k8IXtc=,UtEE8rhDramcYUbDwS7dilE19qA=
17,-28,9CsUA0NJ45O4gtTHEWB13k8IXtc=,UtEE8rhDramcYUbDwS7dilE19qA=
16,-22,9CsUA0NJ45O4gtTHEWB13k8IXtc=,UtEE8rhDramcYUbDwS7dilE19qA=
17,-24,9CsUA0NJ45O4gtTHEWB13k8IXtc=,UtEE8rhDramcYUbDwS7dilE19qA=
17,-27,9CsUA0NJ45O4gtTHEWB13k8IXtc=,UtEE8rhDramcYUbDwS7dilE19qA=
19,-24,9CsUA0NJ45O4gtTHEWB13k8IXtc=,UtEE8rhDramcYUbDwS7dilE19qA=
17,-23,9CsUA0NJ45O4gtTHEWB13k8IXtc=,UtEE8rhDramcYUbDwS7dilE19qA=
16,-23,9CsUA0NJ45O4gtTHEWB13k8IXtc=,UtEE8rhDramcYUbDwS7dilE19qA=
17,-25,9CsUA0NJ45O4gtTHEWB13k8IXtc=,UtEE8rhDramcYUbDwS7dilE19qA=
18,-26,9CsUA0NJ45O4gtTHEWB13k8IXtc=,UtEE8rhDramcYUbDwS7dilE19qA=
18,-25,9CsUA0NJ45O4gtTHEWB13k8IXtc=,UtEE8rhDramcYUbDwS7dilE19qA=
19,-27,9CsUA0NJ45O4gtTHEWB13k8IXtc=,UtEE8rhDramcYUbDwS7dilE19qA=
19,-26,9CsUA0NJ45O4gtTHEWB13k8IXtc=,UtEE8rhDramcYUbDwS7dilE19qA=
21,-25,9CsUA0NJ45O4gtTHEWB13k8IXtc=,UtEE8rhDramcYUbDwS7dilE19qA=
22,-29,9CsUA0NJ45O4gtTHEWB13k8IXtc=,UtEE8rhDramcYUbDwS7dilE19qA=
16,-17,9CsUA0NJ45O4gtTHEWB13k8IXtc=,UtEE8rhDramcYUbDwS7dilE19qA=
18,-27,9CsUA0NJ45O4gtTHEWB13k8IXtc=,UtEE8rhDramcYUbDwS7dilE19qA=
17,-26,9CsUA0NJ45O4gtTHEWB13k8IXtc=,UtEE8rhDramcYUbDwS7dilE19qA=
30,-27,9CsUA0NJ45O4gtTHEWB13k8IXtc=,UtEE8rhDramcYUbDwS7dilE19qA=
18,-28,9CsUA0NJ45O4gtTHEWB13k8IXtc=,UtEE8rhDramcYUbDwS7dilE19qA=
19,-28,9CsUA0NJ45O4gtTHEWB13k8IXtc=,UtEE8rhDramcYUbDwS7dilE19qA=
20,-31,/EROQnhpJnf/fY8DXucYS720lO0=,UtEE8rhDramcYUbDwS7dilE19qA=
17,-17,/EROQnhpJnf/fY8DXucYS720lO0=,UtEE8rhDramcYUbDwS7dilE19qA=
25,-23,/EROQnhpJnf/fY8DXucYS720lO0=,UtEE8rhDramcYUbDwS7dilE19qA=
20,-25,/EROQnhpJnf/fY8DXucYS720lO0=,UtEE8rhDramcYUbDwS7dilE19qA=
25,-22,/EROQnhpJnf/fY8DXucYS720lO0=,UtEE8rhDramcYUbDwS7dilE19qA=
16,-20,/EROQnhpJnf/fY8DXucYS720lO0=,UtEE8rhDramcYUbDwS7dilE19qA=
18,-17,/EROQnhpJnf/fY8DXucYS720lO0=,UtEE8rhDramcYUbDwS7dilE19qA=
19,-17,/EROQnhpJnf/fY8DXucYS720lO0=,UtEE8rhDramcYUbDwS7dilE19qA=
19,-18,/EROQnhpJnf/fY8DXucYS720lO0=,UtEE8rhDramcYUbDwS7dilE19qA=
21,-29,/EROQnhpJnf/fY8DXucYS720lO0=,UtEE8rhDramcYUbDwS7dilE19qA=
19,-20,/EROQnhpJnf/fY8DXucYS720lO0=,UtEE8rhDramcYUbDwS7dilE19qA=
17,-19,/EROQnhpJnf/fY8DXucYS720lO0=,UtEE8rhDramcYUbDwS7dilE19qA=
17,-20,/EROQnhpJnf/fY8DXucYS720lO0=,UtEE8rhDramcYUbDwS7dilE19qA=
29,-27,/EROQnhpJnf/fY8DXucYS720lO0=,UtEE8rhDramcYUbDwS7dilE19qA=
16,-19,/EROQnhpJnf/fY8DXucYS720lO0=,UtEE8rhDramcYUbDwS7dilE19qA=
20,-26,/EROQnhpJnf/fY8DXucYS720lO0=,UtEE8rhDramcYUbDwS7dilE19qA=
18,-20,/EROQnhpJnf/fY8DXucYS720lO0=,UtEE8rhDramcYUbDwS7dilE19qA=
21,-26,/EROQnhpJnf/fY8DXucYS720lO0=,UtEE8rhDramcYUbDwS7dilE19qA=
19,-19,/EROQnhpJnf/fY8DXucYS720lO0=,UtEE8rhDramcYUbDwS7dilE19qA=
18,-19,/EROQnhpJnf/fY8DXucYS720lO0=,UtEE8rhDramcYUbDwS7dilE19qA=
28,-24,twrUiSAyTf/SbN3mUCTUwOS1Ye0=,UtEE8rhDramcYUbDwS7dilE19qA=
16,-18,twrUiSAyTf/SbN3mUCTUwOS1Ye0=,UtEE8rhDramcYUbDwS7dilE19qA=
20,-30,twrUiSAyTf/SbN3mUCTUwOS1Ye0=,UtEE8rhDramcYUbDwS7dilE19qA=
25,-21,twrUiSAyTf/SbN3mUCTUwOS1Ye0=,UtEE8rhDramcYUbDwS7dilE19qA=
18,-18,twrUiSAyTf/SbN3mUCTUwOS1Ye0=,UtEE8rhDramcYUbDwS7dilE19qA=
22,-26,twrUiSAyTf/SbN3mUCTUwOS1Ye0=,UtEE8rhDramcYUbDwS7dilE19qA=
28,-31,twrUiSAyTf/SbN3mUCTUwOS1Ye0=,UtEE8rhDramcYUbDwS7dilE19qA=
20,-29,twrUiSAyTf/SbN3mUCTUwOS1Ye0=,UtEE8rhDramcYUbDwS7dilE19qA=
28,-27,twrUiSAyTf/SbN3mUCTUwOS1Ye0=,UtEE8rhDramcYUbDwS7dilE19qA=
22,-30,twrUiSAyTf/SbN3mUCTUwOS1Ye0=,UtEE8rhDramcYUbDwS7dilE19qA=
24,-30,twrUiSAyTf/SbN3mUCTUwOS1Ye0=,UtEE8rhDramcYUbDwS7dilE19qA=
21,-30,Yd4mUsU1sZyyFXs2+6EH/AWhFh4=,UtEE8rhDramcYUbDwS7dilE19qA=
17,-18,Yd4mUsU1sZyyFXs2+6EH/AWhFh4=,UtEE8rhDramcYUbDwS7dilE19qA=
27,-23,Yd4mUsU1sZyyFXs2+6EH/AWhFh4=,UtEE8rhDramcYUbDwS7dilE19qA=
21,-31,Yd4mUsU1sZyyFXs2+6EH/AWhFh4=,UtEE8rhDramcYUbDwS7dilE19qA=
25,-30,Yd4mUsU1sZyyFXs2+6EH/AWhFh4=,UtEE8rhDramcYUbDwS7dilE19qA=
22,-31,Yd4mUsU1sZyyFXs2+6EH/AWhFh4=,UtEE8rhDramcYUbDwS7dilE19qA=
31,-30,Yd4mUsU1sZyyFXs2+6EH/AWhFh4=,UtEE8rhDramcYUbDwS7dilE19qA=
26,-30,Yd4mUsU1sZyyFXs2+6EH/AWhFh4=,UtEE8rhDramcYUbDwS7dilE19qA=
27,-30,Yd4mUsU1sZyyFXs2+6EH/AWhFh4=,UtEE8rhDramcYUbDwS7dilE19qA=
24,-29,Yd4mUsU1sZyyFXs2+6EH/AWhFh4=,UtEE8rhDramcYUbDwS7dilE19qA=
26,-29,Yd4mUsU1sZyyFXs2+6EH/AWhFh4=,UtEE8rhDramcYUbDwS7dilE19qA=
25,-29,Yd4mUsU1sZyyFXs2+6EH/AWhFh4=,UtEE8rhDramcYUbDwS7dilE19qA=
27,-29,Yd4mUsU1sZyyFXs2+6EH/AWhFh4=,UtEE8rhDramcYUbDwS7dilE19qA=
27,-31,Yd4mUsU1sZyyFXs2+6EH/AWhFh4=,UtEE8rhDramcYUbDwS7dilE19qA=
30,-30,Yd4mUsU1sZyyFXs2+6EH/AWhFh4=,UtEE8rhDramcYUbDwS7dilE19qA=
26,-24,Yd4mUsU1sZyyFXs2+6EH/AWhFh4=,UtEE8rhDramcYUbDwS7dilE19qA=
28,-29,Yd4mUsU1sZyyFXs2+6EH/AWhFh4=,UtEE8rhDramcYUbDwS7dilE19qA=
28,-30,Yd4mUsU1sZyyFXs2+6EH/AWhFh4=,UtEE8rhDramcYUbDwS7dilE19qA=
29,-30,Yd4mUsU1sZyyFXs2+6EH/AWhFh4=,UtEE8rhDramcYUbDwS7dilE19qA=
27,-27,Yd4mUsU1sZyyFXs2+6EH/AWhFh4=,UtEE8rhDramcYUbDwS7dilE19qA=
25,-27,Yd4mUsU1sZyyFXs2+6EH/AWhFh4=,UtEE8rhDramcYUbDwS7dilE19qA=
26,-27,Yd4mUsU1sZyyFXs2+6EH/AWhFh4=,UtEE8rhDramcYUbDwS7dilE19qA=
24,-27,Yd4mUsU1sZyyFXs2+6EH/AWhFh4=,UtEE8rhDramcYUbDwS7dilE19qA=
30,-25,Yd4mUsU1sZyyFXs2+6EH/AWhFh4=,UtEE8rhDramcYUbDwS7dilE19qA=
31,-28,Yd4mUsU1sZyyFXs2+6EH/AWhFh4=,UtEE8rhDramcYUbDwS7dilE19qA=
30,-28,XjN298hqNdiyP3cjtvWA9oXwj60=,UtEE8rhDramcYUbDwS7dilE19qA=
29,-28,XjN298hqNdiyP3cjtvWA9oXwj60=,UtEE8rhDramcYUbDwS7dilE19qA=
26,-31,XjN298hqNdiyP3cjtvWA9oXwj60=,UtEE8rhDramcYUbDwS7dilE19qA=
29,-25,XjN298hqNdiyP3cjtvWA9oXwj60=,UtEE8rhDramcYUbDwS7dilE19qA=
24,-25,XjN298hqNdiyP3cjtvWA9oXwj60=,UtEE8rhDramcYUbDwS7dilE19qA=
28,-28,XjN298hqNdiyP3cjtvWA9oXwj60=,UtEE8rhDramcYUbDwS7dilE19qA=
26,-25,XjN298hqNdiyP3cjtvWA9oXwj60=,UtEE8rhDramcYUbDwS7dilE19qA=
25,-25,XjN298hqNdiyP3cjtvWA9oXwj60=,UtEE8rhDramcYUbDwS7dilE19qA=
28,-25,XjN298hqNdiyP3cjtvWA9oXwj60=,UtEE8rhDramcYUbDwS7dilE19qA=
25,-24,XjN298hqNdiyP3cjtvWA9oXwj60=,UtEE8rhDramcYUbDwS7dilE19qA=
26,-22,XjN298hqNdiyP3cjtvWA9oXwj60=,UtEE8rhDramcYUbDwS7dilE19qA=
27,-25,XjN298hqNdiyP3cjtvWA9oXwj60=,UtEE8rhDramcYUbDwS7dilE19qA=
26,-28,XjN298hqNdiyP3cjtvWA9oXwj60=,UtEE8rhDramcYUbDwS7dilE19qA=
27,-28,XjN298hqNdiyP3cjtvWA9oXwj60=,UtEE8rhDramcYUbDwS7dilE19qA=
24,-21,XjN298hqNdiyP3cjtvWA9oXwj60=,UtEE8rhDramcYUbDwS7dilE19qA=
25,-28,XjN298hqNdiyP3cjtvWA9oXwj60=,UtEE8rhDramcYUbDwS7dilE19qA=
25,-31,XjN298hqNdiyP3cjtvWA9oXwj60=,UtEE8rhDramcYUbDwS7dilE19qA=
24,-22,XjN298hqNdiyP3cjtvWA9oXwj60=,UtEE8rhDramcYUbDwS7dilE19qA=
24,-24,XjN298hqNdiyP3cjtvWA9oXwj60=,UtEE8rhDramcYUbDwS7dilE19qA=
24,-28,XjN298hqNdiyP3cjtvWA9oXwj60=,UtEE8rhDramcYUbDwS7dilE19qA=
26,-23,XjN298hqNdiyP3cjtvWA9oXwj60=,UtEE8rhDramcYUbDwS7dilE19qA=
24,-23,XjN298hqNdiyP3cjtvWA9oXwj60=,UtEE8rhDramcYUbDwS7dilE19qA=
26,-32,XjN298hqNdiyP3cjtvWA9oXwj60=,UtEE8rhDramcYUbDwS7dilE19qA=
24,-32,XjN298hqNdiyP3cjtvWA9oXwj60=,UtEE8rhDramcYUbDwS7dilE19qA=
31,-31,XjN298hqNdiyP3cjtvWA9oXwj60=,UtEE8rhDramcYUbDwS7dilE19qA=
25,-32,XjN298hqNdiyP3cjtvWA9oXwj60=,UtEE8rhDramcYUbDwS7dilE19qA=
27,-32,XjN298hqNdiyP3cjtvWA9oXwj60=,UtEE8rhDramcYUbDwS7dilE19qA=
31,-29,XjN298hqNdiyP3cjtvWA9oXwj60=,UtEE8rhDramcYUbDwS7dilE19qA=
30,-29,XjN298hqNdiyP3cjtvWA9oXwj60=,UtEE8rhDramcYUbDwS7dilE19qA=
29,-29,XjN298hqNdiyP3cjtvWA9oXwj60=,UtEE8rhDramcYUbDwS7dilE19qA=
30,-31,XjN298hqNdiyP3cjtvWA9oXwj60=,UtEE8rhDramcYUbDwS7dilE19qA=
30,-32,XjN298hqNdiyP3cjtvWA9oXwj60=,UtEE8rhDramcYUbDwS7dilE19qA=
29,-32,XjN298hqNdiyP3cjtvWA9oXwj60=,UtEE8rhDramcYUbDwS7dilE19qA=
28,-32,S55SqKtDRMBqCb6cA0e/oBt7c6s=,UtEE8rhDramcYUbDwS7dilE19qA=
24,-31,S55SqKtDRMBqCb6cA0e/oBt7c6s=,UtEE8rhDramcYUbDwS7dilE19qA=
31,-32,S55SqKtDRMBqCb6cA0e/oBt7c6s=,UtEE8rhDramcYUbDwS7dilE19qA=
29,-31,S55SqKtDRMBqCb6cA0e/oBt7c6s=,UtEE8rhDramcYUbDwS7dilE19qA=
8,-31,2qi98s5J6y0Z6si8WRh1tO6iZQ0=,UtEE8rhDramcYUbDwS7dilE19qA=
9,-31,2qi98s5J6y0Z6si8WRh1tO6iZQ0=,UtEE8rhDramcYUbDwS7dilE19qA=
10,-31,2qi98s5J6y0Z6si8WRh1tO6iZQ0=,UtEE8rhDramcYUbDwS7dilE19qA=
1,-18,2qi98s5J6y0Z6si8WRh1tO6iZQ0=,UtEE8rhDramcYUbDwS7dilE19qA=
2,-18,2qi98s5J6y0Z6si8WRh1tO6iZQ0=,UtEE8rhDramcYUbDwS7dilE19qA=
3,-18,2qi98s5J6y0Z6si8WRh1tO6iZQ0=,UtEE8rhDramcYUbDwS7dilE19qA=
4,-18,2qi98s5J6y0Z6si8WRh1tO6iZQ0=,UtEE8rhDramcYUbDwS7dilE19qA=
5,-18,2qi98s5J6y0Z6si8WRh1tO6iZQ0=,UtEE8rhDramcYUbDwS7dilE19qA=
1,-24,2qi98s5J6y0Z6si8WRh1tO6iZQ0=,UtEE8rhDramcYUbDwS7dilE19qA=
2,-24,2qi98s5J6y0Z6si8WRh1tO6iZQ0=,UtEE8rhDramcYUbDwS7dilE19qA=
6,-18,2qi98s5J6y0Z6si8WRh1tO6iZQ0=,UtEE8rhDramcYUbDwS7dilE19qA=
3,-24,2qi98s5J6y0Z6si8WRh1tO6iZQ0=,UtEE8rhDramcYUbDwS7dilE19qA=
4,-24,2qi98s5J6y0Z6si8WRh1tO6iZQ0=,UtEE8rhDramcYUbDwS7dilE19qA=
5,-24,2qi98s5J6y0Z6si8WRh1tO6iZQ0=,UtEE8rhDramcYUbDwS7dilE19qA=
6,-24,2qi98s5J6y0Z6si8WRh1tO6iZQ0=,UtEE8rhDramcYUbDwS7dilE19qA=
1,-23,2qi98s5J6y0Z6si8WRh1tO6iZQ0=,UtEE8rhDramcYUbDwS7dilE19qA=
2,-23,2qi98s5J6y0Z6si8WRh1tO6iZQ0=,UtEE8rhDramcYUbDwS7dilE19qA=
3,-23,2qi98s5J6y0Z6si8WRh1tO6iZQ0=,UtEE8rhDramcYUbDwS7dilE19qA=
4,-23,2qi98s5J6y0Z6si8WRh1tO6iZQ0=,UtEE8rhDramcYUbDwS7dilE19qA=
5,-23,2qi98s5J6y0Z6si8WRh1tO6iZQ0=,UtEE8rhDramcYUbDwS7dilE19qA=
6,-23,2qi98s5J6y0Z6si8WRh1tO6iZQ0=,UtEE8rhDramcYUbDwS7dilE19qA=
1,-22,2qi98s5J6y0Z6si8WRh1tO6iZQ0=,UtEE8rhDramcYUbDwS7dilE19qA=
2,-22,2qi98s5J6y0Z6si8WRh1tO6iZQ0=,UtEE8rhDramcYUbDwS7dilE19qA=
3,-22,2qi98s5J6y0Z6si8WRh1tO6iZQ0=,UtEE8rhDramcYUbDwS7dilE19qA=
4,-22,2qi98s5J6y0Z6si8WRh1tO6iZQ0=,UtEE8rhDramcYUbDwS7dilE19qA=
5,-22,2qi98s5J6y0Z6si8WRh1tO6iZQ0=,UtEE8rhDramcYUbDwS7dilE19qA=
6,-22,2qi98s5J6y0Z6si8WRh1tO6iZQ0=,UtEE8rhDramcYUbDwS7dilE19qA=
1,-21,2qi98s5J6y0Z6si8WRh1tO6iZQ0=,UtEE8rhDramcYUbDwS7dilE19qA=
2,-21,2qi98s5J6y0Z6si8WRh1tO6iZQ0=,UtEE8rhDramcYUbDwS7dilE19qA=
3,-21,2qi98s5J6y0Z6si8WRh1tO6iZQ0=,UtEE8rhDramcYUbDwS7dilE19qA=
4,-21,2qi98s5J6y0Z6si8WRh1tO6iZQ0=,UtEE8rhDramcYUbDwS7dilE19qA=
5,-21,2qi98s5J6y0Z6si8WRh1tO6iZQ0=,UtEE8rhDramcYUbDwS7dilE19qA=
6,-21,2qi98s5J6y0Z6si8WRh1tO6iZQ0=,UtEE8rhDramcYUbDwS7dilE19qA=
1,-20,2qi98s5J6y0Z6si8WRh1tO6iZQ0=,UtEE8rhDramcYUbDwS7dilE19qA=
2,-20,2qi98s5J6y0Z6si8WRh1tO6iZQ0=,UtEE8rhDramcYUbDwS7dilE19qA=
3,-20,2qi98s5J6y0Z6si8WRh1tO6iZQ0=,UtEE8rhDramcYUbDwS7dilE19qA=
4,-20,2qi98s5J6y0Z6si8WRh1tO6iZQ0=,UtEE8rhDramcYUbDwS7dilE19qA=
5,-20,2qi98s5J6y0Z6si8WRh1tO6iZQ0=,UtEE8rhDramcYUbDwS7dilE19qA=
6,-20,2qi98s5J6y0Z6si8WRh1tO6iZQ0=,UtEE8rhDramcYUbDwS7dilE19qA=
1,-19,2qi98s5J6y0Z6si8WRh1tO6iZQ0=,UtEE8rhDramcYUbDwS7dilE19qA=
2,-19,2qi98s5J6y0Z6si8WRh1tO6iZQ0=,UtEE8rhDramcYUbDwS7dilE19qA=
3,-19,2qi98s5J6y0Z6si8WRh1tO6iZQ0=,UtEE8rhDramcYUbDwS7dilE19qA=
4,-19,2qi98s5J6y0Z6si8WRh1tO6iZQ0=,UtEE8rhDramcYUbDwS7dilE19qA=
5,-19,2qi98s5J6y0Z6si8WRh1tO6iZQ0=,UtEE8rhDramcYUbDwS7dilE19qA=
6,-19,2qi98s5J6y0Z6si8WRh1tO6iZQ0=,UtEE8rhDramcYUbDwS7dilE19qA=
11,-31,2qi98s5J6y0Z6si8WRh1tO6iZQ0=,UtEE8rhDramcYUbDwS7dilE19qA=
12,-31,2qi98s5J6y0Z6si8WRh1tO6iZQ0=,UtEE8rhDramcYUbDwS7dilE19qA=
13,-31,2qi98s5J6y0Z6si8WRh1tO6iZQ0=,UtEE8rhDramcYUbDwS7dilE19qA=
14,-31,2qi98s5J6y0Z6si8WRh1tO6iZQ0=,UtEE8rhDramcYUbDwS7dilE19qA=
8,-30,2qi98s5J6y0Z6si8WRh1tO6iZQ0=,UtEE8rhDramcYUbDwS7dilE19qA=
9,-30,2qi98s5J6y0Z6si8WRh1tO6iZQ0=,UtEE8rhDramcYUbDwS7dilE19qA=
10,-30,2qi98s5J6y0Z6si8WRh1tO6iZQ0=,UtEE8rhDramcYUbDwS7dilE19qA=
11,-30,2qi98s5J6y0Z6si8WRh1tO6iZQ0=,UtEE8rhDramcYUbDwS7dilE19qA=
13,-30,2qi98s5J6y0Z6si8WRh1tO6iZQ0=,UtEE8rhDramcYUbDwS7dilE19qA=
12,-30,2qi98s5J6y0Z6si8WRh1tO6iZQ0=,UtEE8rhDramcYUbDwS7dilE19qA=
14,-30,2qi98s5J6y0Z6si8WRh1tO6iZQ0=,UtEE8rhDramcYUbDwS7dilE19qA=
8,-29,2qi98s5J6y0Z6si8WRh1tO6iZQ0=,UtEE8rhDramcYUbDwS7dilE19qA=
9,-29,2qi98s5J6y0Z6si8WRh1tO6iZQ0=,UtEE8rhDramcYUbDwS7dilE19qA=
10,-29,2qi98s5J6y0Z6si8WRh1tO6iZQ0=,UtEE8rhDramcYUbDwS7dilE19qA=
11,-29,2qi98s5J6y0Z6si8WRh1tO6iZQ0=,UtEE8rhDramcYUbDwS7dilE19qA=
13,-29,2qi98s5J6y0Z6si8WRh1tO6iZQ0=,UtEE8rhDramcYUbDwS7dilE19qA=
12,-29,2qi98s5J6y0Z6si8WRh1tO6iZQ0=,UtEE8rhDramcYUbDwS7dilE19qA=
14,-29,2qi98s5J6y0Z6si8WRh1tO6iZQ0=,UtEE8rhDramcYUbDwS7dilE19qA=
8,-28,2qi98s5J6y0Z6si8WRh1tO6iZQ0=,UtEE8rhDramcYUbDwS7dilE19qA=
9,-28,2qi98s5J6y0Z6si8WRh1tO6iZQ0=,UtEE8rhDramcYUbDwS7dilE19qA=
10,-28,2qi98s5J6y0Z6si8WRh1tO6iZQ0=,UtEE8rhDramcYUbDwS7dilE19qA=
11,-28,2qi98s5J6y0Z6si8WRh1tO6iZQ0=,UtEE8rhDramcYUbDwS7dilE19qA=
12,-28,2qi98s5J6y0Z6si8WRh1tO6iZQ0=,UtEE8rhDramcYUbDwS7dilE19qA=
13,-28,2qi98s5J6y0Z6si8WRh1tO6iZQ0=,UtEE8rhDramcYUbDwS7dilE19qA=
14,-28,2qi98s5J6y0Z6si8WRh1tO6iZQ0=,UtEE8rhDramcYUbDwS7dilE19qA=
8,-27,2qi98s5J6y0Z6si8WRh1tO6iZQ0=,UtEE8rhDramcYUbDwS7dilE19qA=
9,-27,2qi98s5J6y0Z6si8WRh1tO6iZQ0=,UtEE8rhDramcYUbDwS7dilE19qA=
10,-27,2qi98s5J6y0Z6si8WRh1tO6iZQ0=,UtEE8rhDramcYUbDwS7dilE19qA=
11,-27,2qi98s5J6y0Z6si8WRh1tO6iZQ0=,UtEE8rhDramcYUbDwS7dilE19qA=
12,-27,2qi98s5J6y0Z6si8WRh1tO6iZQ0=,UtEE8rhDramcYUbDwS7dilE19qA=
13,-27,2qi98s5J6y0Z6si8WRh1tO6iZQ0=,UtEE8rhDramcYUbDwS7dilE19qA=
14,-27,2qi98s5J6y0Z6si8WRh1tO6iZQ0=,UtEE8rhDramcYUbDwS7dilE19qA=
8,-26,2qi98s5J6y0Z6si8WRh1tO6iZQ0=,UtEE8rhDramcYUbDwS7dilE19qA=
9,-26,2qi98s5J6y0Z6si8WRh1tO6iZQ0=,UtEE8rhDramcYUbDwS7dilE19qA=
10,-26,2qi98s5J6y0Z6si8WRh1tO6iZQ0=,UtEE8rhDramcYUbDwS7dilE19qA=
11,-26,2qi98s5J6y0Z6si8WRh1tO6iZQ0=,UtEE8rhDramcYUbDwS7dilE19qA=
12,-26,2qi98s5J6y0Z6si8WRh1tO6iZQ0=,UtEE8rhDramcYUbDwS7dilE19qA=
13,-26,2qi98s5J6y0Z6si8WRh1tO6iZQ0=,UtEE8rhDramcYUbDwS7dilE19qA=
14,-26,2qi98s5J6y0Z6si8WRh1tO6iZQ0=,UtEE8rhDramcYUbDwS7dilE19qA=
15,-31,2qi98s5J6y0Z6si8WRh1tO6iZQ0=,UtEE8rhDramcYUbDwS7dilE19qA=
15,-30,2qi98s5J6y0Z6si8WRh1tO6iZQ0=,UtEE8rhDramcYUbDwS7dilE19qA=
15,-29,2qi98s5J6y0Z6si8WRh1tO6iZQ0=,UtEE8rhDramcYUbDwS7dilE19qA=
15,-28,2qi98s5J6y0Z6si8WRh1tO6iZQ0=,UtEE8rhDramcYUbDwS7dilE19qA=
15,-27,2qi98s5J6y0Z6si8WRh1tO6iZQ0=,UtEE8rhDramcYUbDwS7dilE19qA=
15,-26,2qi98s5J6y0Z6si8WRh1tO6iZQ0=,UtEE8rhDramcYUbDwS7dilE19qA=
9,-32,4Qu4VK2Tt4gBFscamD7mKUtuRjs=,UtEE8rhDramcYUbDwS7dilE19qA=
10,-32,4Qu4VK2Tt4gBFscamD7mKUtuRjs=,UtEE8rhDramcYUbDwS7dilE19qA=
11,-32,4Qu4VK2Tt4gBFscamD7mKUtuRjs=,UtEE8rhDramcYUbDwS7dilE19qA=
12,-32,4Qu4VK2Tt4gBFscamD7mKUtuRjs=,UtEE8rhDramcYUbDwS7dilE19qA=
13,-32,4Qu4VK2Tt4gBFscamD7mKUtuRjs=,UtEE8rhDramcYUbDwS7dilE19qA=
14,-32,4Qu4VK2Tt4gBFscamD7mKUtuRjs=,UtEE8rhDramcYUbDwS7dilE19qA=
0,-18,4Qu4VK2Tt4gBFscamD7mKUtuRjs=,UtEE8rhDramcYUbDwS7dilE19qA=
0,-23,4Qu4VK2Tt4gBFscamD7mKUtuRjs=,UtEE8rhDramcYUbDwS7dilE19qA=
0,-22,4Qu4VK2Tt4gBFscamD7mKUtuRjs=,UtEE8rhDramcYUbDwS7dilE19qA=
0,-21,4Qu4VK2Tt4gBFscamD7mKUtuRjs=,UtEE8rhDramcYUbDwS7dilE19qA=
0,-20,4Qu4VK2Tt4gBFscamD7mKUtuRjs=,UtEE8rhDramcYUbDwS7dilE19qA=
0,-19,4Qu4VK2Tt4gBFscamD7mKUtuRjs=,UtEE8rhDramcYUbDwS7dilE19qA=
1,-17,4Qu4VK2Tt4gBFscamD7mKUtuRjs=,UtEE8rhDramcYUbDwS7dilE19qA=
2,-17,4Qu4VK2Tt4gBFscamD7mKUtuRjs=,UtEE8rhDramcYUbDwS7dilE19qA=
3,-17,4Qu4VK2Tt4gBFscamD7mKUtuRjs=,UtEE8rhDramcYUbDwS7dilE19qA=
4,-17,4Qu4VK2Tt4gBFscamD7mKUtuRjs=,UtEE8rhDramcYUbDwS7dilE19qA=
0,-17,4Qu4VK2Tt4gBFscamD7mKUtuRjs=,UtEE8rhDramcYUbDwS7dilE19qA=
12,-25,4Qu4VK2Tt4gBFscamD7mKUtuRjs=,UtEE8rhDramcYUbDwS7dilE19qA=
13,-25,4Qu4VK2Tt4gBFscamD7mKUtuRjs=,UtEE8rhDramcYUbDwS7dilE19qA=
15,-32,4Qu4VK2Tt4gBFscamD7mKUtuRjs=,UtEE8rhDramcYUbDwS7dilE19qA=
8,-32,4Qu4VK2Tt4gBFscamD7mKUtuRjs=,UtEE8rhDramcYUbDwS7dilE19qA=
0,-24,4Qu4VK2Tt4gBFscamD7mKUtuRjs=,UtEE8rhDramcYUbDwS7dilE19qA=
9,-21,4Qu4VK2Tt4gBFscamD7mKUtuRjs=,UtEE8rhDramcYUbDwS7dilE19qA=
7,-19,4Qu4VK2Tt4gBFscamD7mKUtuRjs=,UtEE8rhDramcYUbDwS7dilE19qA=
11,-25,4Qu4VK2Tt4gBFscamD7mKUtuRjs=,UtEE8rhDramcYUbDwS7dilE19qA=
10,-25,4Qu4VK2Tt4gBFscamD7mKUtuRjs=,UtEE8rhDramcYUbDwS7dilE19qA=
7,-20,4Qu4VK2Tt4gBFscamD7mKUtuRjs=,UtEE8rhDramcYUbDwS7dilE19qA=
13,-24,4Qu4VK2Tt4gBFscamD7mKUtuRjs=,UtEE8rhDramcYUbDwS7dilE19qA=
9,-25,4Qu4VK2Tt4gBFscamD7mKUtuRjs=,UtEE8rhDramcYUbDwS7dilE19qA=
8,-25,4Qu4VK2Tt4gBFscamD7mKUtuRjs=,UtEE8rhDramcYUbDwS7dilE19qA=
7,-21,4Qu4VK2Tt4gBFscamD7mKUtuRjs=,UtEE8rhDramcYUbDwS7dilE19qA=
12,-23,4Qu4VK2Tt4gBFscamD7mKUtuRjs=,UtEE8rhDramcYUbDwS7dilE19qA=
9,-20,4Qu4VK2Tt4gBFscamD7mKUtuRjs=,UtEE8rhDramcYUbDwS7dilE19qA=
8,-20,4Qu4VK2Tt4gBFscamD7mKUtuRjs=,UtEE8rhDramcYUbDwS7dilE19qA=
12,-24,4Qu4VK2Tt4gBFscamD7mKUtuRjs=,UtEE8rhDramcYUbDwS7dilE19qA=
11,-24,4Qu4VK2Tt4gBFscamD7mKUtuRjs=,UtEE8rhDramcYUbDwS7dilE19qA=
11,-23,4Qu4VK2Tt4gBFscamD7mKUtuRjs=,UtEE8rhDramcYUbDwS7dilE19qA=
10,-23,4Qu4VK2Tt4gBFscamD7mKUtuRjs=,UtEE8rhDramcYUbDwS7dilE19qA=
7,-22,4Qu4VK2Tt4gBFscamD7mKUtuRjs=,UtEE8rhDramcYUbDwS7dilE19qA=
9,-23,4Qu4VK2Tt4gBFscamD7mKUtuRjs=,UtEE8rhDramcYUbDwS7dilE19qA=
10,-24,4Qu4VK2Tt4gBFscamD7mKUtuRjs=,UtEE8rhDramcYUbDwS7dilE19qA=
8,-21,4Qu4VK2Tt4gBFscamD7mKUtuRjs=,UtEE8rhDramcYUbDwS7dilE19qA=
10,-22,4Qu4VK2Tt4gBFscamD7mKUtuRjs=,UtEE8rhDramcYUbDwS7dilE19qA=
9,-19,4Qu4VK2Tt4gBFscamD7mKUtuRjs=,UtEE8rhDramcYUbDwS7dilE19qA=
9,-24,4Qu4VK2Tt4gBFscamD7mKUtuRjs=,UtEE8rhDramcYUbDwS7dilE19qA=
9,-22,4Qu4VK2Tt4gBFscamD7mKUtuRjs=,UtEE8rhDramcYUbDwS7dilE19qA=
8,-22,4Qu4VK2Tt4gBFscamD7mKUtuRjs=,UtEE8rhDramcYUbDwS7dilE19qA=
8,-24,4Qu4VK2Tt4gBFscamD7mKUtuRjs=,UtEE8rhDramcYUbDwS7dilE19qA=
8,-19,4Qu4VK2Tt4gBFscamD7mKUtuRjs=,UtEE8rhDramcYUbDwS7dilE19qA=
8,-23,4Qu4VK2Tt4gBFscamD7mKUtuRjs=,UtEE8rhDramcYUbDwS7dilE19qA=
7,-23,4Qu4VK2Tt4gBFscamD7mKUtuRjs=,UtEE8rhDramcYUbDwS7dilE19qA=
10,-21,4Qu4VK2Tt4gBFscamD7mKUtuRjs=,UtEE8rhDramcYUbDwS7dilE19qA=
8,-18,4Qu4VK2Tt4gBFscamD7mKUtuRjs=,UtEE8rhDramcYUbDwS7dilE19qA=
5,-17,4Qu4VK2Tt4gBFscamD7mKUtuRjs=,UtEE8rhDramcYUbDwS7dilE19qA=
11,-22,4Qu4VK2Tt4gBFscamD7mKUtuRjs=,UtEE8rhDramcYUbDwS7dilE19qA=
13,-23,4Qu4VK2Tt4gBFscamD7mKUtuRjs=,UtEE8rhDramcYUbDwS7dilE19qA=
10,-20,4Qu4VK2Tt4gBFscamD7mKUtuRjs=,UtEE8rhDramcYUbDwS7dilE19qA=
7,-17,4Qu4VK2Tt4gBFscamD7mKUtuRjs=,UtEE8rhDramcYUbDwS7dilE19qA=
11,-21,ltAvTYQTFEIYVmhUBWrYvRd8Cdo=,UtEE8rhDramcYUbDwS7dilE19qA=
12,-22,ltAvTYQTFEIYVmhUBWrYvRd8Cdo=,UtEE8rhDramcYUbDwS7dilE19qA=
6,-17,ltAvTYQTFEIYVmhUBWrYvRd8Cdo=,UtEE8rhDramcYUbDwS7dilE19qA=
12,-17,ltAvTYQTFEIYVmhUBWrYvRd8Cdo=,UtEE8rhDramcYUbDwS7dilE19qA=
13,-22,ltAvTYQTFEIYVmhUBWrYvRd8Cdo=,UtEE8rhDramcYUbDwS7dilE19qA=
14,-22,ltAvTYQTFEIYVmhUBWrYvRd8Cdo=,UtEE8rhDramcYUbDwS7dilE19qA=
14,-23,ltAvTYQTFEIYVmhUBWrYvRd8Cdo=,UtEE8rhDramcYUbDwS7dilE19qA=
14,-21,ltAvTYQTFEIYVmhUBWrYvRd8Cdo=,UtEE8rhDramcYUbDwS7dilE19qA=
10,-19,ltAvTYQTFEIYVmhUBWrYvRd8Cdo=,UtEE8rhDramcYUbDwS7dilE19qA=
15,-21,ltAvTYQTFEIYVmhUBWrYvRd8Cdo=,UtEE8rhDramcYUbDwS7dilE19qA=
15,-17,ltAvTYQTFEIYVmhUBWrYvRd8Cdo=,UtEE8rhDramcYUbDwS7dilE19qA=
13,-21,ltAvTYQTFEIYVmhUBWrYvRd8Cdo=,UtEE8rhDramcYUbDwS7dilE19qA=
15,-23,ltAvTYQTFEIYVmhUBWrYvRd8Cdo=,UtEE8rhDramcYUbDwS7dilE19qA=
11,-20,ltAvTYQTFEIYVmhUBWrYvRd8Cdo=,UtEE8rhDramcYUbDwS7dilE19qA=
15,-22,ltAvTYQTFEIYVmhUBWrYvRd8Cdo=,UtEE8rhDramcYUbDwS7dilE19qA=
12,-20,ltAvTYQTFEIYVmhUBWrYvRd8Cdo=,UtEE8rhDramcYUbDwS7dilE19qA=
14,-25,ltAvTYQTFEIYVmhUBWrYvRd8Cdo=,UtEE8rhDramcYUbDwS7dilE19qA=
11,-19,ltAvTYQTFEIYVmhUBWrYvRd8Cdo=,UtEE8rhDramcYUbDwS7dilE19qA=
12,-21,ltAvTYQTFEIYVmhUBWrYvRd8Cdo=,UtEE8rhDramcYUbDwS7dilE19qA=
11,-17,ltAvTYQTFEIYVmhUBWrYvRd8Cdo=,UtEE8rhDramcYUbDwS7dilE19qA=
13,-19,ltAvTYQTFEIYVmhUBWrYvRd8Cdo=,UtEE8rhDramcYUbDwS7dilE19qA=
11,-18,ltAvTYQTFEIYVmhUBWrYvRd8Cdo=,UtEE8rhDramcYUbDwS7dilE19qA=
10,-18,ltAvTYQTFEIYVmhUBWrYvRd8Cdo=,UtEE8rhDramcYUbDwS7dilE19qA=
7,-24,ltAvTYQTFEIYVmhUBWrYvRd8Cdo=,UtEE8rhDramcYUbDwS7dilE19qA=
7,-18,ltAvTYQTFEIYVmhUBWrYvRd8Cdo=,UtEE8rhDramcYUbDwS7dilE19qA=
15,-20,ltAvTYQTFEIYVmhUBWrYvRd8Cdo=,UtEE8rhDramcYUbDwS7dilE19qA=
12,-18,ltAvTYQTFEIYVmhUBWrYvRd8Cdo=,UtEE8rhDramcYUbDwS7dilE19qA=
14,-20,ltAvTYQTFEIYVmhUBWrYvRd8Cdo=,UtEE8rhDramcYUbDwS7dilE19qA=
14,-24,ltAvTYQTFEIYVmhUBWrYvRd8Cdo=,UtEE8rhDramcYUbDwS7dilE19qA=
14,-18,ltAvTYQTFEIYVmhUBWrYvRd8Cdo=,UtEE8rhDramcYUbDwS7dilE19qA=
15,-25,ltAvTYQTFEIYVmhUBWrYvRd8Cdo=,UtEE8rhDramcYUbDwS7dilE19qA=
13,-20,ltAvTYQTFEIYVmhUBWrYvRd8Cdo=,UtEE8rhDramcYUbDwS7dilE19qA=
13,-17,ltAvTYQTFEIYVmhUBWrYvRd8Cdo=,UtEE8rhDramcYUbDwS7dilE19qA=
14,-17,ltAvTYQTFEIYVmhUBWrYvRd8Cdo=,UtEE8rhDramcYUbDwS7dilE19qA=
12,-19,ltAvTYQTFEIYVmhUBWrYvRd8Cdo=,UtEE8rhDramcYUbDwS7dilE19qA=
9,-18,V3XkJpKhqoZiWJkZ5dB3buaaP8w=,UtEE8rhDramcYUbDwS7dilE19qA=
13,-18,V3XkJpKhqoZiWJkZ5dB3buaaP8w=,UtEE8rhDramcYUbDwS7dilE19qA=
10,-17,V3XkJpKhqoZiWJkZ5dB3buaaP8w=,UtEE8rhDramcYUbDwS7dilE19qA=
15,-19,V3XkJpKhqoZiWJkZ5dB3buaaP8w=,UtEE8rhDramcYUbDwS7dilE19qA=
8,-17,V3XkJpKhqoZiWJkZ5dB3buaaP8w=,UtEE8rhDramcYUbDwS7dilE19qA=
15,-24,V3XkJpKhqoZiWJkZ5dB3buaaP8w=,UtEE8rhDramcYUbDwS7dilE19qA=
9,-17,V3XkJpKhqoZiWJkZ5dB3buaaP8w=,UtEE8rhDramcYUbDwS7dilE19qA=
15,-18,V3XkJpKhqoZiWJkZ5dB3buaaP8w=,UtEE8rhDramcYUbDwS7dilE19qA=
14,-19,V3XkJpKhqoZiWJkZ5dB3buaaP8w=,UtEE8rhDramcYUbDwS7dilE19qA=
1,-15,Ms9gGzSetM8CLZG/yEeA6Rtd7K4=,PGPzBKCncyxuz7fB83A5pJoWAwM=
2,-15,Ms9gGzSetM8CLZG/yEeA6Rtd7K4=,PGPzBKCncyxuz7fB83A5pJoWAwM=
3,-15,Ms9gGzSetM8CLZG/yEeA6Rtd7K4=,PGPzBKCncyxuz7fB83A5pJoWAwM=
4,-15,Ms9gGzSetM8CLZG/yEeA6Rtd7K4=,PGPzBKCncyxuz7fB83A5pJoWAwM=
1,-14,Ms9gGzSetM8CLZG/yEeA6Rtd7K4=,PGPzBKCncyxuz7fB83A5pJoWAwM=
2,-14,Ms9gGzSetM8CLZG/yEeA6Rtd7K4=,PGPzBKCncyxuz7fB83A5pJoWAwM=
3,-14,Ms9gGzSetM8CLZG/yEeA6Rtd7K4=,PGPzBKCncyxuz7fB83A5pJoWAwM=
4,-14,Ms9gGzSetM8CLZG/yEeA6Rtd7K4=,PGPzBKCncyxuz7fB83A5pJoWAwM=
1,-13,Ms9gGzSetM8CLZG/yEeA6Rtd7K4=,PGPzBKCncyxuz7fB83A5pJoWAwM=
2,-13,Ms9gGzSetM8CLZG/yEeA6Rtd7K4=,PGPzBKCncyxuz7fB83A5pJoWAwM=
3,-13,Ms9gGzSetM8CLZG/yEeA6Rtd7K4=,PGPzBKCncyxuz7fB83A5pJoWAwM=
4,-13,Ms9gGzSetM8CLZG/yEeA6Rtd7K4=,PGPzBKCncyxuz7fB83A5pJoWAwM=
1,-12,Ms9gGzSetM8CLZG/yEeA6Rtd7K4=,PGPzBKCncyxuz7fB83A5pJoWAwM=
2,-12,Ms9gGzSetM8CLZG/yEeA6Rtd7K4=,PGPzBKCncyxuz7fB83A5pJoWAwM=
3,-12,Ms9gGzSetM8CLZG/yEeA6Rtd7K4=,PGPzBKCncyxuz7fB83A5pJoWAwM=
1,-11,Ms9gGzSetM8CLZG/yEeA6Rtd7K4=,PGPzBKCncyxuz7fB83A5pJoWAwM=
2,-11,Ms9gGzSetM8CLZG/yEeA6Rtd7K4=,PGPzBKCncyxuz7fB83A5pJoWAwM=
12,-4,V2wnXDzaj68JpVLgjK8HyjamJZM=,scrHtXWuaOPNQqcvTHflAe2lC0M=
13,-4,V2wnXDzaj68JpVLgjK8HyjamJZM=,scrHtXWuaOPNQqcvTHflAe2lC0M=
13,-5,V2wnXDzaj68JpVLgjK8HyjamJZM=,scrHtXWuaOPNQqcvTHflAe2lC0M=
14,-5,V2wnXDzaj68JpVLgjK8HyjamJZM=,scrHtXWuaOPNQqcvTHflAe2lC0M=
14,-4,V2wnXDzaj68JpVLgjK8HyjamJZM=,scrHtXWuaOPNQqcvTHflAe2lC0M=
14,-7,V2wnXDzaj68JpVLgjK8HyjamJZM=,scrHtXWuaOPNQqcvTHflAe2lC0M=
14,-6,V2wnXDzaj68JpVLgjK8HyjamJZM=,scrHtXWuaOPNQqcvTHflAe2lC0M=
15,-5,V2wnXDzaj68JpVLgjK8HyjamJZM=,scrHtXWuaOPNQqcvTHflAe2lC0M=
15,-4,V2wnXDzaj68JpVLgjK8HyjamJZM=,scrHtXWuaOPNQqcvTHflAe2lC0M=
15,-7,V2wnXDzaj68JpVLgjK8HyjamJZM=,scrHtXWuaOPNQqcvTHflAe2lC0M=
15,-6,V2wnXDzaj68JpVLgjK8HyjamJZM=,scrHtXWuaOPNQqcvTHflAe2lC0M=
14,-8,V2wnXDzaj68JpVLgjK8HyjamJZM=,scrHtXWuaOPNQqcvTHflAe2lC0M=
7,-1,V2wnXDzaj68JpVLgjK8HyjamJZM=,VJnmA4/lSm0LOmYB7iyBuaZQm8g=
15,-8,V2wnXDzaj68JpVLgjK8HyjamJZM=,scrHtXWuaOPNQqcvTHflAe2lC0M=
7,-3,Fd1+PWgylPwqj8hIKVCAgLifT1k=,VJnmA4/lSm0LOmYB7iyBuaZQm8g=
6,-12,Fd1+PWgylPwqj8hIKVCAgLifT1k=,PGPzBKCncyxuz7fB83A5pJoWAwM=
10,-7,Fd1+PWgylPwqj8hIKVCAgLifT1k=,scrHtXWuaOPNQqcvTHflAe2lC0M=
13,-8,Fd1+PWgylPwqj8hIKVCAgLifT1k=,scrHtXWuaOPNQqcvTHflAe2lC0M=
4,-12,Fd1+PWgylPwqj8hIKVCAgLifT1k=,PGPzBKCncyxuz7fB83A5pJoWAwM=
11,-8,Fd1+PWgylPwqj8hIKVCAgLifT1k=,scrHtXWuaOPNQqcvTHflAe2lC0M=
7,-12,Fd1+PWgylPwqj8hIKVCAgLifT1k=,PGPzBKCncyxuz7fB83A5pJoWAwM=
7,-8,Fd1+PWgylPwqj8hIKVCAgLifT1k=,VJnmA4/lSm0LOmYB7iyBuaZQm8g=
10,-5,Fd1+PWgylPwqj8hIKVCAgLifT1k=,scrHtXWuaOPNQqcvTHflAe2lC0M=
10,-9,Fd1+PWgylPwqj8hIKVCAgLifT1k=,UtEE8rhDramcYUbDwS7dilE19qA=
6,-11,Fd1+PWgylPwqj8hIKVCAgLifT1k=,PGPzBKCncyxuz7fB83A5pJoWAwM=
9,-9,Fd1+PWgylPwqj8hIKVCAgLifT1k=,UtEE8rhDramcYUbDwS7dilE19qA=
4,-11,Fd1+PWgylPwqj8hIKVCAgLifT1k=,PGPzBKCncyxuz7fB83A5pJoWAwM=
5,-11,Fd1+PWgylPwqj8hIKVCAgLifT1k=,PGPzBKCncyxuz7fB83A5pJoWAwM=
5,-12,Fd1+PWgylPwqj8hIKVCAgLifT1k=,PGPzBKCncyxuz7fB83A5pJoWAwM=
7,-11,Fd1+PWgylPwqj8hIKVCAgLifT1k=,PGPzBKCncyxuz7fB83A5pJoWAwM=
8,-9,Fd1+PWgylPwqj8hIKVCAgLifT1k=,UtEE8rhDramcYUbDwS7dilE19qA=
7,-5,Fd1+PWgylPwqj8hIKVCAgLifT1k=,VJnmA4/lSm0LOmYB7iyBuaZQm8g=
13,-6,Fd1+PWgylPwqj8hIKVCAgLifT1k=,scrHtXWuaOPNQqcvTHflAe2lC0M=
6,-3,xyiUI3hFZhnGXoTOh8K/9LS21jE=,VJnmA4/lSm0LOmYB7iyBuaZQm8g=
12,-6,xyiUI3hFZhnGXoTOh8K/9LS21jE=,scrHtXWuaOPNQqcvTHflAe2lC0M=
7,-2,xyiUI3hFZhnGXoTOh8K/9LS21jE=,VJnmA4/lSm0LOmYB7iyBuaZQm8g=
12,-5,xyiUI3hFZhnGXoTOh8K/9LS21jE=,scrHtXWuaOPNQqcvTHflAe2lC0M=
7,-4,xyiUI3hFZhnGXoTOh8K/9LS21jE=,VJnmA4/lSm0LOmYB7iyBuaZQm8g=
5,-2,xyiUI3hFZhnGXoTOh8K/9LS21jE=,VJnmA4/lSm0LOmYB7iyBuaZQm8g=
15,-9,xyiUI3hFZhnGXoTOh8K/9LS21jE=,UtEE8rhDramcYUbDwS7dilE19qA=
12,-7,xyiUI3hFZhnGXoTOh8K/9LS21jE=,scrHtXWuaOPNQqcvTHflAe2lC0M=
6,-2,xyiUI3hFZhnGXoTOh8K/9LS21jE=,VJnmA4/lSm0LOmYB7iyBuaZQm8g=
6,-4,xyiUI3hFZhnGXoTOh8K/9LS21jE=,VJnmA4/lSm0LOmYB7iyBuaZQm8g=
5,-1,xyiUI3hFZhnGXoTOh8K/9LS21jE=,VJnmA4/lSm0LOmYB7iyBuaZQm8g=
5,-3,xyiUI3hFZhnGXoTOh8K/9LS21jE=,VJnmA4/lSm0LOmYB7iyBuaZQm8g=
4,-1,xyiUI3hFZhnGXoTOh8K/9LS21jE=,VJnmA4/lSm0LOmYB7iyBuaZQm8g=
11,-9,xyiUI3hFZhnGXoTOh8K/9LS21jE=,UtEE8rhDramcYUbDwS7dilE19qA=
6,-1,xyiUI3hFZhnGXoTOh8K/9LS21jE=,VJnmA4/lSm0LOmYB7iyBuaZQm8g=
13,-7,xyiUI3hFZhnGXoTOh8K/9LS21jE=,scrHtXWuaOPNQqcvTHflAe2lC0M=
4,-2,xyiUI3hFZhnGXoTOh8K/9LS21jE=,VJnmA4/lSm0LOmYB7iyBuaZQm8g=
11,-1,xyiUI3hFZhnGXoTOh8K/9LS21jE=,scrHtXWuaOPNQqcvTHflAe2lC0M=
5,-4,xyiUI3hFZhnGXoTOh8K/9LS21jE=,VJnmA4/lSm0LOmYB7iyBuaZQm8g=
4,-3,xyiUI3hFZhnGXoTOh8K/9LS21jE=,VJnmA4/lSm0LOmYB7iyBuaZQm8g=
0,-15,xyiUI3hFZhnGXoTOh8K/9LS21jE=,PGPzBKCncyxuz7fB83A5pJoWAwM=
0,-14,xyiUI3hFZhnGXoTOh8K/9LS21jE=,PGPzBKCncyxuz7fB83A5pJoWAwM=
0,-13,xyiUI3hFZhnGXoTOh8K/9LS21jE=,PGPzBKCncyxuz7fB83A5pJoWAwM=
0,-12,xyiUI3hFZhnGXoTOh8K/9LS21jE=,PGPzBKCncyxuz7fB83A5pJoWAwM=
0,-11,xyiUI3hFZhnGXoTOh8K/9LS21jE=,PGPzBKCncyxuz7fB83A5pJoWAwM=
7,-6,xyiUI3hFZhnGXoTOh8K/9LS21jE=,VJnmA4/lSm0LOmYB7iyBuaZQm8g=
4,-16,xyiUI3hFZhnGXoTOh8K/9LS21jE=,PGPzBKCncyxuz7fB83A5pJoWAwM=
0,-16,xyiUI3hFZhnGXoTOh8K/9LS21jE=,PGPzBKCncyxuz7fB83A5pJoWAwM=
7,-10,xyiUI3hFZhnGXoTOh8K/9LS21jE=,PGPzBKCncyxuz7fB83A5pJoWAwM=
4,-4,xyiUI3hFZhnGXoTOh8K/9LS21jE=,VJnmA4/lSm0LOmYB7iyBuaZQm8g=
0,-10,xyiUI3hFZhnGXoTOh8K/9LS21jE=,PGPzBKCncyxuz7fB83A5pJoWAwM=
10,-1,fagBL47zg2u2T2J41yVNLCtLTxA=,scrHtXWuaOPNQqcvTHflAe2lC0M=
15,-10,fagBL47zg2u2T2J41yVNLCtLTxA=,UtEE8rhDramcYUbDwS7dilE19qA=
8,-10,fagBL47zg2u2T2J41yVNLCtLTxA=,UtEE8rhDramcYUbDwS7dilE19qA=
8,-4,fagBL47zg2u2T2J41yVNLCtLTxA=,scrHtXWuaOPNQqcvTHflAe2lC0M=
15,-16,fagBL47zg2u2T2J41yVNLCtLTxA=,UtEE8rhDramcYUbDwS7dilE19qA=
15,-1,fagBL47zg2u2T2J41yVNLCtLTxA=,scrHtXWuaOPNQqcvTHflAe2lC0M=
7,-7,fagBL47zg2u2T2J41yVNLCtLTxA=,VJnmA4/lSm0LOmYB7iyBuaZQm8g=
8,-16,fagBL47zg2u2T2J41yVNLCtLTxA=,UtEE8rhDramcYUbDwS7dilE19qA=
4,-10,fagBL47zg2u2T2J41yVNLCtLTxA=,PGPzBKCncyxuz7fB83A5pJoWAwM=
3,-16,fagBL47zg2u2T2J41yVNLCtLTxA=,PGPzBKCncyxuz7fB83A5pJoWAwM=
0,-8,fagBL47zg2u2T2J41yVNLCtLTxA=,VJnmA4/lSm0LOmYB7iyBuaZQm8g=
9,-1,fagBL47zg2u2T2J41yVNLCtLTxA=,scrHtXWuaOPNQqcvTHflAe2lC0M=
9,-4,fagBL47zg2u2T2J41yVNLCtLTxA=,scrHtXWuaOPNQqcvTHflAe2lC0M=
13,-1,s+w4Ibl7oenCSehdjFreCIiq7tA=,scrHtXWuaOPNQqcvTHflAe2lC0M=
3,-11,s+w4Ibl7oenCSehdjFreCIiq7tA=,PGPzBKCncyxuz7fB83A5pJoWAwM=
2,-16,s+w4Ibl7oenCSehdjFreCIiq7tA=,PGPzBKCncyxuz7fB83A5pJoWAwM=
7,-9,s+w4Ibl7oenCSehdjFreCIiq7tA=,PGPzBKCncyxuz7fB83A5pJoWAwM=
7,-16,s+w4Ibl7oenCSehdjFreCIiq7tA=,PGPzBKCncyxuz7fB83A5pJoWAwM=
10,-8,s+w4Ibl7oenCSehdjFreCIiq7tA=,scrHtXWuaOPNQqcvTHflAe2lC0M=
8,-1,s+w4Ibl7oenCSehdjFreCIiq7tA=,scrHtXWuaOPNQqcvTHflAe2lC0M=
6,-5,s+w4Ibl7oenCSehdjFreCIiq7tA=,VJnmA4/lSm0LOmYB7iyBuaZQm8g=
15,-11,s+w4Ibl7oenCSehdjFreCIiq7tA=,UtEE8rhDramcYUbDwS7dilE19qA=
14,-16,s+w4Ibl7oenCSehdjFreCIiq7tA=,UtEE8rhDramcYUbDwS7dilE19qA=
0,-9,s+w4Ibl7oenCSehdjFreCIiq7tA=,PGPzBKCncyxuz7fB83A5pJoWAwM=
12,-12,s+w4Ibl7oenCSehdjFreCIiq7tA=,UtEE8rhDramcYUbDwS7dilE19qA=
0,-1,s+w4Ibl7oenCSehdjFreCIiq7tA=,VJnmA4/lSm0LOmYB7iyBuaZQm8g=
5,-10,s+w4Ibl7oenCSehdjFreCIiq7tA=,PGPzBKCncyxuz7fB83A5pJoWAwM=
13,-14,s+w4Ibl7oenCSehdjFreCIiq7tA=,UtEE8rhDramcYUbDwS7dilE19qA=
11,-5,s+w4Ibl7oenCSehdjFreCIiq7tA=,scrHtXWuaOPNQqcvTHflAe2lC0M=
6,-10,s+w4Ibl7oenCSehdjFreCIiq7tA=,PGPzBKCncyxuz7fB83A5pJoWAwM=
13,-12,s+w4Ibl7oenCSehdjFreCIiq7tA=,UtEE8rhDramcYUbDwS7dilE19qA=
12,-14,s+w4Ibl7oenCSehdjFreCIiq7tA=,UtEE8rhDramcYUbDwS7dilE19qA=
11,-16,s+w4Ibl7oenCSehdjFreCIiq7tA=,UtEE8rhDramcYUbDwS7dilE19qA=
14,-10,s+w4Ibl7oenCSehdjFreCIiq7tA=,UtEE8rhDramcYUbDwS7dilE19qA=
15,-3,s+w4Ibl7oenCSehdjFreCIiq7tA=,scrHtXWuaOPNQqcvTHflAe2lC0M=
13,-10,s+w4Ibl7oenCSehdjFreCIiq7tA=,UtEE8rhDramcYUbDwS7dilE19qA=
1,-1,s+w4Ibl7oenCSehdjFreCIiq7tA=,VJnmA4/lSm0LOmYB7iyBuaZQm8g=
14,-1,s+w4Ibl7oenCSehdjFreCIiq7tA=,scrHtXWuaOPNQqcvTHflAe2lC0M=
14,-3,s+w4Ibl7oenCSehdjFreCIiq7tA=,scrHtXWuaOPNQqcvTHflAe2lC0M=
15,-2,s+w4Ibl7oenCSehdjFreCIiq7tA=,scrHtXWuaOPNQqcvTHflAe2lC0M=
5,-16,s+w4Ibl7oenCSehdjFreCIiq7tA=,PGPzBKCncyxuz7fB83A5pJoWAwM=
12,-3,s+w4Ibl7oenCSehdjFreCIiq7tA=,scrHtXWuaOPNQqcvTHflAe2lC0M=
6,-16,s+w4Ibl7oenCSehdjFreCIiq7tA=,PGPzBKCncyxuz7fB83A5pJoWAwM=
12,-2,s+w4Ibl7oenCSehdjFreCIiq7tA=,scrHtXWuaOPNQqcvTHflAe2lC0M=
5,-14,s+w4Ibl7oenCSehdjFreCIiq7tA=,PGPzBKCncyxuz7fB83A5pJoWAwM=
13,-2,s+w4Ibl7oenCSehdjFreCIiq7tA=,scrHtXWuaOPNQqcvTHflAe2lC0M=
13,-3,s+w4Ibl7oenCSehdjFreCIiq7tA=,scrHtXWuaOPNQqcvTHflAe2lC0M=
14,-2,s+w4Ibl7oenCSehdjFreCIiq7tA=,scrHtXWuaOPNQqcvTHflAe2lC0M=
5,-13,s+w4Ibl7oenCSehdjFreCIiq7tA=,PGPzBKCncyxuz7fB83A5pJoWAwM=
5,-15,s+w4Ibl7oenCSehdjFreCIiq7tA=,PGPzBKCncyxuz7fB83A5pJoWAwM=
12,-1,jEzKrLwzYSE3crcK70Gr/5mBJwY=,scrHtXWuaOPNQqcvTHflAe2lC0M=
4,-9,jEzKrLwzYSE3crcK70Gr/5mBJwY=,PGPzBKCncyxuz7fB83A5pJoWAwM=
6,-13,jEzKrLwzYSE3crcK70Gr/5mBJwY=,PGPzBKCncyxuz7fB83A5pJoWAwM=
5,-9,jEzKrLwzYSE3crcK70Gr/5mBJwY=,PGPzBKCncyxuz7fB83A5pJoWAwM=
10,-16,jEzKrLwzYSE3crcK70Gr/5mBJwY=,UtEE8rhDramcYUbDwS7dilE19qA=
7,-15,jEzKrLwzYSE3crcK70Gr/5mBJwY=,PGPzBKCncyxuz7fB83A5pJoWAwM=
6,-9,jEzKrLwzYSE3crcK70Gr/5mBJwY=,PGPzBKCncyxuz7fB83A5pJoWAwM=
0,-2,jEzKrLwzYSE3crcK70Gr/5mBJwY=,VJnmA4/lSm0LOmYB7iyBuaZQm8g=
6,-15,jEzKrLwzYSE3crcK70Gr/5mBJwY=,PGPzBKCncyxuz7fB83A5pJoWAwM=
6,-14,jEzKrLwzYSE3crcK70Gr/5mBJwY=,PGPzBKCncyxuz7fB83A5pJoWAwM=
7,-14,jEzKrLwzYSE3crcK70Gr/5mBJwY=,PGPzBKCncyxuz7fB83A5pJoWAwM=
8,-12,jEzKrLwzYSE3crcK70Gr/5mBJwY=,UtEE8rhDramcYUbDwS7dilE19qA=
8,-5,jEzKrLwzYSE3crcK70Gr/5mBJwY=,scrHtXWuaOPNQqcvTHflAe2lC0M=
11,-6,jEzKrLwzYSE3crcK70Gr/5mBJwY=,scrHtXWuaOPNQqcvTHflAe2lC0M=
9,-5,jEzKrLwzYSE3crcK70Gr/5mBJwY=,scrHtXWuaOPNQqcvTHflAe2lC0M=
9,-6,jEzKrLwzYSE3crcK70Gr/5mBJwY=,scrHtXWuaOPNQqcvTHflAe2lC0M=
11,-7,jEzKrLwzYSE3crcK70Gr/5mBJwY=,scrHtXWuaOPNQqcvTHflAe2lC0M=
8,-6,2Oo0skFKpl/3fl2sOjoS9Adk2Z0=,scrHtXWuaOPNQqcvTHflAe2lC0M=
10,-11,2Oo0skFKpl/3fl2sOjoS9Adk2Z0=,UtEE8rhDramcYUbDwS7dilE19qA=
10,-3,t1tLRNoxgvDx420LtELej91+dYQ=,scrHtXWuaOPNQqcvTHflAe2lC0M=
8,-11,t1tLRNoxgvDx420LtELej91+dYQ=,UtEE8rhDramcYUbDwS7dilE19qA=
11,-12,t1tLRNoxgvDx420LtELej91+dYQ=,UtEE8rhDramcYUbDwS7dilE19qA=
10,-6,t1tLRNoxgvDx420LtELej91+dYQ=,scrHtXWuaOPNQqcvTHflAe2lC0M=
10,-12,t1tLRNoxgvDx420LtELej91+dYQ=,UtEE8rhDramcYUbDwS7dilE19qA=
11,-11,t1tLRNoxgvDx420LtELej91+dYQ=,UtEE8rhDramcYUbDwS7dilE19qA=
8,-3,t1tLRNoxgvDx420LtELej91+dYQ=,scrHtXWuaOPNQqcvTHflAe2lC0M=
11,-3,t1tLRNoxgvDx420LtELej91+dYQ=,scrHtXWuaOPNQqcvTHflAe2lC0M=
9,-3,t1tLRNoxgvDx420LtELej91+dYQ=,scrHtXWuaOPNQqcvTHflAe2lC0M=
10,-4,t1tLRNoxgvDx420LtELej91+dYQ=,scrHtXWuaOPNQqcvTHflAe2lC0M=
9,-12,t1tLRNoxgvDx420LtELej91+dYQ=,UtEE8rhDramcYUbDwS7dilE19qA=
8,-8,t1tLRNoxgvDx420LtELej91+dYQ=,scrHtXWuaOPNQqcvTHflAe2lC0M=
9,-16,t1tLRNoxgvDx420LtELej91+dYQ=,UtEE8rhDramcYUbDwS7dilE19qA=
9,-11,t1tLRNoxgvDx420LtELej91+dYQ=,UtEE8rhDramcYUbDwS7dilE19qA=
9,-2,t1tLRNoxgvDx420LtELej91+dYQ=,scrHtXWuaOPNQqcvTHflAe2lC0M=
8,-7,t1tLRNoxgvDx420LtELej91+dYQ=,scrHtXWuaOPNQqcvTHflAe2lC0M=
10,-2,t1tLRNoxgvDx420LtELej91+dYQ=,scrHtXWuaOPNQqcvTHflAe2lC0M=
11,-2,t1tLRNoxgvDx420LtELej91+dYQ=,scrHtXWuaOPNQqcvTHflAe2lC0M=
11,-4,t1tLRNoxgvDx420LtELej91+dYQ=,scrHtXWuaOPNQqcvTHflAe2lC0M=
9,-7,t1tLRNoxgvDx420LtELej91+dYQ=,scrHtXWuaOPNQqcvTHflAe2lC0M=
8,-2,t1tLRNoxgvDx420LtELej91+dYQ=,scrHtXWuaOPNQqcvTHflAe2lC0M=
0,-3,t1tLRNoxgvDx420LtELej91+dYQ=,VJnmA4/lSm0LOmYB7iyBuaZQm8g=
5,-5,t1tLRNoxgvDx420LtELej91+dYQ=,VJnmA4/lSm0LOmYB7iyBuaZQm8g=
4,-7,t1tLRNoxgvDx420LtELej91+dYQ=,VJnmA4/lSm0LOmYB7iyBuaZQm8g=
5,-7,t1tLRNoxgvDx420LtELej91+dYQ=,VJnmA4/lSm0LOmYB7iyBuaZQm8g=
5,-6,t1tLRNoxgvDx420LtELej91+dYQ=,VJnmA4/lSm0LOmYB7iyBuaZQm8g=
6,-6,t1tLRNoxgvDx420LtELej91+dYQ=,VJnmA4/lSm0LOmYB7iyBuaZQm8g=
6,-7,t1tLRNoxgvDx420LtELej91+dYQ=,VJnmA4/lSm0LOmYB7iyBuaZQm8g=
4,-6,t1tLRNoxgvDx420LtELej91+dYQ=,VJnmA4/lSm0LOmYB7iyBuaZQm8g=
11,-15,t1tLRNoxgvDx420LtELej91+dYQ=,UtEE8rhDramcYUbDwS7dilE19qA=
4,-5,t1tLRNoxgvDx420LtELej91+dYQ=,VJnmA4/lSm0LOmYB7iyBuaZQm8g=
6,-8,t1tLRNoxgvDx420LtELej91+dYQ=,VJnmA4/lSm0LOmYB7iyBuaZQm8g=
12,-8,t1tLRNoxgvDx420LtELej91+dYQ=,scrHtXWuaOPNQqcvTHflAe2lC0M=
5,-8,t1tLRNoxgvDx420LtELej91+dYQ=,VJnmA4/lSm0LOmYB7iyBuaZQm8g=
7,-13,t1tLRNoxgvDx420LtELej91+dYQ=,PGPzBKCncyxuz7fB83A5pJoWAwM=
11,-10,t1tLRNoxgvDx420LtELej91+dYQ=,UtEE8rhDramcYUbDwS7dilE19qA=
10,-10,t1tLRNoxgvDx420LtELej91+dYQ=,UtEE8rhDramcYUbDwS7dilE19qA=
4,-8,t1tLRNoxgvDx420LtELej91+dYQ=,VJnmA4/lSm0LOmYB7iyBuaZQm8g=
12,-10,t1tLRNoxgvDx420LtELej91+dYQ=,UtEE8rhDramcYUbDwS7dilE19qA=
12,-15,t1tLRNoxgvDx420LtELej91+dYQ=,UtEE8rhDramcYUbDwS7dilE19qA=
9,-10,t1tLRNoxgvDx420LtELej91+dYQ=,UtEE8rhDramcYUbDwS7dilE19qA=
9,-8,t1tLRNoxgvDx420LtELej91+dYQ=,scrHtXWuaOPNQqcvTHflAe2lC0M=
10,-15,t1tLRNoxgvDx420LtELej91+dYQ=,UtEE8rhDramcYUbDwS7dilE19qA=
14,-9,t1tLRNoxgvDx420LtELej91+dYQ=,UtEE8rhDramcYUbDwS7dilE19qA=
0,-4,t1tLRNoxgvDx420LtELej91+dYQ=,VJnmA4/lSm0LOmYB7iyBuaZQm8g=
12,-9,t1tLRNoxgvDx420LtELej91+dYQ=,UtEE8rhDramcYUbDwS7dilE19qA=
15,-12,t1tLRNoxgvDx420LtELej91+dYQ=,UtEE8rhDramcYUbDwS7dilE19qA=
13,-9,t1tLRNoxgvDx420LtELej91+dYQ=,UtEE8rhDramcYUbDwS7dilE19qA=
13,-11,t1tLRNoxgvDx420LtELej91+dYQ=,UtEE8rhDramcYUbDwS7dilE19qA=
13,-16,t1tLRNoxgvDx420LtELej91+dYQ=,UtEE8rhDramcYUbDwS7dilE19qA=
14,-12,t1tLRNoxgvDx420LtELej91+dYQ=,UtEE8rhDramcYUbDwS7dilE19qA=
14,-11,t1tLRNoxgvDx420LtELej91+dYQ=,UtEE8rhDramcYUbDwS7dilE19qA=
9,-15,t1tLRNoxgvDx420LtELej91+dYQ=,UtEE8rhDramcYUbDwS7dilE19qA=
12,-11,t1tLRNoxgvDx420LtELej91+dYQ=,UtEE8rhDramcYUbDwS7dilE19qA=
12,-16,t1tLRNoxgvDx420LtELej91+dYQ=,UtEE8rhDramcYUbDwS7dilE19qA=
15,-15,t1tLRNoxgvDx420LtELej91+dYQ=,UtEE8rhDramcYUbDwS7dilE19qA=
3,-2,t1tLRNoxgvDx420LtELej91+dYQ=,VJnmA4/lSm0LOmYB7iyBuaZQm8g=
15,-13,t1tLRNoxgvDx420LtELej91+dYQ=,UtEE8rhDramcYUbDwS7dilE19qA=
15,-14,t1tLRNoxgvDx420LtELej91+dYQ=,UtEE8rhDramcYUbDwS7dilE19qA=
14,-13,t1tLRNoxgvDx420LtELej91+dYQ=,UtEE8rhDramcYUbDwS7dilE19qA=
14,-15,t1tLRNoxgvDx420LtELej91+dYQ=,UtEE8rhDramcYUbDwS7dilE19qA=
12,-13,t1tLRNoxgvDx420LtELej91+dYQ=,UtEE8rhDramcYUbDwS7dilE19qA=
14,-14,t1tLRNoxgvDx420LtELej91+dYQ=,UtEE8rhDramcYUbDwS7dilE19qA=
0,-5,t1tLRNoxgvDx420LtELej91+dYQ=,VJnmA4/lSm0LOmYB7iyBuaZQm8g=
13,-15,t1tLRNoxgvDx420LtELej91+dYQ=,UtEE8rhDramcYUbDwS7dilE19qA=
1,-5,t1tLRNoxgvDx420LtELej91+dYQ=,VJnmA4/lSm0LOmYB7iyBuaZQm8g=
8,-15,t1tLRNoxgvDx420LtELej91+dYQ=,UtEE8rhDramcYUbDwS7dilE19qA=
3,-6,t1tLRNoxgvDx420LtELej91+dYQ=,VJnmA4/lSm0LOmYB7iyBuaZQm8g=
13,-13,t1tLRNoxgvDx420LtELej91+dYQ=,UtEE8rhDramcYUbDwS7dilE19qA=
3,-5,t1tLRNoxgvDx420LtELej91+dYQ=,VJnmA4/lSm0LOmYB7iyBuaZQm8g=
1,-7,t1tLRNoxgvDx420LtELej91+dYQ=,VJnmA4/lSm0LOmYB7iyBuaZQm8g=
3,-8,t1tLRNoxgvDx420LtELej91+dYQ=,VJnmA4/lSm0LOmYB7iyBuaZQm8g=
2,-7,t1tLRNoxgvDx420LtELej91+dYQ=,VJnmA4/lSm0LOmYB7iyBuaZQm8g=
0,-6,t1tLRNoxgvDx420LtELej91+dYQ=,VJnmA4/lSm0LOmYB7iyBuaZQm8g=
1,-9,t1tLRNoxgvDx420LtELej91+dYQ=,PGPzBKCncyxuz7fB83A5pJoWAwM=
1,-8,t1tLRNoxgvDx420LtELej91+dYQ=,VJnmA4/lSm0LOmYB7iyBuaZQm8g=
2,-9,t1tLRNoxgvDx420LtELej91+dYQ=,PGPzBKCncyxuz7fB83A5pJoWAwM=
1,-10,t1tLRNoxgvDx420LtELej91+dYQ=,PGPzBKCncyxuz7fB83A5pJoWAwM=
1,-6,t1tLRNoxgvDx420LtELej91+dYQ=,VJnmA4/lSm0LOmYB7iyBuaZQm8g=
2,-10,t1tLRNoxgvDx420LtELej91+dYQ=,PGPzBKCncyxuz7fB83A5pJoWAwM=
2,-8,t1tLRNoxgvDx420LtELej91+dYQ=,VJnmA4/lSm0LOmYB7iyBuaZQm8g=
3,-9,t1tLRNoxgvDx420LtELej91+dYQ=,PGPzBKCncyxuz7fB83A5pJoWAwM=
1,-16,t1tLRNoxgvDx420LtELej91+dYQ=,PGPzBKCncyxuz7fB83A5pJoWAwM=
3,-10,t1tLRNoxgvDx420LtELej91+dYQ=,PGPzBKCncyxuz7fB83A5pJoWAwM=
3,-7,t1tLRNoxgvDx420LtELej91+dYQ=,VJnmA4/lSm0LOmYB7iyBuaZQm8g=
0,-7,t1tLRNoxgvDx420LtELej91+dYQ=,VJnmA4/lSm0LOmYB7iyBuaZQm8g=
2,-6,t1tLRNoxgvDx420LtELej91+dYQ=,VJnmA4/lSm0LOmYB7iyBuaZQm8g=
2,-5,t1tLRNoxgvDx420LtELej91+dYQ=,VJnmA4/lSm0LOmYB7iyBuaZQm8g=
2,-2,t1tLRNoxgvDx420LtELej91+dYQ=,VJnmA4/lSm0LOmYB7iyBuaZQm8g=
11,-13,t1tLRNoxgvDx420LtELej91+dYQ=,UtEE8rhDramcYUbDwS7dilE19qA=
10,-14,t1tLRNoxgvDx420LtELej91+dYQ=,UtEE8rhDramcYUbDwS7dilE19qA=
8,-13,t1tLRNoxgvDx420LtELej91+dYQ=,UtEE8rhDramcYUbDwS7dilE19qA=
8,-14,t1tLRNoxgvDx420LtELej91+dYQ=,UtEE8rhDramcYUbDwS7dilE19qA=
9,-14,t1tLRNoxgvDx420LtELej91+dYQ=,UtEE8rhDramcYUbDwS7dilE19qA=
2,-4,t1tLRNoxgvDx420LtELej91+dYQ=,VJnmA4/lSm0LOmYB7iyBuaZQm8g=
1,-4,t1tLRNoxgvDx420LtELej91+dYQ=,VJnmA4/lSm0LOmYB7iyBuaZQm8g=
10,-13,t1tLRNoxgvDx420LtELej91+dYQ=,UtEE8rhDramcYUbDwS7dilE19qA=
3,-1,t1tLRNoxgvDx420LtELej91+dYQ=,VJnmA4/lSm0LOmYB7iyBuaZQm8g=
9,-13,t1tLRNoxgvDx420LtELej91+dYQ=,UtEE8rhDramcYUbDwS7dilE19qA=
2,-1,t1tLRNoxgvDx420LtELej91+dYQ=,VJnmA4/lSm0LOmYB7iyBuaZQm8g=
11,-14,t1tLRNoxgvDx420LtELej91+dYQ=,UtEE8rhDramcYUbDwS7dilE19qA=
3,-3,t1tLRNoxgvDx420LtELej91+dYQ=,VJnmA4/lSm0LOmYB7iyBuaZQm8g=
1,-3,t1tLRNoxgvDx420LtELej91+dYQ=,VJnmA4/lSm0LOmYB7iyBuaZQm8g=
1,-2,t1tLRNoxgvDx420LtELej91+dYQ=,VJnmA4/lSm0LOmYB7iyBuaZQm8g=
2,-3,t1tLRNoxgvDx420LtELej91+dYQ=,VJnmA4/lSm0LOmYB7iyBuaZQm8g=
3,-4,t1tLRNoxgvDx420LtELej91+dYQ=,VJnmA4/lSm0LOmYB7iyBuaZQm8g=
