7,33,rBi3sHTpwZ40YP7J+jfTp3Gu7Z8=,0t1qjGjFQUnnAuHlkdINr12TR8I=
4,32,rBi3sHTpwZ40YP7J+jfTp3Gu7Z8=,0t1qjGjFQUnnAuHlkdINr12TR8I=
6,33,rBi3sHTpwZ40YP7J+jfTp3Gu7Z8=,0t1qjGjFQUnnAuHlkdINr12TR8I=
5,33,rBi3sHTpwZ40YP7J+jfTp3Gu7Z8=,0t1qjGjFQUnnAuHlkdINr12TR8I=
4,37,rBi3sHTpwZ40YP7J+jfTp3Gu7Z8=,0t1qjGjFQUnnAuHlkdINr12TR8I=
3,32,rBi3sHTpwZ40YP7J+jfTp3Gu7Z8=,0t1qjGjFQUnnAuHlkdINr12TR8I=
5,36,rBi3sHTpwZ40YP7J+jfTp3Gu7Z8=,0t1qjGjFQUnnAuHlkdINr12TR8I=
5,35,rBi3sHTpwZ40YP7J+jfTp3Gu7Z8=,0t1qjGjFQUnnAuHlkdINr12TR8I=
6,34,rBi3sHTpwZ40YP7J+jfTp3Gu7Z8=,0t1qjGjFQUnnAuHlkdINr12TR8I=
5,37,rBi3sHTpwZ40YP7J+jfTp3Gu7Z8=,0t1qjGjFQUnnAuHlkdINr12TR8I=
6,37,rBi3sHTpwZ40YP7J+jfTp3Gu7Z8=,0t1qjGjFQUnnAuHlkdINr12TR8I=
1,33,rBi3sHTpwZ40YP7J+jfTp3Gu7Z8=,0t1qjGjFQUnnAuHlkdINr12TR8I=
5,34,rBi3sHTpwZ40YP7J+jfTp3Gu7Z8=,0t1qjGjFQUnnAuHlkdINr12TR8I=
7,37,rBi3sHTpwZ40YP7J+jfTp3Gu7Z8=,0t1qjGjFQUnnAuHlkdINr12TR8I=
3,37,rBi3sHTpwZ40YP7J+jfTp3Gu7Z8=,0t1qjGjFQUnnAuHlkdINr12TR8I=
7,34,rBi3sHTpwZ40YP7J+jfTp3Gu7Z8=,0t1qjGjFQUnnAuHlkdINr12TR8I=
3,36,rBi3sHTpwZ40YP7J+jfTp3Gu7Z8=,0t1qjGjFQUnnAuHlkdINr12TR8I=
4,36,rBi3sHTpwZ40YP7J+jfTp3Gu7Z8=,0t1qjGjFQUnnAuHlkdINr12TR8I=
0,38,rBi3sHTpwZ40YP7J+jfTp3Gu7Z8=,0t1qjGjFQUnnAuHlkdINr12TR8I=
2,36,rBi3sHTpwZ40YP7J+jfTp3Gu7Z8=,0t1qjGjFQUnnAuHlkdINr12TR8I=
0,33,rBi3sHTpwZ40YP7J+jfTp3Gu7Z8=,0t1qjGjFQUnnAuHlkdINr12TR8I=
1,38,rBi3sHTpwZ40YP7J+jfTp3Gu7Z8=,0t1qjGjFQUnnAuHlkdINr12TR8I=
3,34,rBi3sHTpwZ40YP7J+jfTp3Gu7Z8=,0t1qjGjFQUnnAuHlkdINr12TR8I=
2,32,rBi3sHTpwZ40YP7J+jfTp3Gu7Z8=,0t1qjGjFQUnnAuHlkdINr12TR8I=
0,34,rBi3sHTpwZ40YP7J+jfTp3Gu7Z8=,0t1qjGjFQUnnAuHlkdINr12TR8I=
4,34,rBi3sHTpwZ40YP7J+jfTp3Gu7Z8=,0t1qjGjFQUnnAuHlkdINr12TR8I=
7,32,rBi3sHTpwZ40YP7J+jfTp3Gu7Z8=,0t1qjGjFQUnnAuHlkdINr12TR8I=
1,32,rBi3sHTpwZ40YP7J+jfTp3Gu7Z8=,0t1qjGjFQUnnAuHlkdINr12TR8I=
4,35,rBi3sHTpwZ40YP7J+jfTp3Gu7Z8=,0t1qjGjFQUnnAuHlkdINr12TR8I=
1,34,rBi3sHTpwZ40YP7J+jfTp3Gu7Z8=,0t1qjGjFQUnnAuHlkdINr12TR8I=
6,35,rBi3sHTpwZ40YP7J+jfTp3Gu7Z8=,0t1qjGjFQUnnAuHlkdINr12TR8I=
1,37,rBi3sHTpwZ40YP7J+jfTp3Gu7Z8=,0t1qjGjFQUnnAuHlkdINr12TR8I=
1,35,rBi3sHTpwZ40YP7J+jfTp3Gu7Z8=,0t1qjGjFQUnnAuHlkdINr12TR8I=
2,35,rBi3sHTpwZ40YP7J+jfTp3Gu7Z8=,0t1qjGjFQUnnAuHlkdINr12TR8I=
2,37,rBi3sHTpwZ40YP7J+jfTp3Gu7Z8=,0t1qjGjFQUnnAuHlkdINr12TR8I=
0,37,rBi3sHTpwZ40YP7J+jfTp3Gu7Z8=,0t1qjGjFQUnnAuHlkdINr12TR8I=
7,35,rBi3sHTpwZ40YP7J+jfTp3Gu7Z8=,0t1qjGjFQUnnAuHlkdINr12TR8I=
7,39,rBi3sHTpwZ40YP7J+jfTp3Gu7Z8=,0t1qjGjFQUnnAuHlkdINr12TR8I=
0,35,rBi3sHTpwZ40YP7J+jfTp3Gu7Z8=,0t1qjGjFQUnnAuHlkdINr12TR8I=
3,35,rBi3sHTpwZ40YP7J+jfTp3Gu7Z8=,0t1qjGjFQUnnAuHlkdINr12TR8I=
2,38,rBi3sHTpwZ40YP7J+jfTp3Gu7Z8=,0t1qjGjFQUnnAuHlkdINr12TR8I=
6,39,rBi3sHTpwZ40YP7J+jfTp3Gu7Z8=,0t1qjGjFQUnnAuHlkdINr12TR8I=
3,38,rBi3sHTpwZ40YP7J+jfTp3Gu7Z8=,0t1qjGjFQUnnAuHlkdINr12TR8I=
5,39,rBi3sHTpwZ40YP7J+jfTp3Gu7Z8=,0t1qjGjFQUnnAuHlkdINr12TR8I=
6,36,rBi3sHTpwZ40YP7J+jfTp3Gu7Z8=,0t1qjGjFQUnnAuHlkdINr12TR8I=
6,32,rBi3sHTpwZ40YP7J+jfTp3Gu7Z8=,0t1qjGjFQUnnAuHlkdINr12TR8I=
3,39,rBi3sHTpwZ40YP7J+jfTp3Gu7Z8=,0t1qjGjFQUnnAuHlkdINr12TR8I=
4,39,rBi3sHTpwZ40YP7J+jfTp3Gu7Z8=,0t1qjGjFQUnnAuHlkdINr12TR8I=
2,34,rBi3sHTpwZ40YP7J+jfTp3Gu7Z8=,0t1qjGjFQUnnAuHlkdINr12TR8I=
1,39,rBi3sHTpwZ40YP7J+jfTp3Gu7Z8=,0t1qjGjFQUnnAuHlkdINr12TR8I=
4,38,rBi3sHTpwZ40YP7J+jfTp3Gu7Z8=,0t1qjGjFQUnnAuHlkdINr12TR8I=
2,39,rBi3sHTpwZ40YP7J+jfTp3Gu7Z8=,0t1qjGjFQUnnAuHlkdINr12TR8I=
7,38,rBi3sHTpwZ40YP7J+jfTp3Gu7Z8=,0t1qjGjFQUnnAuHlkdINr12TR8I=
7,36,rBi3sHTpwZ40YP7J+jfTp3Gu7Z8=,0t1qjGjFQUnnAuHlkdINr12TR8I=
1,36,rBi3sHTpwZ40YP7J+jfTp3Gu7Z8=,0t1qjGjFQUnnAuHlkdINr12TR8I=
5,32,rBi3sHTpwZ40YP7J+jfTp3Gu7Z8=,0t1qjGjFQUnnAuHlkdINr12TR8I=
6,38,rBi3sHTpwZ40YP7J+jfTp3Gu7Z8=,0t1qjGjFQUnnAuHlkdINr12TR8I=
0,32,rBi3sHTpwZ40YP7J+jfTp3Gu7Z8=,0t1qjGjFQUnnAuHlkdINr12TR8I=
0,39,rBi3sHTpwZ40YP7J+jfTp3Gu7Z8=,0t1qjGjFQUnnAuHlkdINr12TR8I=
4,33,rBi3sHTpwZ40YP7J+jfTp3Gu7Z8=,0t1qjGjFQUnnAuHlkdINr12TR8I=
0,36,rBi3sHTpwZ40YP7J+jfTp3Gu7Z8=,0t1qjGjFQUnnAuHlkdINr12TR8I=
3,33,rBi3sHTpwZ40YP7J+jfTp3Gu7Z8=,0t1qjGjFQUnnAuHlkdINr12TR8I=
2,33,rBi3sHTpwZ40YP7J+jfTp3Gu7Z8=,0t1qjGjFQUnnAuHlkdINr12TR8I=
5,38,rBi3sHTpwZ40YP7J+jfTp3Gu7Z8=,0t1qjGjFQUnnAuHlkdINr12TR8I=
